case_id,days,miles,receipts,expected,mpd,receipt_bucket,receipt_cents
0,3,93.0,1.42,364.51,31.0,0-10,42
1,1,55.0,3.6,126.06,55.0,0-10,60
2,1,47.0,17.97,128.91,47.0,10-50,97
3,2,13.0,4.67,203.52,6.5,0-10,67
4,3,88.0,5.78,380.37,29.333333333333332,0-10,78
5,1,76.0,13.74,158.35,76.0,10-50,74
6,3,41.0,4.52,320.12,13.666666666666666,0-10,51
7,1,140.0,22.71,199.68,140.0,10-50,71
8,3,121.0,21.17,464.07,40.333333333333336,10-50,17
9,3,117.0,21.99,359.1,39.0,10-50,99
10,2,202.0,21.24,356.17,101.0,10-50,24
11,3,80.0,21.05,366.87,26.666666666666668,10-50,5
12,2,21.0,20.04,204.58,10.5,10-50,4
13,3,177.0,18.73,430.86,59.0,10-50,73
14,1,141.0,10.15,195.14,141.0,10-50,15
15,1,58.0,5.86,117.24,58.0,0-10,86
16,1,133.0,8.34,179.06,133.0,0-10,34
17,1,59.0,8.31,120.65,59.0,0-10,31
18,2,89.0,13.85,234.2,44.5,10-50,85
19,2,147.0,17.43,325.56,73.5,10-50,43
20,5,130.0,306.9,574.1,26.0,200-500,89
21,5,173.0,1337.9,1443.96,34.6,1000-2000,90
22,5,592.0,433.75,869.0,118.4,200-500,75
23,5,679.0,476.08,1030.41,135.8,200-500,8
24,5,708.0,1129.52,1654.62,141.6,1000-2000,52
25,5,261.0,464.94,621.12,52.2,200-500,94
26,5,794.0,511.0,1139.94,158.8,500-1000,0
27,5,521.0,1448.55,1624.01,104.2,1000-2000,55
28,5,595.0,863.93,1231.67,119.0,500-1000,93
29,5,811.0,952.39,1608.6,162.2,500-1000,39
30,5,477.0,704.42,1045.96,95.4,500-1000,42
31,5,730.0,485.73,991.49,146.0,200-500,73
32,5,262.0,1173.79,1485.59,52.4,1000-2000,79
33,5,446.0,219.98,788.62,89.2,200-500,98
34,5,751.0,407.43,1063.46,150.2,200-500,43
35,5,324.0,128.94,686.54,64.8,100-200,94
36,5,414.0,967.0,1368.94,82.8,500-1000,0
37,5,367.0,290.78,742.25,73.4,200-500,77
38,5,764.0,848.75,1468.46,152.8,500-1000,75
39,5,249.0,873.75,1185.24,49.8,500-1000,75
40,8,862.0,1817.85,1719.37,107.75,1000-2000,85
41,11,927.0,1994.33,1779.12,84.27272727272727,1000-2000,33
42,9,602.0,186.69,1085.4,66.88888888888889,100-200,69
43,8,610.0,208.29,841.27,76.25,200-500,29
44,12,333.0,1103.21,1618.13,27.75,1000-2000,21
45,8,435.0,1129.65,1525.26,54.375,1000-2000,65
46,9,218.0,1203.45,1561.63,24.22222222222222,1000-2000,45
47,12,781.0,1159.18,1752.72,65.08333333333333,1000-2000,18
48,11,916.0,1036.91,2098.07,83.27272727272727,1000-2000,91
49,10,358.0,2066.62,1624.11,35.8,2000+,62
50,12,566.0,2013.7,1752.03,47.166666666666664,2000+,70
51,9,954.0,1483.39,2024.2,106.0,1000-2000,39
52,9,534.0,1929.94,1624.87,59.333333333333336,1000-2000,94
53,12,765.0,1343.97,1953.03,63.75,1000-2000,97
54,8,630.0,967.69,1388.05,78.75,500-1000,69
55,10,909.0,696.0,1505.19,90.9,500-1000,0
56,10,223.0,745.89,1037.45,22.3,500-1000,89
57,8,467.0,1178.71,1483.33,58.375,1000-2000,71
58,9,708.0,461.07,1110.6,78.66666666666667,200-500,7
59,9,885.0,1764.97,1694.37,98.33333333333333,1000-2000,97
60,6,855.0,591.35,1339.72,142.5,500-1000,35
61,2,993.0,54.24,715.19,496.5,50-100,24
62,5,685.0,747.14,1216.36,137.0,500-1000,14
63,3,981.0,341.45,813.95,327.0,200-500,45
64,5,770.0,873.33,1502.49,154.0,500-1000,33
65,6,697.0,651.64,1237.71,116.16666666666667,500-1000,64
66,3,795.0,450.85,743.94,265.0,200-500,85
67,3,606.0,1184.23,1364.54,202.0,1000-2000,23
68,3,842.0,865.37,1251.14,280.6666666666667,500-1000,37
69,7,748.0,241.73,971.31,106.85714285714286,200-500,73
70,7,624.0,148.16,905.79,89.14285714285714,100-200,16
71,2,713.0,740.33,1048.28,356.5,500-1000,33
72,3,874.0,1191.4,1515.99,291.3333333333333,1000-2000,40
73,6,761.0,530.19,1120.1,126.83333333333333,500-1000,19
74,1,815.0,97.89,539.36,815.0,50-100,89
75,1,601.0,497.7,644.12,601.0,200-500,70
76,7,817.0,1127.87,1809.91,116.71428571428571,1000-2000,86
77,1,606.0,923.0,1050.05,606.0,500-1000,0
78,1,909.0,741.82,866.07,909.0,500-1000,82
79,3,624.0,1160.92,1459.34,208.0,1000-2000,92
80,4,650.0,619.49,676.38,162.5,500-1000,49
81,6,204.0,818.99,628.4,34.0,500-1000,99
82,1,263.0,396.49,198.42,263.0,200-500,49
83,1,451.0,555.49,162.18,451.0,500-1000,49
84,10,424.0,474.99,831.96,42.4,200-500,99
85,2,565.0,389.49,415.96,282.5,200-500,49
86,9,397.0,348.49,913.29,44.111111111111114,200-500,49
87,1,532.0,413.99,355.57,532.0,200-500,99
88,2,384.0,495.49,290.36,192.0,200-500,49
89,5,754.0,489.99,765.13,150.8,200-500,99
90,1,344.46,813.85,707.88,344.46,500-1000,85
91,3,906.3,540.03,848.42,302.09999999999997,500-1000,3
92,3,1007.56,187.52,764.64,335.8533333333333,100-200,52
93,1,359.62,221.15,255.57,359.62,200-500,15
94,1,362.79,749.19,636.51,362.79,500-1000,19
95,1,288.72,159.26,303.94,288.72,100-200,26
96,2,782.17,830.72,1165.44,391.085,500-1000,72
97,2,623.18,347.54,625.15,311.59,200-500,54
98,3,1061.15,388.5,693.36,353.7166666666667,200-500,50
99,1,252.75,285.5,331.74,252.75,200-500,50
100,3,1020.39,250.62,779.08,340.13,200-500,62
101,1,257.97,816.81,738.01,257.97,500-1000,81
102,3,1025.03,592.55,992.4,341.6766666666667,500-1000,54
103,2,794.32,402.31,671.06,397.16,200-500,31
104,1,276.85,485.54,361.66,276.85,200-500,54
105,2,851.68,473.96,650.68,425.84,200-500,96
106,3,859.12,611.07,960.47,286.37333333333333,500-1000,7
107,3,1317.07,476.87,787.42,439.0233333333333,200-500,87
108,1,388.1,827.37,741.46,388.1,500-1000,37
109,1,264.39,758.27,636.19,264.39,500-1000,27
110,5,198.21,594.83,807.48,39.642,500-1000,83
111,6,72.85,457.75,666.59,12.141666666666666,200-500,75
112,8,297.64,481.09,835.08,37.205,200-500,9
113,7,237.33,1262.27,1452.17,33.90428571428571,1000-2000,27
114,5,195.73,1228.49,511.23,39.146,1000-2000,49
115,8,276.28,1179.9,1522.6,34.535,1000-2000,90
116,8,302.24,1046.04,1353.77,37.78,1000-2000,4
117,8,266.87,252.08,880.41,33.35875,200-500,8
118,9,310.69,239.64,828.16,34.52111111111111,200-500,64
119,6,222.08,709.07,1031.34,37.013333333333335,500-1000,7
120,8,264.94,720.67,1019.85,33.1175,500-1000,67
121,8,161.15,1230.37,1499.24,20.14375,1000-2000,36
122,9,259.96,554.74,835.54,28.88444444444444,500-1000,74
123,9,97.85,518.56,850.57,10.872222222222222,500-1000,55
124,9,194.34,1054.93,1374.9,21.593333333333334,1000-2000,93
125,9,332.35,374.61,830.45,36.92777777777778,200-500,61
126,5,126.44,696.14,845.35,25.288,500-1000,14
127,5,66.13,848.03,1050.25,13.225999999999999,500-1000,3
128,6,135.34,1144.13,1478.11,22.55666666666667,1000-2000,13
129,6,233.7,346.98,648.57,38.949999999999996,200-500,98
130,9,849.0,1007.41,1785.47,94.33333333333333,1000-2000,41
131,6,806.0,1760.64,1718.76,134.33333333333334,1000-2000,64
132,8,891.0,1194.36,2016.46,111.375,1000-2000,35
133,9,1182.0,1342.24,2164.15,131.33333333333334,1000-2000,24
134,7,1010.0,1514.03,2063.98,144.28571428571428,1000-2000,3
135,8,892.0,1768.53,1902.37,111.5,1000-2000,53
136,6,825.0,1692.73,1817.77,137.5,1000-2000,73
137,8,1118.0,1758.52,1852.47,139.75,1000-2000,52
138,8,1064.0,1756.52,1857.04,133.0,1000-2000,52
139,6,811.0,1252.04,1771.8,135.16666666666666,1000-2000,4
140,7,889.0,1417.96,1826.08,127.0,1000-2000,96
141,9,1012.0,1429.04,1880.76,112.44444444444444,1000-2000,4
142,6,909.0,1332.18,1720.21,151.5,1000-2000,18
143,9,1096.0,1690.22,1894.85,121.77777777777777,1000-2000,22
144,9,913.0,1021.29,1964.86,101.44444444444444,1000-2000,29
145,6,1006.0,1219.71,1803.97,167.66666666666666,1000-2000,71
146,6,907.0,1650.17,1737.86,151.16666666666666,1000-2000,17
147,9,816.0,1171.81,1780.58,90.66666666666667,1000-2000,81
148,7,1006.0,1181.33,2279.82,143.71428571428572,1000-2000,33
149,6,835.0,1404.28,1765.79,139.16666666666666,1000-2000,28
150,12,528.0,2476.41,1662.88,44.0,2000+,41
151,4,69.0,2321.49,322.0,17.25,2000+,48
152,11,1179.0,31.36,1550.55,107.18181818181819,10-50,36
153,13,756.0,954.4,1793.07,58.15384615384615,500-1000,40
154,1,123.0,2076.65,1171.68,123.0,2000+,65
155,3,1162.0,2152.66,1434.71,387.3333333333333,2000+,66
156,1,822.0,2170.53,1374.91,822.0,2000+,53
157,11,558.0,1549.86,1823.47,50.72727272727273,1000-2000,86
158,2,753.0,1111.16,1353.87,376.5,1000-2000,16
159,10,224.0,407.51,794.7,22.4,200-500,51
160,6,383.0,462.79,800.3,63.833333333333336,200-500,79
161,8,1005.0,1391.37,1987.39,125.625,1000-2000,37
162,10,1145.0,311.43,1366.61,114.5,200-500,43
163,5,1004.0,2367.63,1743.85,200.8,2000+,63
164,5,873.0,1402.35,1676.79,174.6,1000-2000,35
165,2,165.0,1813.32,1273.45,82.5,1000-2000,32
166,5,1076.0,190.33,879.65,215.2,100-200,33
167,12,986.0,2390.92,1760.0,82.16666666666667,2000+,92
168,7,948.0,657.17,1578.97,135.42857142857142,500-1000,17
169,3,429.0,2400.13,1411.95,143.0,2000+,13
170,4,362.0,646.43,788.53,90.5,500-1000,42
171,2,622.0,1871.56,1494.23,311.0,1000-2000,56
172,1,140.0,255.99,150.34,140.0,200-500,99
173,8,123.0,612.55,851.24,15.375,500-1000,54
174,4,87.0,2463.92,1413.52,21.75,2000+,92
175,10,164.0,1144.9,1516.43,16.4,1000-2000,90
176,1,989.0,2196.84,1439.17,989.0,2000+,84
177,4,470.0,1968.63,1501.1,117.5,1000-2000,63
178,1,37.0,1397.17,1092.94,37.0,1000-2000,17
179,8,488.0,439.7,1030.13,61.0,200-500,70
180,12,757.0,897.4,1780.07,63.083333333333336,500-1000,40
181,14,958.0,1727.76,2065.16,68.42857142857143,1000-2000,76
182,2,456.0,2390.7,1342.39,228.0,2000+,69
183,5,733.0,41.18,771.83,146.6,10-50,18
184,5,291.0,1279.7,1477.12,58.2,1000-2000,70
185,10,478.0,2091.79,1568.41,47.8,2000+,79
186,8,817.0,1455.73,1847.26,102.125,1000-2000,73
187,6,1043.0,1404.35,1807.42,173.83333333333334,1000-2000,35
188,2,958.0,1855.58,1549.54,479.0,1000-2000,58
189,9,524.0,474.75,935.4,58.22222222222222,200-500,75
190,6,45.0,81.59,522.58,7.5,50-100,59
191,8,342.0,2259.06,1502.02,42.75,2000+,6
192,12,379.0,1897.29,1682.98,31.583333333333332,1000-2000,29
193,6,333.0,1254.68,1585.02,55.5,1000-2000,68
194,2,634.0,1739.81,1490.51,317.0,1000-2000,81
195,5,285.0,974.73,1282.84,57.0,500-1000,73
196,12,33.0,1249.13,1707.38,2.75,1000-2000,13
197,9,118.0,1285.82,1539.77,13.11111111111111,1000-2000,82
198,1,420.0,2273.6,1220.35,420.0,2000+,60
199,11,312.0,2072.39,1586.22,28.363636363636363,2000+,39
200,10,753.0,2054.02,1779.08,75.3,2000+,2
201,5,125.0,96.38,570.99,25.0,50-100,38
202,6,597.0,888.84,1395.65,99.5,500-1000,84
203,12,1065.0,203.2,1408.25,88.75,200-500,20
204,1,214.0,540.03,402.81,214.0,500-1000,3
205,11,886.0,922.66,1852.24,80.54545454545455,500-1000,66
206,10,621.0,978.73,1656.28,62.1,500-1000,73
207,4,1000.0,2355.34,1699.56,250.0,2000+,34
208,13,534.0,1765.96,1881.36,41.07692307692308,1000-2000,96
209,6,475.0,1800.71,1671.23,79.16666666666667,1000-2000,71
210,11,623.0,2265.21,1739.18,56.63636363636363,2000+,21
211,1,620.0,973.91,1112.02,620.0,500-1000,91
212,13,1004.0,1757.75,1960.67,77.23076923076923,1000-2000,75
213,8,962.0,1929.63,1897.19,120.25,1000-2000,63
214,14,516.0,1464.67,1842.1,36.857142857142854,1000-2000,67
215,11,685.0,2272.75,1873.94,62.27272727272727,2000+,75
216,3,307.0,266.21,540.97,102.33333333333333,200-500,20
217,3,375.0,1346.21,1339.93,125.0,1000-2000,21
218,4,1124.0,2177.18,1567.43,281.0,2000+,17
219,3,779.0,2110.9,1520.73,259.6666666666667,2000+,90
220,8,1173.0,671.25,1419.34,146.625,500-1000,25
221,14,47.0,1667.14,1745.18,3.357142857142857,1000-2000,14
222,3,981.0,2008.83,1539.47,327.0,2000+,83
223,5,516.0,1450.67,1547.5,103.2,1000-2000,67
224,6,471.0,332.51,872.19,78.5,200-500,51
225,2,941.0,1565.77,1432.79,470.5,1000-2000,77
226,10,377.0,301.96,837.36,37.7,200-500,95
227,7,273.0,285.83,793.58,39.0,200-500,83
228,1,458.0,834.7,737.28,458.0,500-1000,70
229,11,772.0,932.31,1575.52,70.18181818181819,500-1000,31
230,11,36.0,1541.47,1593.24,3.272727272727273,1000-2000,47
231,12,211.0,1048.29,1579.73,17.583333333333332,1000-2000,29
232,7,987.0,2164.1,1839.67,141.0,2000+,10
233,9,662.0,2275.59,1599.27,73.55555555555556,2000+,59
234,12,96.0,1164.37,1553.21,8.0,1000-2000,36
235,5,569.0,1856.7,1623.81,113.8,1000-2000,70
236,12,128.0,477.17,874.99,10.666666666666666,200-500,17
237,4,886.0,2401.28,1698.0,221.5,2000+,28
238,13,19.0,807.27,1331.53,1.4615384615384615,500-1000,27
239,8,275.0,2347.09,1454.47,34.375,2000+,9
240,9,963.0,588.5,1434.42,107.0,500-1000,50
241,14,1056.0,2489.69,1894.16,75.42857142857143,2000+,69
242,5,728.0,423.16,947.72,145.6,200-500,16
243,4,286.0,1063.49,418.17,71.5,1000-2000,49
244,11,332.0,1352.48,1663.39,30.181818181818183,1000-2000,48
245,12,49.0,1118.38,1494.81,4.083333333333333,1000-2000,38
246,2,18.0,2503.46,1206.95,9.0,2000+,46
247,14,592.0,1268.36,1930.24,42.285714285714285,1000-2000,35
248,3,892.0,171.32,875.39,297.3333333333333,100-200,32
249,11,741.0,1872.39,1847.08,67.36363636363636,1000-2000,39
250,14,807.0,2358.41,1819.41,57.642857142857146,2000+,41
251,5,873.0,1584.53,1796.7,174.6,1000-2000,53
252,3,1159.0,2209.44,1434.84,386.3333333333333,2000+,44
253,11,920.0,1338.65,1871.27,83.63636363636364,1000-2000,65
254,1,388.0,390.7,332.06,388.0,200-500,70
255,9,576.0,1059.79,1547.5,64.0,1000-2000,79
256,9,524.0,2367.12,1640.78,58.22222222222222,2000+,12
257,10,459.0,2183.11,1559.59,45.9,2000+,11
258,4,725.0,588.9,1097.95,181.25,500-1000,90
259,1,992.0,958.87,1222.41,992.0,500-1000,87
260,10,536.0,2194.42,1615.13,53.6,2000+,42
261,11,1126.0,1593.03,2143.74,102.36363636363636,1000-2000,3
262,10,314.0,1098.8,1539.1,31.4,1000-2000,80
263,1,9.0,2246.28,1120.22,9.0,2000+,28
264,11,706.0,1508.23,2030.59,64.18181818181819,1000-2000,23
265,10,976.0,2166.02,1775.03,97.6,2000+,2
266,5,1028.0,653.19,1313.95,205.6,500-1000,19
267,8,1166.0,99.47,1149.07,145.75,50-100,47
268,12,882.0,1958.14,1944.88,73.5,1000-2000,14
269,11,448.0,732.79,1090.35,40.72727272727273,500-1000,79
270,7,623.0,1691.39,1800.86,89.0,1000-2000,39
271,3,127.0,293.49,303.2,42.333333333333336,200-500,49
272,12,218.0,486.02,1005.67,18.166666666666668,200-500,2
273,3,1166.0,530.44,785.59,388.6666666666667,500-1000,44
274,11,17.0,550.58,830.07,1.5454545454545454,500-1000,58
275,9,696.0,1749.97,1649.49,77.33333333333333,1000-2000,97
276,4,305.0,125.79,664.43,76.25,100-200,79
277,12,104.0,1300.05,1779.92,8.666666666666666,1000-2000,5
278,1,303.0,931.53,857.42,303.0,500-1000,53
279,8,1012.0,2390.84,1732.12,126.5,2000+,84
280,9,938.0,2224.29,1913.87,104.22222222222223,2000+,29
281,3,471.0,288.19,535.67,157.0,200-500,19
282,5,72.0,977.67,1156.55,14.4,500-1000,67
283,10,160.0,2272.56,1642.15,16.0,2000+,56
284,10,965.0,1851.28,1805.77,96.5,1000-2000,28
285,3,266.0,2178.16,1447.95,88.66666666666667,2000+,16
286,12,734.0,2491.82,1792.31,61.166666666666664,2000+,82
287,12,64.0,1641.01,1710.72,5.333333333333333,1000-2000,1
288,9,497.0,1845.08,1674.09,55.22222222222222,1000-2000,8
289,3,781.0,1801.38,1586.21,260.3333333333333,1000-2000,38
290,3,158.0,1070.74,1183.16,52.666666666666664,1000-2000,74
291,3,1096.0,200.27,802.96,365.3333333333333,200-500,27
292,11,1116.0,2067.8,1987.44,101.45454545454545,2000+,80
293,10,831.0,39.86,982.64,83.1,10-50,86
294,14,124.0,1064.64,1761.68,8.857142857142858,1000-2000,64
295,4,10.0,1262.73,1261.41,2.5,1000-2000,73
296,5,955.0,106.86,897.78,191.0,100-200,86
297,7,1176.0,2489.13,1921.16,168.0,2000+,13
298,6,803.0,465.6,1012.0,133.83333333333334,200-500,60
299,9,868.0,62.12,1022.81,96.44444444444444,50-100,12
300,1,181.0,128.05,225.12,181.0,100-200,5
301,3,70.0,631.88,564.16,23.333333333333332,500-1000,88
302,8,1090.0,419.76,1189.47,136.25,200-500,76
303,14,1184.0,2269.89,1943.24,84.57142857142857,2000+,89
304,1,735.0,1676.9,1365.21,735.0,1000-2000,90
305,2,547.0,119.09,509.52,273.5,100-200,9
306,11,265.0,218.66,949.34,24.09090909090909,200-500,66
307,10,223.0,886.32,1305.54,22.3,500-1000,32
308,12,959.0,1947.82,1833.24,79.91666666666667,1000-2000,82
309,11,498.0,1578.39,1793.52,45.27272727272727,1000-2000,39
310,14,127.0,988.4,1688.9,9.071428571428571,500-1000,40
311,3,621.0,214.08,779.66,207.0,200-500,8
312,6,1193.0,2241.5,1839.47,198.83333333333334,2000+,50
313,4,448.0,2055.97,1497.46,112.0,2000+,96
314,8,466.0,2064.63,1558.12,58.25,2000+,63
315,12,229.0,1216.16,1696.65,19.083333333333332,1000-2000,16
316,13,658.0,559.48,1573.12,50.61538461538461,500-1000,48
317,13,1034.0,2477.98,1842.24,79.53846153846153,2000+,98
318,4,842.0,2464.29,1611.66,210.5,2000+,29
319,13,837.0,1218.93,1921.68,64.38461538461539,1000-2000,93
320,11,927.0,1306.37,1804.68,84.27272727272727,1000-2000,36
321,4,1047.0,1657.68,1605.84,261.75,1000-2000,68
322,4,262.0,1681.28,1435.34,65.5,1000-2000,28
323,7,1126.0,1103.75,2014.72,160.85714285714286,1000-2000,75
324,5,781.0,672.91,1125.36,156.2,500-1000,91
325,5,831.0,591.65,1090.31,166.2,500-1000,65
326,7,1089.0,1026.25,2132.85,155.57142857142858,1000-2000,25
327,1,793.0,2171.07,1421.36,793.0,2000+,7
328,9,368.0,495.12,847.33,40.888888888888886,200-500,12
329,6,818.0,1130.38,1704.06,136.33333333333334,1000-2000,38
330,11,667.0,1915.95,1732.2,60.63636363636363,1000-2000,95
331,2,267.0,2116.93,1349.04,133.5,2000+,92
332,10,1083.0,2105.36,1844.58,108.3,2000+,36
333,13,529.0,1767.79,2015.18,40.69230769230769,1000-2000,79
334,9,1155.0,1346.4,2248.12,128.33333333333334,1000-2000,40
335,7,1185.0,1768.01,2072.18,169.28571428571428,1000-2000,1
336,5,763.0,1420.94,1777.14,152.6,1000-2000,94
337,7,368.0,1231.69,1550.04,52.57142857142857,1000-2000,69
338,6,659.0,322.1,972.58,109.83333333333333,200-500,10
339,14,1138.0,518.18,1696.86,81.28571428571429,500-1000,17
340,6,172.0,1977.78,1603.89,28.666666666666668,1000-2000,78
341,6,628.0,311.47,903.3,104.66666666666667,200-500,47
342,2,500.0,1246.48,1264.53,250.0,1000-2000,48
343,8,7.0,2075.6,1422.12,0.875,2000+,60
344,5,942.0,2092.87,1696.72,188.4,2000+,87
345,12,81.0,2485.34,1589.65,6.75,2000+,34
346,4,166.0,791.52,866.18,41.5,500-1000,52
347,3,213.0,1724.85,1344.71,71.0,1000-2000,85
348,11,1004.0,167.15,1175.65,91.27272727272727,100-200,15
349,5,116.0,478.1,624.04,23.2,200-500,10
350,13,112.0,2299.56,1807.67,8.615384615384615,2000+,56
351,1,43.0,2149.22,1134.47,43.0,2000+,21
352,2,660.0,1944.4,1531.2,330.0,1000-2000,40
353,10,888.0,298.68,1171.54,88.8,200-500,68
354,10,860.0,2380.76,1759.97,86.0,2000+,76
355,10,1187.0,1981.09,2013.21,118.7,1000-2000,9
356,12,1139.0,124.65,1314.3,94.91666666666667,100-200,65
357,5,966.0,359.51,927.98,193.2,200-500,51
358,10,796.0,1352.08,2000.19,79.6,1000-2000,8
359,9,72.0,1281.32,1515.54,8.0,1000-2000,32
360,10,215.0,2440.91,1638.66,21.5,2000+,91
361,7,671.0,1297.02,1703.2,95.85714285714286,1000-2000,2
362,5,230.0,333.69,538.36,46.0,200-500,69
363,5,467.0,1243.31,1549.82,93.4,1000-2000,31
364,13,247.0,2339.61,1705.9,19.0,2000+,61
365,14,777.0,1248.61,1837.25,55.5,1000-2000,60
366,11,740.0,1171.99,902.09,67.27272727272727,1000-2000,99
367,6,884.0,1798.31,1897.87,147.33333333333334,1000-2000,31
368,5,789.0,1853.31,1792.88,157.8,1000-2000,31
369,4,825.0,874.99,784.52,206.25,500-1000,99
370,2,301.0,769.23,731.28,150.5,500-1000,23
371,12,1007.0,1353.77,1925.32,83.91666666666667,1000-2000,77
372,5,865.0,644.79,1202.46,173.0,500-1000,79
373,14,81.0,1251.97,1682.62,5.785714285714286,1000-2000,97
374,8,1159.0,2175.27,1752.18,144.875,2000+,27
375,11,496.0,373.98,1152.99,45.09090909090909,200-500,98
376,1,752.0,1632.35,1362.39,752.0,1000-2000,35
377,5,1014.0,1853.57,1749.31,202.8,1000-2000,57
378,9,686.0,145.66,972.95,76.22222222222223,100-200,66
379,5,654.0,1272.89,1724.68,130.8,1000-2000,89
380,8,621.0,2391.34,1593.12,77.625,2000+,34
381,9,1080.0,539.51,1306.91,120.0,500-1000,51
382,10,714.0,269.06,1067.81,71.4,200-500,6
383,10,816.0,1425.64,1872.81,81.6,1000-2000,64
384,14,1122.0,1766.25,2239.35,80.14285714285714,1000-2000,25
385,4,1202.0,1074.87,1501.24,300.5,1000-2000,86
386,5,651.0,1573.3,1682.08,130.2,1000-2000,30
387,14,1100.0,237.69,1265.57,78.57142857142857,200-500,69
388,14,296.0,485.68,924.9,21.142857142857142,200-500,68
389,1,697.0,2148.5,1421.07,697.0,2000+,50
390,6,1044.0,47.46,1133.45,174.0,10-50,46
391,12,398.0,2481.44,1755.18,33.166666666666664,2000+,44
392,3,139.0,2428.89,1345.66,46.333333333333336,2000+,89
393,6,84.0,852.7,1109.32,14.0,500-1000,70
394,2,423.0,1639.17,1367.64,211.5,1000-2000,17
395,11,815.0,2385.6,1872.44,74.0909090909091,2000+,60
396,6,577.0,897.74,1257.31,96.16666666666667,500-1000,74
397,8,200.0,1508.89,1461.33,25.0,1000-2000,89
398,9,1102.0,540.6,1455.85,122.44444444444444,500-1000,60
399,12,508.0,1970.54,1770.91,42.333333333333336,1000-2000,54
400,13,1024.0,1712.85,2097.69,78.76923076923077,1000-2000,85
401,7,1161.0,1499.97,1862.45,165.85714285714286,1000-2000,97
402,2,730.0,285.24,624.78,365.0,200-500,24
403,13,996.0,1809.2,1956.89,76.61538461538461,1000-2000,20
404,5,1160.0,1901.83,1673.89,232.0,1000-2000,83
405,2,1139.0,306.43,726.14,569.5,200-500,43
406,14,191.0,2442.76,1798.47,13.642857142857142,2000+,76
407,7,776.0,2447.82,1826.93,110.85714285714286,2000+,82
408,14,414.0,1919.7,1918.89,29.571428571428573,1000-2000,70
409,7,847.0,1994.62,1851.7,121.0,1000-2000,62
410,6,924.0,1227.21,1871.76,154.0,1000-2000,21
411,2,933.0,1589.58,1489.99,466.5,1000-2000,58
412,1,211.0,958.08,891.9,211.0,500-1000,8
413,10,773.0,865.92,1837.11,77.3,500-1000,92
414,3,196.0,1211.68,1229.87,65.33333333333333,1000-2000,68
415,14,49.0,954.02,1480.87,3.5,500-1000,2
416,5,477.0,655.24,935.38,95.4,500-1000,24
417,5,828.0,1606.84,1690.82,165.6,1000-2000,84
418,11,458.0,1364.29,1649.04,41.63636363636363,1000-2000,29
419,3,289.0,1245.67,1279.31,96.33333333333333,1000-2000,67
420,1,1060.0,501.67,658.14,1060.0,500-1000,67
421,5,1085.0,2486.43,1664.83,217.0,2000+,42
422,4,675.0,381.48,779.68,168.75,200-500,48
423,8,415.0,1214.97,1473.75,51.875,1000-2000,97
424,6,425.0,709.75,1114.9,70.83333333333333,500-1000,75
425,7,313.0,2408.02,1637.65,44.714285714285715,2000+,2
426,13,235.0,426.07,897.26,18.076923076923077,200-500,7
427,7,635.0,1406.31,1630.66,90.71428571428571,1000-2000,31
428,10,1009.0,2164.22,1889.87,100.9,2000+,21
429,3,692.0,450.7,748.57,230.66666666666666,200-500,70
430,2,91.0,1073.76,1013.78,45.5,1000-2000,76
431,8,1187.0,1045.91,2047.06,148.375,1000-2000,91
432,14,600.0,1120.05,1847.84,42.857142857142854,1000-2000,5
433,5,210.0,710.49,483.34,42.0,500-1000,49
434,12,10.0,1203.1,1564.9,0.8333333333333334,1000-2000,9
435,1,452.0,275.05,282.89,452.0,200-500,5
436,4,256.0,2218.74,1476.03,64.0,2000+,73
437,8,312.0,2383.17,1557.27,39.0,2000+,17
438,2,1175.0,816.2,1237.62,587.5,500-1000,20
439,11,960.0,383.64,1248.46,87.27272727272727,200-500,64
440,6,690.0,1009.37,1559.83,115.0,1000-2000,37
441,14,487.0,579.29,1516.68,34.785714285714285,500-1000,29
442,8,75.0,315.71,593.83,9.375,200-500,70
443,13,360.0,271.93,1017.64,27.692307692307693,200-500,93
444,11,708.0,1871.77,1916.37,64.36363636363636,1000-2000,77
445,3,182.0,347.82,384.77,60.666666666666664,200-500,82
446,10,683.0,2442.92,1643.68,68.3,2000+,92
447,5,392.0,1264.6,1465.72,78.4,1000-2000,59
448,10,175.0,1443.25,1635.5,17.5,1000-2000,25
449,7,577.0,1959.13,1603.6,82.42857142857143,1000-2000,13
450,13,799.0,951.92,1793.36,61.46153846153846,500-1000,92
451,13,608.0,370.89,1170.54,46.76923076923077,200-500,89
452,7,194.0,202.49,686.23,27.714285714285715,200-500,49
453,13,889.0,232.72,1394.38,68.38461538461539,200-500,72
454,7,901.0,136.8,1222.6,128.71428571428572,100-200,80
455,1,698.0,1525.82,1398.75,698.0,1000-2000,82
456,9,592.0,793.55,1235.69,65.77777777777777,500-1000,55
457,14,1015.0,871.76,1846.41,72.5,500-1000,76
458,9,524.0,136.46,848.89,58.22222222222222,100-200,46
459,5,781.0,2114.27,1789.85,156.2,2000+,27
460,3,200.0,58.24,494.63,66.66666666666667,50-100,24
461,5,503.0,2335.55,1649.42,100.6,2000+,55
462,11,667.0,2221.67,1872.89,60.63636363636363,2000+,67
463,7,336.0,1843.58,1691.68,48.0,1000-2000,58
464,4,217.0,1506.46,1455.37,54.25,1000-2000,46
465,8,207.0,1146.93,1479.01,25.875,1000-2000,93
466,7,690.0,1807.71,1710.98,98.57142857142857,1000-2000,71
467,2,251.0,1916.43,1285.2,125.5,1000-2000,43
468,4,627.0,956.98,1337.63,156.75,500-1000,98
469,1,432.0,581.71,448.34,432.0,500-1000,71
470,4,1194.0,2250.51,1691.15,298.5,2000+,51
471,10,64.0,455.9,774.64,6.4,200-500,90
472,8,15.0,377.85,657.8,1.875,200-500,85
473,11,741.0,1207.39,1878.06,67.36363636363636,1000-2000,39
474,8,638.0,1007.48,1483.06,79.75,1000-2000,48
475,12,965.0,1700.28,1879.09,80.41666666666667,1000-2000,28
476,8,1182.0,990.07,1840.75,147.75,500-1000,7
477,13,1062.0,869.28,2090.54,81.6923076923077,500-1000,28
478,1,754.0,1220.47,1346.14,754.0,1000-2000,47
479,14,767.0,186.47,1292.77,54.785714285714285,100-200,47
480,11,775.0,1752.23,1809.29,70.45454545454545,1000-2000,23
481,8,592.0,1402.98,1561.41,74.0,1000-2000,98
482,6,957.0,727.75,1448.72,159.5,500-1000,75
483,9,800.0,2167.72,1726.51,88.88888888888889,2000+,71
484,6,1198.0,222.6,1107.96,199.66666666666666,200-500,60
485,3,1092.0,1737.65,1462.01,364.0,1000-2000,65
486,12,958.0,2499.84,1791.69,79.83333333333333,2000+,84
487,11,955.0,1282.19,2000.42,86.81818181818181,1000-2000,19
488,11,605.0,1880.69,1711.55,55.0,1000-2000,69
489,7,670.0,1558.02,1702.81,95.71428571428571,1000-2000,2
490,11,844.0,1962.77,1787.57,76.72727272727273,1000-2000,77
491,3,718.0,1158.02,1416.98,239.33333333333334,1000-2000,2
492,6,323.0,1477.23,1608.55,53.833333333333336,1000-2000,23
493,14,616.0,2374.41,1828.37,44.0,2000+,41
494,8,752.0,1519.78,1662.92,94.0,1000-2000,78
495,1,1166.0,1423.69,1412.13,1166.0,1000-2000,69
496,3,1187.0,1632.14,1451.85,395.6666666666667,1000-2000,14
497,3,1013.0,166.52,711.07,337.6666666666667,100-200,52
498,5,741.0,429.24,951.92,148.2,200-500,24
499,14,467.0,2176.26,1809.83,33.357142857142854,2000+,26
500,3,224.0,358.77,406.36,74.66666666666667,200-500,77
501,3,712.0,512.23,751.16,237.33333333333334,500-1000,23
502,12,218.0,901.03,1371.86,18.166666666666668,500-1000,3
503,6,373.0,587.38,956.61,62.166666666666664,500-1000,38
504,8,562.0,2479.33,1478.31,70.25,2000+,33
505,5,132.0,2387.03,1454.05,26.4,2000+,3
506,3,98.0,871.46,866.05,32.666666666666664,500-1000,46
507,14,545.0,1206.76,1977.89,38.92857142857143,1000-2000,76
508,1,869.0,1498.88,1398.94,869.0,1000-2000,88
509,2,875.0,393.25,640.56,437.5,200-500,25
510,8,888.0,2296.07,1718.71,111.0,2000+,7
511,1,716.0,1396.41,1376.59,716.0,1000-2000,41
512,8,1025.0,1031.33,2214.64,128.125,1000-2000,33
513,9,1064.0,2016.76,1810.94,118.22222222222223,2000+,76
514,4,463.0,1963.41,1607.34,115.75,1000-2000,41
515,1,678.0,1478.57,1370.31,678.0,1000-2000,57
516,1,436.0,1358.14,1154.03,436.0,1000-2000,14
517,5,586.0,2135.36,1661.61,117.2,2000+,36
518,1,797.0,126.8,543.18,797.0,100-200,80
519,14,481.0,939.99,877.17,34.357142857142854,500-1000,99
520,7,172.0,1486.86,1557.94,24.571428571428573,1000-2000,86
521,10,1192.0,23.47,1157.87,119.2,10-50,47
522,7,981.0,658.85,1351.69,140.14285714285714,500-1000,85
523,10,692.0,1671.71,1701.23,69.2,1000-2000,71
524,13,710.0,2223.86,1979.83,54.61538461538461,2000+,86
525,12,380.0,1526.79,1787.41,31.666666666666668,1000-2000,79
526,3,133.0,1728.5,1373.4,44.333333333333336,1000-2000,50
527,4,730.0,799.25,1250.66,182.5,500-1000,25
528,12,1070.0,1055.51,2030.76,89.16666666666667,1000-2000,51
529,8,1185.0,554.98,1545.67,148.125,500-1000,98
530,11,456.0,2223.72,1600.1,41.45454545454545,2000+,71
531,12,85.0,1056.43,1466.31,7.083333333333333,1000-2000,43
532,2,543.0,103.37,544.12,271.5,100-200,37
533,6,367.0,1947.68,1606.76,61.166666666666664,1000-2000,68
534,1,481.0,1792.17,1215.84,481.0,1000-2000,17
535,5,233.0,1862.04,1562.23,46.6,1000-2000,4
536,1,45.0,1070.22,922.69,45.0,1000-2000,22
537,5,152.0,2444.81,1523.75,30.4,2000+,81
538,7,344.0,1242.05,1514.4,49.142857142857146,1000-2000,5
539,5,320.0,1584.55,1584.73,64.0,1000-2000,55
540,9,989.0,378.12,1193.72,109.88888888888889,200-500,12
541,10,57.0,936.89,1237.07,5.7,500-1000,89
542,12,342.0,2253.61,1659.5,28.5,2000+,61
543,2,983.0,2109.93,1519.98,491.5,2000+,92
544,10,886.0,1990.03,1749.93,88.6,1000-2000,3
545,10,5.0,836.86,1116.56,0.5,500-1000,86
546,3,80.0,517.54,457.49,26.666666666666668,500-1000,54
547,8,482.0,1411.49,631.81,60.25,1000-2000,49
548,4,11.0,312.01,426.22,2.75,200-500,1
549,12,1075.0,2328.11,1798.38,89.58333333333333,2000+,11
550,13,632.0,268.91,1396.28,48.61538461538461,200-500,91
551,8,323.0,46.48,703.45,40.375,10-50,48
552,11,527.0,1550.32,1806.06,47.90909090909091,1000-2000,32
553,5,948.0,898.6,1499.68,189.6,500-1000,60
554,5,504.0,1502.63,1628.66,100.8,1000-2000,63
555,10,793.0,1422.29,2007.62,79.3,1000-2000,29
556,13,32.0,232.43,805.12,2.4615384615384617,200-500,43
557,9,768.0,1815.6,1666.18,85.33333333333333,1000-2000,60
558,9,994.0,1742.62,1849.58,110.44444444444444,1000-2000,62
559,1,1105.0,1432.3,1387.17,1105.0,1000-2000,30
560,12,178.0,507.59,907.19,14.833333333333334,500-1000,59
561,10,472.0,431.95,924.65,47.2,200-500,95
562,5,716.0,1111.23,1492.08,143.2,1000-2000,23
563,3,771.0,725.67,1166.93,257.0,500-1000,67
564,13,1054.0,1131.25,2162.03,81.07692307692308,1000-2000,25
565,10,872.0,2191.27,1776.62,87.2,2000+,27
566,12,1077.0,32.55,1387.43,89.75,10-50,54
567,12,211.0,749.56,1285.23,17.583333333333332,500-1000,56
568,4,199.0,1310.01,1400.57,49.75,1000-2000,1
569,2,1029.0,1702.6,1577.55,514.5,1000-2000,60
570,10,643.0,2263.77,1685.92,64.3,2000+,77
571,10,797.0,1706.73,1724.42,79.7,1000-2000,73
572,12,657.0,322.5,1113.16,54.75,200-500,50
573,8,177.0,486.06,751.58,22.125,200-500,6
574,2,222.0,456.24,437.4,111.0,200-500,24
575,3,555.0,2342.76,1458.63,185.0,2000+,76
576,2,785.0,1964.63,1522.76,392.5,1000-2000,63
577,5,104.0,281.67,464.68,20.8,200-500,67
578,1,673.0,2026.16,1372.83,673.0,2000+,16
579,10,877.0,1711.12,1897.37,87.7,1000-2000,12
580,1,250.0,1300.17,1145.33,250.0,1000-2000,17
581,1,467.0,296.49,221.23,467.0,200-500,49
582,10,1026.0,828.82,1865.67,102.6,500-1000,82
583,11,1106.0,2250.54,2050.62,100.54545454545455,2000+,54
584,12,452.0,816.56,1243.1,37.666666666666664,500-1000,56
585,14,865.0,2497.16,1885.87,61.785714285714285,2000+,16
586,8,107.0,2450.89,1468.19,13.375,2000+,89
587,8,80.0,1092.18,1365.73,10.0,1000-2000,18
588,8,945.0,766.98,1625.53,118.125,500-1000,98
589,13,1140.0,1607.8,2214.64,87.6923076923077,1000-2000,80
590,2,636.0,1438.19,1435.96,318.0,1000-2000,19
591,14,865.0,1422.11,1921.18,61.785714285714285,1000-2000,11
592,12,482.0,1710.47,1746.74,40.166666666666664,1000-2000,47
593,2,68.0,756.61,648.53,34.0,500-1000,61
594,14,512.0,526.84,1306.64,36.57142857142857,500-1000,84
595,14,1001.0,1647.24,2080.0,71.5,1000-2000,24
596,1,547.0,573.6,616.27,547.0,500-1000,60
597,10,5.0,1338.9,1610.25,0.5,1000-2000,90
598,3,1158.0,1107.4,1361.3,386.0,1000-2000,40
599,1,993.0,1143.58,1328.85,993.0,1000-2000,58
600,6,378.0,837.63,1215.96,63.0,500-1000,63
601,11,1156.0,2231.86,1988.56,105.0909090909091,2000+,86
602,5,1050.0,882.86,1430.04,210.0,500-1000,86
603,8,836.0,735.52,1606.63,104.5,500-1000,52
604,11,654.0,1516.42,1870.43,59.45454545454545,1000-2000,42
605,8,633.0,1308.36,1639.12,79.125,1000-2000,35
606,12,713.0,1642.01,1873.19,59.416666666666664,1000-2000,1
607,5,96.0,1105.47,1312.16,19.2,1000-2000,47
608,7,1054.0,576.47,1344.18,150.57142857142858,500-1000,47
609,12,495.0,1948.13,1831.92,41.25,1000-2000,13
610,1,1068.0,2011.28,1421.45,1068.0,2000+,28
611,7,1000.0,1620.46,1971.23,142.85714285714286,1000-2000,46
612,13,855.0,1798.75,1951.77,65.76923076923077,1000-2000,75
613,8,544.0,1279.51,1483.77,68.0,1000-2000,51
614,11,816.0,544.99,1077.12,74.18181818181819,500-1000,99
615,5,1080.0,2383.82,1664.76,216.0,2000+,82
616,8,1124.0,1908.69,1833.27,140.5,1000-2000,69
617,3,29.0,1632.85,1269.1,9.666666666666666,1000-2000,85
618,6,470.0,2235.72,1628.6,78.33333333333333,2000+,71
619,7,287.0,2293.5,1558.09,41.0,2000+,50
620,4,72.0,1367.29,1302.97,18.0,1000-2000,29
621,6,344.0,233.31,800.18,57.333333333333336,200-500,31
622,8,801.0,1241.21,1780.65,100.125,1000-2000,21
623,5,629.0,484.34,1029.87,125.8,200-500,34
624,11,327.0,961.08,1356.46,29.727272727272727,500-1000,8
625,14,94.0,105.94,1180.63,6.714285714285714,100-200,94
626,4,1113.0,2103.82,1695.08,278.25,2000+,82
627,14,267.0,2090.21,1968.4,19.071428571428573,2000+,21
628,1,979.0,1292.54,1313.53,979.0,1000-2000,54
629,10,625.0,519.94,1229.41,62.5,500-1000,94
630,14,457.0,848.61,1492.64,32.642857142857146,500-1000,61
631,11,398.0,723.39,1154.77,36.18181818181818,500-1000,39
632,14,68.0,438.96,866.76,4.857142857142857,200-500,96
633,3,769.0,2497.93,1587.8,256.3333333333333,2000+,92
634,13,694.0,1054.31,1815.02,53.38461538461539,1000-2000,31
635,12,1088.0,1977.91,1883.21,90.66666666666667,1000-2000,91
636,9,101.0,950.23,1281.64,11.222222222222221,500-1000,23
637,1,170.0,2452.85,1209.08,170.0,2000+,85
638,12,1135.0,475.95,1447.39,94.58333333333333,200-500,95
639,3,1109.0,2092.26,1436.66,369.6666666666667,2000+,26
640,7,753.0,358.13,1084.79,107.57142857142857,200-500,13
641,2,521.0,467.19,667.85,260.5,200-500,19
642,12,1003.0,983.23,1996.18,83.58333333333333,500-1000,23
643,3,269.0,708.05,799.12,89.66666666666667,500-1000,5
644,14,646.0,2418.19,1931.21,46.142857142857146,2000+,19
645,14,1153.0,346.58,1292.93,82.35714285714286,200-500,58
646,4,18.0,289.06,380.88,4.5,200-500,6
647,13,1167.0,1074.36,2197.33,89.76923076923077,1000-2000,35
648,1,1113.0,1536.0,1403.6,1113.0,1000-2000,0
649,6,930.0,1907.95,1788.75,155.0,1000-2000,95
650,5,714.0,617.72,1164.2,142.8,500-1000,72
651,7,256.0,2180.53,1548.87,36.57142857142857,2000+,53
652,9,1063.0,2497.79,1761.94,118.11111111111111,2000+,79
653,11,512.0,2016.19,1710.53,46.54545454545455,2000+,19
654,9,463.0,1024.53,1476.48,51.44444444444444,1000-2000,53
655,12,714.0,2003.23,1829.06,59.5,2000+,23
656,9,1165.0,1868.79,1945.95,129.44444444444446,1000-2000,79
657,1,872.0,2420.07,1456.34,872.0,2000+,7
658,10,631.0,1220.71,1730.86,63.1,1000-2000,71
659,9,633.0,888.17,1384.78,70.33333333333333,500-1000,17
660,4,1065.0,119.34,781.82,266.25,100-200,34
661,12,947.0,193.05,1225.63,78.91666666666667,100-200,5
662,4,159.0,568.58,647.0,39.75,500-1000,58
663,1,292.0,449.83,363.02,292.0,200-500,83
664,1,1115.0,926.13,1192.88,1115.0,500-1000,13
665,7,1168.0,667.94,1639.55,166.85714285714286,500-1000,94
666,4,348.0,2047.08,1507.04,87.0,2000+,8
667,8,77.0,1930.98,1485.69,9.625,1000-2000,98
668,7,1033.0,1013.03,2119.83,147.57142857142858,1000-2000,3
669,4,672.0,1603.52,1612.43,168.0,1000-2000,52
670,4,1191.0,999.45,1478.93,297.75,500-1000,45
671,8,392.0,661.27,978.13,49.0,500-1000,27
672,7,951.0,584.4,1253.76,135.85714285714286,500-1000,40
673,5,778.0,2423.47,1643.96,155.6,2000+,46
674,11,958.0,1999.13,1900.18,87.0909090909091,1000-2000,13
675,3,186.0,1068.31,1152.04,62.0,1000-2000,31
676,5,1116.0,2460.46,1711.97,223.2,2000+,46
677,13,63.0,107.92,710.25,4.846153846153846,100-200,92
678,6,170.0,476.99,600.23,28.333333333333332,200-500,99
679,3,870.0,413.23,795.8,290.0,200-500,23
680,12,852.0,1957.9,1944.89,71.0,1000-2000,90
681,6,420.0,386.77,929.16,70.0,200-500,77
682,6,668.0,1922.45,1796.98,111.33333333333333,1000-2000,45
683,8,795.0,1645.99,644.69,99.375,1000-2000,99
684,4,420.0,927.74,1238.04,105.0,500-1000,74
685,12,1074.0,2407.71,1843.97,89.5,2000+,71
686,12,916.0,2394.85,1740.85,76.33333333333333,2000+,85
687,4,1075.0,586.17,1023.65,268.75,500-1000,16
688,5,1143.0,1217.72,1745.09,228.6,1000-2000,72
689,2,719.0,591.44,755.3,359.5,500-1000,44
690,4,197.0,1858.84,1416.33,49.25,1000-2000,84
691,6,248.0,395.4,710.15,41.333333333333336,200-500,40
692,10,834.0,1820.8,1883.49,83.4,1000-2000,80
693,1,1112.0,2011.44,1423.85,1112.0,2000+,44
694,12,1189.0,1453.16,2162.13,99.08333333333333,1000-2000,16
695,14,269.0,1349.61,1832.34,19.214285714285715,1000-2000,61
696,7,671.0,1262.85,1600.42,95.85714285714286,1000-2000,84
697,9,52.0,350.58,601.81,5.777777777777778,200-500,58
698,14,976.0,1526.58,1995.87,69.71428571428571,1000-2000,58
699,2,370.0,1554.5,1311.23,185.0,1000-2000,50
700,4,1180.0,1948.55,1565.16,295.0,1000-2000,55
701,5,36.0,2022.94,1410.58,7.2,2000+,94
702,5,691.0,1030.64,1465.26,138.2,1000-2000,64
703,8,52.0,2353.5,1485.05,6.5,2000+,50
704,11,24.0,2029.04,1569.37,2.1818181818181817,2000+,4
705,8,221.0,936.98,1287.0,27.625,500-1000,98
706,1,85.0,89.83,175.53,85.0,50-100,83
707,7,803.0,12.75,1146.78,114.71428571428571,10-50,75
708,12,893.0,910.41,1862.13,74.41666666666667,500-1000,41
709,14,113.0,1091.13,1703.02,8.071428571428571,1000-2000,13
710,5,516.0,1878.49,669.85,103.2,1000-2000,49
711,14,904.0,2005.96,1970.01,64.57142857142857,2000+,96
712,1,1058.0,1601.04,1465.9,1058.0,1000-2000,4
713,14,555.0,313.73,1201.26,39.642857142857146,200-500,73
714,7,738.0,730.28,1429.72,105.42857142857143,500-1000,28
715,8,792.0,2437.24,1556.7,99.0,2000+,23
716,5,831.0,432.8,901.36,166.2,200-500,80
717,7,709.0,320.8,1116.62,101.28571428571429,200-500,80
718,9,1078.0,161.85,1260.96,119.77777777777777,100-200,85
719,2,616.0,968.93,1163.1,308.0,500-1000,93
720,2,570.0,2297.12,1423.86,285.0,2000+,12
721,9,13.0,986.41,1271.52,1.4444444444444444,500-1000,41
722,7,381.0,2106.96,1705.27,54.42857142857143,2000+,96
723,9,460.0,2424.47,1624.68,51.111111111111114,2000+,46
724,4,425.0,1286.54,1449.26,106.25,1000-2000,54
725,11,437.0,1053.24,1630.47,39.72727272727273,1000-2000,24
726,9,1000.0,1901.79,1778.65,111.11111111111111,1000-2000,79
727,1,553.0,1687.11,1295.34,553.0,1000-2000,11
728,10,5.0,1094.06,1361.08,0.5,1000-2000,6
729,12,931.0,864.21,1663.58,77.58333333333333,500-1000,21
730,6,436.0,914.53,1389.11,72.66666666666667,500-1000,53
731,3,1074.0,247.32,636.02,358.0,200-500,32
732,9,896.0,1398.54,1727.1,99.55555555555556,1000-2000,54
733,1,462.0,2047.57,1202.9,462.0,2000+,57
734,3,665.0,2418.16,1490.96,221.66666666666666,2000+,16
735,11,532.0,2419.86,1653.69,48.36363636363637,2000+,86
736,9,483.0,52.64,949.04,53.666666666666664,50-100,64
737,12,296.0,326.83,981.72,24.666666666666668,200-500,83
738,9,131.0,1990.0,1557.2,14.555555555555555,1000-2000,0
739,6,836.0,2035.17,1718.79,139.33333333333334,2000+,17
740,10,532.0,1223.36,1631.49,53.2,1000-2000,35
741,14,595.0,2140.61,1989.13,42.5,2000+,61
742,7,623.0,1894.02,1739.49,89.0,1000-2000,2
743,5,1077.0,2234.35,1665.23,215.4,2000+,35
744,5,579.0,1018.52,1468.01,115.8,1000-2000,52
745,8,255.0,1817.19,1510.91,31.875,1000-2000,19
746,8,1009.0,1378.07,1903.76,126.125,1000-2000,7
747,10,87.0,498.96,781.97,8.7,200-500,96
748,1,809.0,1734.56,1447.25,809.0,1000-2000,56
749,9,1079.0,1981.94,1763.16,119.88888888888889,1000-2000,94
750,8,1134.0,1049.84,2073.13,141.75,1000-2000,83
751,8,403.0,654.97,895.14,50.375,500-1000,97
752,8,534.0,429.88,916.02,66.75,200-500,88
753,13,564.0,2245.56,1745.09,43.38461538461539,2000+,56
754,2,752.0,958.29,1144.41,376.0,500-1000,29
755,11,293.0,1410.0,1673.7,26.636363636363637,1000-2000,0
756,5,919.0,470.23,1119.17,183.8,200-500,23
757,5,103.0,333.22,573.58,20.6,200-500,22
758,1,893.0,19.76,570.71,893.0,10-50,76
759,12,37.0,52.65,789.01,3.0833333333333335,50-100,65
760,8,1142.0,776.74,1827.44,142.75,500-1000,74
761,5,332.0,218.03,801.73,66.4,200-500,3
762,7,950.0,1739.62,2032.23,135.71428571428572,1000-2000,62
763,9,223.0,1916.03,1623.73,24.77777777777778,1000-2000,3
764,6,522.0,1210.87,1577.01,87.0,1000-2000,86
765,12,46.0,2077.07,1666.29,3.8333333333333335,2000+,7
766,2,252.0,1545.94,1300.19,126.0,1000-2000,94
767,14,999.0,619.42,1510.57,71.35714285714286,500-1000,41
768,13,125.0,2004.61,1721.56,9.615384615384615,2000+,61
769,9,597.0,625.99,990.84,66.33333333333333,500-1000,99
770,3,289.0,853.79,969.85,96.33333333333333,500-1000,79
771,7,953.0,1918.24,1833.56,136.14285714285714,1000-2000,24
772,4,275.0,2359.64,1483.58,68.75,2000+,64
773,5,755.0,1584.41,1729.08,151.0,1000-2000,41
774,9,803.0,880.17,1589.75,89.22222222222223,500-1000,17
775,11,293.0,285.14,966.87,26.636363636363637,200-500,14
776,6,164.0,1460.21,1535.3,27.333333333333332,1000-2000,21
777,12,675.0,2277.93,1807.33,56.25,2000+,92
778,11,859.0,146.71,1267.98,78.0909090909091,100-200,71
779,2,296.0,1878.7,1354.0,148.0,1000-2000,70
780,7,300.0,2417.85,1634.04,42.857142857142854,2000+,85
781,2,1155.0,1517.18,1543.17,577.5,1000-2000,18
782,5,765.0,480.48,1038.42,153.0,200-500,48
783,9,1097.0,2330.2,1728.07,121.88888888888889,2000+,19
784,4,422.0,2049.71,1491.9,105.5,2000+,71
785,14,1020.0,510.33,1406.95,72.85714285714286,500-1000,33
786,4,205.0,545.57,682.22,51.25,500-1000,57
787,12,1046.0,1850.85,1875.72,87.16666666666667,1000-2000,85
788,4,1001.0,739.08,1116.31,250.25,500-1000,8
789,9,938.0,742.17,1632.1,104.22222222222223,500-1000,17
790,5,351.0,407.74,883.11,70.2,200-500,74
791,9,748.0,653.42,1249.66,83.11111111111111,500-1000,41
792,13,1186.0,2462.26,1906.35,91.23076923076923,2000+,26
793,6,384.0,1656.04,1682.33,64.0,1000-2000,4
794,10,150.0,418.41,844.9,15.0,200-500,41
795,10,783.0,158.93,993.55,78.3,100-200,93
796,6,372.0,2494.69,1742.34,62.0,2000+,69
797,10,958.0,1643.76,1827.18,95.8,1000-2000,76
798,8,34.0,1225.2,1438.52,4.25,1000-2000,20
799,7,151.0,2461.93,1516.58,21.571428571428573,2000+,92
800,7,150.0,1379.35,1500.09,21.428571428571427,1000-2000,35
801,6,751.0,2085.98,1757.81,125.16666666666667,2000+,98
802,7,568.0,159.12,738.92,81.14285714285714,100-200,12
803,12,574.0,2240.9,1785.72,47.833333333333336,2000+,90
804,13,36.0,808.38,1190.16,2.769230769230769,500-1000,38
805,14,595.0,1818.77,1889.9,42.5,1000-2000,77
806,7,381.0,2342.27,1705.24,54.42857142857143,2000+,27
807,14,174.0,815.3,1295.14,12.428571428571429,500-1000,30
808,11,226.0,2013.45,1590.82,20.545454545454547,2000+,45
809,13,137.0,1505.66,1777.72,10.538461538461538,1000-2000,66
810,13,774.0,206.45,1110.0,59.53846153846154,200-500,45
811,5,1120.0,1514.91,1658.97,224.0,1000-2000,91
812,4,862.0,2335.55,1698.94,215.5,2000+,55
813,8,829.0,1147.89,2004.34,103.625,1000-2000,89
814,4,380.0,446.66,764.24,95.0,200-500,66
815,9,238.0,1197.83,1560.78,26.444444444444443,1000-2000,83
816,13,1199.0,493.0,1634.13,92.23076923076923,200-500,0
817,12,710.0,1249.41,1921.09,59.166666666666664,1000-2000,41
818,14,719.0,1973.14,1980.99,51.357142857142854,1000-2000,14
819,1,482.0,1697.08,1198.24,482.0,1000-2000,8
820,9,444.0,725.31,1062.52,49.333333333333336,500-1000,31
821,11,610.0,1990.79,1753.56,55.45454545454545,1000-2000,79
822,4,238.0,1707.28,1483.48,59.5,1000-2000,28
823,2,299.0,1612.7,1282.8,149.5,1000-2000,70
824,10,273.0,799.9,1155.05,27.3,500-1000,90
825,3,154.0,274.04,406.91,51.333333333333336,200-500,4
826,7,636.0,697.02,1276.06,90.85714285714286,500-1000,2
827,2,1038.0,685.07,962.14,519.0,500-1000,7
828,2,798.0,2334.41,1485.4,399.0,2000+,41
829,12,601.0,2166.56,1918.46,50.083333333333336,2000+,56
830,6,290.0,814.04,1077.35,48.333333333333336,500-1000,4
831,8,16.0,259.02,543.56,2.0,200-500,2
832,8,303.0,1072.44,1453.25,37.875,1000-2000,44
833,11,372.0,2048.26,1632.61,33.81818181818182,2000+,26
834,3,864.0,2338.52,1513.04,288.0,2000+,52
835,11,913.0,2253.41,1758.56,83.0,2000+,41
836,14,805.0,834.06,1683.49,57.5,500-1000,6
837,5,905.0,2317.31,1691.38,181.0,2000+,31
838,10,728.0,226.53,1060.47,72.8,200-500,53
839,4,842.0,893.25,1324.64,210.5,500-1000,25
840,5,117.0,953.06,1116.8,23.4,500-1000,6
841,12,307.0,957.17,1432.75,25.583333333333332,500-1000,17
842,9,51.0,314.81,704.94,5.666666666666667,200-500,81
843,7,1071.0,841.11,1699.9,153.0,500-1000,11
844,13,922.0,1510.22,1967.87,70.92307692307692,1000-2000,22
845,8,867.0,2373.39,1747.22,108.375,2000+,39
846,11,1013.0,1483.3,1952.8,92.0909090909091,1000-2000,30
847,6,1148.0,1525.81,1776.48,191.33333333333334,1000-2000,81
848,12,158.0,2195.67,1625.46,13.166666666666666,2000+,67
849,5,1010.0,2054.21,1810.37,202.0,2000+,21
850,1,682.0,1517.04,1376.04,682.0,1000-2000,4
851,5,14.0,78.33,406.7,2.8,50-100,33
852,6,1203.0,1900.48,1972.88,200.5,1000-2000,48
853,4,810.0,1852.31,1575.87,202.5,1000-2000,31
854,3,760.0,2073.25,1522.45,253.33333333333334,2000+,25
855,7,868.0,625.09,1403.48,124.0,500-1000,9
856,7,205.0,103.31,683.1,29.285714285714285,100-200,31
857,5,387.0,1882.35,1588.8,77.4,1000-2000,35
858,11,447.0,130.07,852.02,40.63636363636363,100-200,7
859,9,482.0,1348.44,1633.26,53.55555555555556,1000-2000,44
860,7,15.0,2436.67,1459.63,2.142857142857143,2000+,67
861,10,955.0,1182.33,1950.3,95.5,1000-2000,33
862,5,41.0,2314.68,1500.28,8.2,2000+,67
863,2,1189.0,1164.74,1666.52,594.5,1000-2000,74
864,2,762.0,519.74,752.69,381.0,500-1000,74
865,10,895.0,937.46,1714.8,89.5,500-1000,46
866,13,858.0,2258.01,1889.71,66.0,2000+,1
867,11,650.0,524.8,1179.09,59.09090909090909,500-1000,79
868,4,198.0,2106.63,1450.67,49.5,2000+,63
869,1,791.0,1927.75,1419.88,791.0,1000-2000,75
870,14,1020.0,1201.75,2337.73,72.85714285714286,1000-2000,75
871,12,59.0,2247.39,1629.92,4.916666666666667,2000+,39
872,8,626.0,545.84,1142.89,78.25,500-1000,84
873,5,57.0,559.05,639.73,11.4,500-1000,4
874,5,908.0,716.7,1375.88,181.6,500-1000,70
875,13,8.0,78.44,713.71,0.6153846153846154,50-100,44
876,11,684.0,672.51,1487.93,62.18181818181818,500-1000,51
877,4,180.0,2365.46,1443.02,45.0,2000+,46
878,13,511.0,1628.33,1915.79,39.30769230769231,1000-2000,33
879,4,231.0,20.39,499.26,57.75,10-50,39
880,9,1139.0,1973.31,1759.33,126.55555555555556,1000-2000,31
881,9,578.0,1167.71,1587.21,64.22222222222223,1000-2000,71
882,14,530.0,2028.06,2079.14,37.857142857142854,2000+,6
883,7,316.0,141.89,837.8,45.142857142857146,100-200,88
884,2,897.0,2382.39,1437.95,448.5,2000+,39
885,12,121.0,608.92,1033.44,10.083333333333334,500-1000,91
886,4,764.0,1417.94,1682.1,191.0,1000-2000,94
887,11,663.0,2141.08,1715.29,60.27272727272727,2000+,8
888,3,91.0,1640.15,1338.3,30.333333333333332,1000-2000,15
889,1,1035.0,1289.84,1317.33,1035.0,1000-2000,83
890,7,125.0,193.62,616.24,17.857142857142858,100-200,62
891,12,437.0,639.96,1183.74,36.416666666666664,500-1000,96
892,4,84.0,2243.12,1392.1,21.0,2000+,12
893,5,716.0,1316.6,1686.98,143.2,1000-2000,60
894,12,18.0,2461.37,1556.78,1.5,2000+,37
895,3,560.0,1664.15,1419.48,186.66666666666666,1000-2000,15
896,3,504.0,63.39,568.17,168.0,50-100,39
897,5,1126.0,664.9,1336.74,225.2,500-1000,90
898,1,1092.0,390.55,589.11,1092.0,200-500,55
899,11,273.0,502.37,862.61,24.818181818181817,500-1000,37
900,4,6.0,458.7,459.21,1.5,200-500,70
901,1,620.0,490.45,678.74,620.0,200-500,45
902,5,659.0,2083.15,1645.06,131.8,2000+,15
903,12,353.0,2150.17,1765.67,29.416666666666668,2000+,17
904,13,618.0,1982.27,2000.39,47.53846153846154,1000-2000,27
905,2,1158.0,2355.92,1528.91,579.0,2000+,92
906,3,512.0,1251.6,1360.76,170.66666666666666,1000-2000,59
907,5,840.0,941.55,1676.48,168.0,500-1000,55
908,7,1086.0,2319.81,1858.36,155.14285714285714,2000+,81
909,13,1152.0,864.45,1797.14,88.61538461538461,500-1000,45
910,4,840.0,1375.42,1580.95,210.0,1000-2000,42
911,4,724.0,89.99,667.98,181.0,50-100,99
912,3,327.0,2141.92,1438.41,109.0,2000+,92
913,13,1055.0,2005.84,1997.52,81.15384615384616,2000+,84
914,1,931.0,327.97,609.73,931.0,200-500,97
915,10,108.0,2181.67,1632.42,10.8,2000+,67
916,13,1204.0,24.47,1344.17,92.61538461538461,10-50,47
917,5,517.0,919.25,1288.31,103.4,500-1000,25
918,8,897.0,1536.36,1944.62,112.125,1000-2000,36
919,12,988.0,2492.79,1753.84,82.33333333333333,2000+,79
920,1,1041.0,1630.25,1466.95,1041.0,1000-2000,25
921,10,454.0,2359.42,1619.0,45.4,2000+,42
922,5,406.0,1084.16,1399.39,81.2,1000-2000,16
923,4,103.0,1790.07,1394.55,25.75,1000-2000,7
924,11,198.0,269.95,695.66,18.0,200-500,95
925,4,477.0,18.97,631.5,119.25,10-50,97
926,11,67.0,2455.53,1572.91,6.090909090909091,2000+,53
927,7,789.0,185.73,966.26,112.71428571428571,100-200,73
928,13,70.0,993.7,1492.02,5.384615384615385,500-1000,70
929,12,59.0,858.62,1377.35,4.916666666666667,500-1000,62
930,3,1027.0,180.0,804.96,342.3333333333333,100-200,0
931,3,275.0,543.74,572.73,91.66666666666667,500-1000,74
932,12,180.0,384.42,873.97,15.0,200-500,42
933,3,334.0,2449.89,1472.53,111.33333333333333,2000+,89
934,7,759.0,1694.02,1960.92,108.42857142857143,1000-2000,2
935,10,174.0,1991.96,1542.4,17.4,1000-2000,96
936,1,780.0,366.37,516.69,780.0,200-500,37
937,9,934.0,415.5,1208.82,103.77777777777777,200-500,50
938,8,936.0,556.28,1277.26,117.0,500-1000,28
939,1,1002.0,2320.13,1475.4,1002.0,2000+,13
940,7,83.0,137.84,482.65,11.857142857142858,100-200,84
941,9,191.0,789.52,1058.5,21.22222222222222,500-1000,52
942,3,280.0,1090.37,1256.92,93.33333333333333,1000-2000,36
943,5,644.0,2383.17,1785.53,128.8,2000+,17
944,10,498.0,992.86,1395.03,49.8,500-1000,86
945,4,317.0,1793.28,1518.93,79.25,1000-2000,28
946,4,1100.0,370.61,860.32,275.0,200-500,61
947,4,263.0,2469.06,1503.98,65.75,2000+,6
948,4,932.0,1287.34,1513.28,233.0,1000-2000,33
949,14,343.0,2013.4,1839.05,24.5,2000+,40
950,2,274.0,888.24,917.79,137.0,500-1000,24
951,1,759.0,330.29,500.92,759.0,200-500,29
952,8,204.0,2178.45,1506.38,25.5,2000+,44
953,10,396.0,2068.65,1556.68,39.6,2000+,65
954,6,840.0,870.82,1496.46,140.0,500-1000,82
955,7,756.0,1473.59,1961.96,108.0,1000-2000,59
956,4,1048.0,279.75,780.15,262.0,200-500,75
957,9,800.0,39.96,1158.68,88.88888888888889,10-50,96
958,3,240.0,1895.67,1386.33,80.0,1000-2000,67
959,13,997.0,920.48,2124.16,76.6923076923077,500-1000,48
960,2,826.0,2163.39,1523.26,413.0,2000+,39
961,6,194.0,914.25,1168.72,32.333333333333336,500-1000,25
962,4,333.0,1934.76,1467.52,83.25,1000-2000,76
963,8,1053.0,1864.01,1794.57,131.625,1000-2000,1
964,12,466.0,1291.33,1770.37,38.833333333333336,1000-2000,33
965,8,916.0,2417.62,1755.05,114.5,2000+,62
966,11,322.0,1251.3,1732.46,29.272727272727273,1000-2000,30
967,13,11.0,1114.96,1555.48,0.8461538461538461,1000-2000,96
968,7,250.0,364.79,718.71,35.714285714285715,200-500,79
969,5,247.0,296.51,594.93,49.4,200-500,51
970,14,1158.0,2104.61,1899.69,82.71428571428571,2000+,61
971,11,1095.0,1071.83,2159.33,99.54545454545455,1000-2000,83
972,11,1149.0,270.81,1284.51,104.45454545454545,200-500,81
973,9,14.0,1057.38,1372.31,1.5555555555555556,1000-2000,38
974,4,184.0,983.77,1202.69,46.0,500-1000,77
975,6,135.0,2488.22,1561.2,22.5,2000+,21
976,5,717.0,1508.97,1722.49,143.4,1000-2000,97
977,1,389.0,1964.96,1228.94,389.0,1000-2000,96
978,3,1136.0,1296.54,1536.6,378.6666666666667,1000-2000,54
979,13,145.0,2202.42,1716.13,11.153846153846153,2000+,42
980,1,1122.0,861.5,1081.05,1122.0,500-1000,50
981,14,383.0,97.95,1203.93,27.357142857142858,50-100,95
982,1,309.0,1211.37,1110.55,309.0,1000-2000,36
983,14,1090.0,2248.68,1905.5,77.85714285714286,2000+,67
984,3,278.0,994.9,1167.78,92.66666666666667,500-1000,90
985,7,1109.0,2397.29,1917.57,158.42857142857142,2000+,29
986,12,643.0,2194.16,1758.03,53.583333333333336,2000+,16
987,11,176.0,1050.67,1444.13,16.0,1000-2000,67
988,7,309.0,1021.75,1309.85,44.142857142857146,1000-2000,75
989,3,992.0,1897.41,1539.0,330.6666666666667,1000-2000,41
990,3,175.0,440.19,431.17,58.333333333333336,200-500,19
991,5,895.0,2329.69,1791.96,179.0,2000+,69
992,8,372.0,348.37,950.24,46.5,200-500,37
993,5,567.0,193.11,718.3,113.4,100-200,11
994,8,978.0,710.43,1624.58,122.25,500-1000,43
995,1,1082.0,1809.49,446.94,1082.0,1000-2000,49
996,11,636.0,2238.97,1699.94,57.81818181818182,2000+,96
997,6,370.0,315.09,946.39,61.666666666666664,200-500,8
998,8,413.0,222.83,802.95,51.625,200-500,83
999,3,399.0,141.39,546.04,133.0,100-200,38
