trip_days,miles,receipts,expected_output,pred_v01,pred_v02,error_v01,error_v02,v02_better
3,93.0,1.42,364.51,458.88186,280.9058,94.37186000000003,83.60419999999999,True
1,55.0,3.6,126.06,342.6688,309.56399999999996,216.60879999999997,183.50399999999996,True
1,47.0,17.97,128.91,344.60451,552.0133,215.69451,423.1033,False
2,13.0,4.67,203.52,374.3966099999999,413.3733,170.87660999999989,209.85329999999996,False
3,88.0,5.78,380.37,458.3217399999999,566.6222,77.95173999999992,186.25220000000002,False
1,76.0,13.74,158.35,355.91842,449.8686,197.56842000000003,291.5186,False
3,41.0,4.52,320.12,436.87715999999995,464.6748,116.75715999999994,144.5548,False
1,140.0,22.71,199.68,387.89793,716.6719,188.21792999999997,516.9919,False
3,121.0,21.17,464.07,478.93411,767.6613,14.864109999999982,303.5913,False
3,117.0,21.99,359.1,477.46417,788.1111000000001,118.36417,429.01110000000006,False
2,202.0,21.24,356.17,465.0369199999999,751.9436000000001,108.86691999999988,395.77360000000004,False
3,80.0,21.05,366.87,460.60214999999994,748.0345,93.73214999999993,381.1645,False
2,21.0,20.04,204.58,383.85131999999993,647.2755999999999,179.27131999999992,442.6955999999999,False
3,177.0,18.73,430.86,502.9755899999999,724.4497,72.11558999999988,293.5897,False
1,141.0,10.15,195.14,383.53345,512.4,188.39345000000003,317.26,False
1,58.0,5.86,117.24,344.87237999999996,307.6,227.63237999999996,190.36,True
1,133.0,8.34,179.06,379.27221999999995,436.8,200.21221999999995,257.74,False
1,59.0,8.31,120.65,346.25673,406.0,225.60673,285.35,False
2,89.0,13.85,234.2,411.80855,508.02649999999994,177.60855000000004,273.82649999999995,False
2,147.0,17.43,325.56,439.04768999999993,627.4927,113.48768999999993,301.9327,False
5,130.0,306.9,574.1,692.4827,1029.353,118.3827,455.25300000000004,False
5,173.0,1337.9,1443.96,1106.5337,2085.228,337.4263000000001,641.268,False
5,592.0,433.75,869.0,947.11825,1514.7875,78.11824999999999,645.7874999999999,False
5,679.0,476.08,1030.41,1002.13264,1649.9096,28.277360000000044,619.4995999999999,False
5,708.0,1129.52,1654.62,1265.33416,2024.1664,389.2858399999998,369.5464000000002,True
5,261.0,464.94,621.12,811.43802,1456.3078,190.31802000000005,835.1878,False
5,794.0,511.0,1139.94,1066.797,1390.31,73.14300000000003,250.3699999999999,False
5,521.0,1448.55,1624.01,1304.12065,2370.486,319.8893499999999,746.4759999999999,False
5,595.0,863.93,1231.67,1113.21519,1878.9273,118.45481000000018,647.2573,False
5,811.0,952.39,1608.6,1243.43137,2107.7479000000003,365.1686299999999,499.1479000000004,False
5,477.0,704.42,1045.96,999.49486,1574.9162,46.46514000000002,528.9561999999999,False
5,730.0,485.73,991.49,1028.57459,1693.1801,37.084589999999935,701.6901,False
5,262.0,1173.79,1485.59,1083.37357,1904.2028,402.21642999999995,418.6128000000001,False
5,446.0,219.98,788.62,800.12834,949.7526,11.508339999999976,161.13260000000002,False
5,751.0,407.43,1063.46,1007.95169,1516.0091000000002,55.50831000000005,452.5491000000002,False
5,324.0,128.94,686.54,710.84802,1124.8732,24.308020000000056,438.33320000000003,False
5,414.0,967.0,1368.94,1071.965,1972.4700000000005,296.97500000000014,603.5300000000004,False
5,367.0,290.78,742.25,792.01074,1085.9486,49.760740000000055,343.69859999999994,False
5,764.0,848.75,1468.46,1182.77525,1922.0875,285.6847500000001,453.62750000000005,False
5,249.0,873.75,1185.24,962.66025,1756.3375,222.57975,571.0975000000001,False
8,862.0,1817.85,1719.37,1747.79855,2489.9359999999997,28.428550000000087,770.5659999999998,False
11,927.0,1994.33,1779.12,1994.53039,2835.3567999999996,215.41039,1056.2367999999997,False
9,602.0,186.69,1085.4,1057.15427,1769.8682,28.245730000000094,684.4681999999998,False
8,610.0,208.29,841.27,1018.94507,1137.6473,177.67507,296.3773000000001,False
12,333.0,1103.21,1618.13,1438.35743,2189.4372000000003,179.7725700000001,571.3072000000002,False
8,435.0,1129.65,1525.26,1293.77595,2065.138,231.48405000000002,539.8779999999999,False
9,218.0,1203.45,1561.63,1275.30935,2125.754,286.3206500000001,564.1239999999998,False
12,781.0,1159.18,1752.72,1659.60194,2442.5176,93.11806000000001,689.7976000000001,False
11,916.0,1036.91,2098.07,1622.93253,2285.1212000000005,475.1374700000001,187.05120000000034,True
10,358.0,2066.62,1624.11,1718.39346,2151.8325999999997,94.2834600000001,527.7225999999998,False
12,566.0,2013.7,1752.03,1890.9931,2296.401,138.96309999999994,544.3709999999999,False
9,954.0,1483.39,2024.2,1710.78237,2789.6748,313.41763000000014,765.4747999999997,False
9,534.0,1929.94,1624.87,1694.49102,2516.3424,69.62102000000004,891.4724000000001,False
12,765.0,1343.97,1953.03,1723.24051,2680.0404,229.7894899999999,727.0103999999999,False
8,630.0,967.69,1388.05,1318.71527,2209.9809000000005,69.33473000000004,821.9309000000005,False
10,909.0,696.0,1505.19,1439.192,1984.1600000000003,65.99800000000005,478.97000000000025,False
10,223.0,745.89,1037.45,1152.34387,1790.0829,114.89386999999988,752.6329000000001,False
8,467.0,1178.71,1483.33,1326.83793,2142.6972,156.49207,659.3672000000001,False
9,708.0,461.07,1110.6,1209.5178099999998,1825.9359,98.91780999999992,715.3359,False
9,885.0,1764.97,1694.37,1787.85351,2498.3712,93.48351000000002,804.0012000000002,False
6,855.0,591.35,1339.72,1174.82705,1594.0735,164.89294999999993,254.35349999999994,False
2,993.0,54.24,715.19,830.4619199999999,1023.328,115.2719199999998,308.1379999999999,False
5,685.0,747.14,1216.36,1108.62462,1726.8954,107.73537999999985,510.5354000000002,False
3,981.0,341.45,813.95,985.16135,1351.6365,171.21134999999992,537.6865,False
5,770.0,873.33,1502.49,1194.8653900000002,1964.0613,307.62460999999985,461.57130000000006,False
6,697.0,651.64,1237.71,1127.45012,1627.9404,110.25988000000007,390.2303999999999,False
3,795.0,450.85,743.94,944.10555,1536.5145,200.16554999999994,792.5745,False
3,606.0,1184.23,1364.54,1140.69609,1955.5836,223.84391000000005,591.0436,False
3,842.0,865.37,1251.14,1123.82871,1880.0457,127.3112900000001,628.9056999999998,False
7,748.0,241.73,971.31,1043.25059,1222.1001,71.94059000000016,250.79010000000017,False
7,624.0,148.16,905.79,952.10928,1455.9648000000002,46.31928000000005,550.1748000000002,False
2,713.0,740.33,1048.28,968.35439,1577.1313000000002,79.92561,528.8513000000003,False
3,874.0,1191.4,1515.99,1262.9702,2072.248,253.01980000000003,556.258,False
6,761.0,530.19,1120.1,1109.47877,1458.0059,10.621229999999969,337.9059000000002,False
1,815.0,97.89,539.36,717.74187,1325.533,178.38186999999994,786.1729999999999,False
1,601.0,497.7,644.12,775.4251,1469.949,131.30510000000004,825.8290000000001,False
7,817.0,1127.87,1809.91,1413.41621,2165.5883999999996,396.49379,355.67839999999956,True
1,606.0,923.0,1050.05,940.545,1778.4300000000003,109.505,728.3800000000003,False
1,909.0,741.82,866.07,1006.29106,1607.9302000000002,140.22105999999997,741.8602000000002,False
3,624.0,1160.92,1459.34,1139.79636,1932.0144,319.54363999999987,472.6744000000001,False
4,650.0,619.49,676.38,994.07467,1457.3789000000002,317.69467,780.9989000000002,False
6,204.0,818.99,628.4,971.66717,1700.1739000000002,343.2671700000001,1071.7739000000001,False
1,263.0,396.49,198.42,585.91367,1094.8813,387.49367000000007,896.4613,False
1,451.0,555.49,162.18,730.6586699999999,1124.7389,568.47867,962.5589,False
10,424.0,474.99,831.96,1138.2351700000002,1795.3263000000002,306.2751700000001,963.3663000000001,False
2,565.0,389.49,415.96,767.97467,1249.0913,352.01466999999997,833.1313,False
9,397.0,348.49,913.29,1027.69367,1434.7213000000002,114.40367000000015,521.4313000000002,False
1,532.0,413.99,355.57,712.59017,1243.9563,357.02016999999995,888.3863000000001,False
2,384.0,495.49,290.36,727.8466699999999,1427.9113000000002,437.4866699999999,1137.5513,False
5,754.0,489.99,765.13,1040.91017,1712.8763,275.7801700000001,947.7462999999999,False
1,344.46,813.85,707.88,782.09371,1498.0825,74.21370999999999,790.2025,False
3,906.3,540.03,848.42,1027.90129,1381.9683,179.48129000000006,533.5483,False
3,1007.56,187.52,764.64,938.05192,1636.8896,173.41192,872.2496,False
1,359.62,221.15,255.57,561.8509700000001,717.9735000000001,306.2809700000001,462.40350000000007,False
1,362.79,749.19,636.51,765.5041100000001,1401.3119000000002,128.9941100000001,764.8019000000002,False
1,288.72,159.26,303.94,506.5257,1086.0108,202.58569999999997,782.0708,False
2,782.17,830.72,1165.44,1033.82358,1750.3272000000002,131.61642000000006,584.8872000000001,False
2,623.18,347.54,625.15,777.8561,1172.9418,152.7061,547.7918000000001,False
3,1061.15,388.5,693.36,1038.9284,1495.205,345.5684,801.8449999999999,False
1,252.75,285.5,331.74,538.833,827.735,207.09299999999996,495.995,False
3,1020.39,250.62,779.08,967.9414,1152.1254,188.8614,373.04539999999986,False
1,257.97,816.81,738.01,744.65285,1468.2521000000002,6.642849999999953,730.2421000000002,False
3,1025.03,592.55,992.4,1100.97003,1514.0175,108.57002999999997,521.6175,False
2,794.32,402.31,671.06,875.1614500000001,1371.2027000000005,204.1014500000001,700.1427000000006,False
1,276.85,485.54,361.66,626.19692,1311.4698,264.53691999999995,949.8098,False
2,851.68,473.96,650.68,928.1859599999998,1563.9572,277.50595999999985,913.2772000000001,False
3,859.12,611.07,960.47,1034.06733,1477.4707000000003,73.59733000000006,517.0007000000003,False
3,1317.07,476.87,787.42,1186.91443,1807.0099,399.4944300000001,1019.5899000000001,False
1,388.1,827.37,741.46,806.73531,1537.3057,65.27530999999999,795.8456999999999,False
1,264.39,758.27,636.19,725.09535,1376.5707000000002,88.90535,740.3807000000002,False
5,198.21,594.83,807.48,833.18155,1286.9603000000002,25.701549999999997,479.48030000000017,False
6,72.85,457.75,666.59,774.81935,1414.0075000000002,108.22934999999995,747.4175000000001,False
8,297.64,481.09,835.08,984.11491,1659.2393,149.03490999999997,824.1592999999999,False
7,237.33,1262.27,1452.17,1206.35859,2111.1284,245.81141000000002,658.9584,False
5,195.73,1228.49,511.23,1074.76725,1949.8988,563.5372500000001,1438.6688,False
8,276.28,1179.9,1522.6,1242.23258,2067.9800000000005,280.3674199999998,545.3800000000006,False
8,302.24,1046.04,1353.77,1202.54236,1901.6688,151.22764000000006,547.8987999999999,False
8,266.87,252.08,880.41,882.68066,1104.1776,2.2706600000000208,223.76760000000002,False
9,310.69,239.64,828.16,947.50986,1142.2228,119.34986000000004,314.06280000000004,False
6,222.08,709.07,1031.34,937.63149,1530.4347000000002,93.70850999999993,499.09470000000033,False
8,264.94,720.67,1019.85,1061.28985,1666.2547,41.439849999999865,646.4046999999999,False
8,161.15,1230.37,1499.24,1210.2146099999998,2088.5483999999997,289.02539000000024,589.3083999999997,False
9,259.96,554.74,835.54,1045.56758,1447.1154,210.02757999999994,611.5754,False
9,97.85,518.56,850.57,959.40958,1324.0216,108.83957999999996,473.4516,False
9,194.34,1054.93,1374.9,1207.87383,1920.2436,167.0261700000001,545.3435999999999,False
9,332.35,374.61,830.45,1008.86373,1470.7657000000002,178.41373,640.3157000000001,False
5,126.44,696.14,845.35,839.9738600000001,1421.3614,5.376139999999964,576.0114,False
5,66.13,848.03,1050.25,871.24947,1641.7803,179.00053000000003,591.5302999999999,False
6,135.34,1144.13,1478.11,1065.57343,1864.3876,412.53657,386.2776000000001,True
6,233.7,346.98,648.57,804.13354,1215.8226,155.56354,567.2525999999999,False
9,849.0,1007.41,1785.47,1481.6520299999995,2119.3812000000003,303.8179700000005,333.91120000000024,False
6,806.0,1760.64,1718.76,1600.81112,2312.6144000000004,117.94887999999992,593.8544000000004,False
8,891.0,1194.36,2016.46,1521.9358799999998,2332.9552000000003,494.52412000000027,316.4952000000003,True
9,1182.0,1342.24,2164.15,1758.40992,2694.5568000000003,405.74008000000003,530.4068000000002,False
7,1010.0,1514.03,2063.98,1647.39349,2207.4687999999996,416.5865100000001,143.48879999999963,True
8,892.0,1768.53,1902.37,1742.28899,2454.5887999999995,160.08100999999988,552.2187999999996,False
6,825.0,1692.73,1817.77,1583.2755900000002,2255.0208,234.4944099999998,437.2507999999998,False
8,1118.0,1758.52,1852.47,1839.25116,2535.3792,13.21884,682.9091999999998,False
8,1064.0,1756.52,1857.04,1814.40116,2511.8592,42.63884000000007,654.8191999999999,False
6,811.0,1252.04,1771.8,1408.24732,2277.0928000000004,363.55268,505.2928000000004,False
7,889.0,1417.96,1826.08,1556.6326800000002,2577.3072,269.44731999999976,751.2272000000003,False
9,1012.0,1429.04,1880.76,1715.83432,2741.1328000000003,164.92568000000006,860.3728000000003,False
6,909.0,1332.18,1720.21,1482.64894,2422.0776,237.56106,701.8676,False
9,1096.0,1690.22,1894.85,1853.33026,2511.0112,41.519739999999956,616.1612,False
9,913.0,1021.29,1964.86,1515.51207,2163.3028000000004,449.3479299999999,198.4428000000005,True
6,1006.0,1219.71,1803.97,1482.83493,2312.4172000000003,321.13507000000004,508.4472000000003,False
6,907.0,1650.17,1737.86,1603.54711,2246.9632,134.31288999999992,509.10320000000024,False
9,816.0,1171.81,1780.58,1529.89923,2323.1892,250.68076999999994,542.6091999999999,False
7,1006.0,1181.33,2279.82,1518.18539,2311.7556,761.6346100000001,31.935599999999795,True
6,835.0,1404.28,1765.79,1477.25924,2487.6495999999997,288.5307599999999,721.8595999999998,False
12,528.0,2476.41,1662.88,2051.26303,2618.9793,388.38302999999996,956.0992999999999,False
4,69.0,2321.49,322.0,1386.8146699999998,1922.2876999999996,1064.8146699999998,1600.2876999999996,False
11,1179.0,31.36,1550.55,1355.10488,1492.0,195.44511999999986,58.549999999999955,True
13,756.0,954.4,1793.07,1620.0712,2488.9840000000004,172.99879999999985,695.9140000000004,False
1,123.0,2076.65,1171.68,1166.97495,1615.1545,4.705050000000028,443.47450000000003,False
3,1162.0,2152.66,1434.71,1759.5807799999998,2186.2418,324.87077999999974,751.5317999999997,False
1,822.0,2170.53,1374.91,1514.6849900000002,1963.2869,139.77499000000012,588.3769,False
11,558.0,1549.86,1823.47,1659.72438,2261.0656,163.74561999999992,437.5955999999999,False
2,753.0,1111.16,1353.87,1128.22228,1867.9312,225.64771999999994,514.0612000000001,False
10,224.0,407.51,794.7,1023.19033,1555.3987000000002,228.49032999999997,760.6987000000001,False
6,383.0,462.79,800.3,915.07657,1550.0123,114.77656999999999,749.7123000000001,False
8,1005.0,1391.37,1987.39,1648.2347099999995,2638.6084,339.1552900000006,651.2184,False
10,1145.0,311.43,1366.61,1397.15769,1696.0891,30.547690000000102,329.4791,False
5,1004.0,2367.63,1743.85,1871.54629,2379.9699,127.69629000000009,636.1199000000001,False
5,873.0,1402.35,1676.79,1443.41805,2450.3019999999997,233.37194999999997,773.5119999999997,False
2,165.0,1813.32,1273.45,1134.90156,1906.7872,138.54844000000003,633.3371999999999,False
5,1076.0,190.33,879.65,1069.75239,1780.5074000000002,190.10239000000013,900.8574000000002,False
12,986.0,2390.92,1760.0,2222.78836,2739.7716,462.78836,979.7716,False
7,948.0,657.17,1578.97,1291.5641099999998,1787.2437,287.4058900000002,208.27369999999996,True
3,429.0,2400.13,1411.95,1527.44379,2073.6949,115.49378999999999,661.7448999999999,False
4,362.0,646.43,788.53,875.9446899999999,1385.5522999999998,87.41468999999995,597.0222999999999,False
2,622.0,1871.56,1494.23,1361.02948,2145.4976,133.2005200000001,651.2676000000001,False
1,140.0,255.99,150.34,477.24417,712.6963000000001,326.90417,562.3563,False
8,123.0,612.55,851.24,956.5746499999998,1435.4055,105.33464999999978,584.1655000000001,False
4,87.0,2463.92,1413.52,1449.39336,2033.4616,35.87336000000005,619.9416000000001,False
10,164.0,1144.9,1516.43,1278.8507,2076.8680000000004,237.5793000000001,560.4380000000003,False
1,989.0,2196.84,1439.17,1599.2437200000002,2049.2932,160.0737200000001,610.1232,False
4,470.0,1968.63,1501.1,1430.51529,2277.8848,70.58470999999986,776.7847999999999,False
1,37.0,1397.17,1092.94,868.3781100000001,1909.0644,224.56188999999995,816.1243999999999,False
8,488.0,439.7,1030.13,1053.1631,1637.289,23.033099999999877,607.1589999999999,False
12,757.0,897.4,1780.07,1548.6362,2347.614,231.43380000000002,567.5440000000001,False
14,958.0,1727.76,2065.16,2056.4100799999997,2741.8496,8.749920000000202,676.6896000000002,False
2,456.0,2390.7,1342.39,1485.8240999999998,2027.611,143.43409999999972,685.221,False
5,733.0,41.18,771.83,859.64994,1160.9,87.81993999999997,389.07000000000005,False
5,291.0,1279.7,1477.12,1136.8711,2055.6040000000003,340.2488999999998,578.4840000000004,False
10,478.0,2091.79,1568.41,1781.55357,2218.2066999999997,213.14356999999995,649.7966999999996,False
8,817.0,1455.73,1847.26,1589.03659,2648.3636,258.22341000000006,801.1036000000001,False
6,1043.0,1404.35,1807.42,1570.0540500000002,2570.942,237.36594999999988,763.5219999999999,False
2,958.0,1855.58,1549.54,1504.76514,2264.5568,44.77485999999999,715.0167999999999,False
9,524.0,474.75,935.4,1132.69325,1784.7575000000002,197.29325000000006,849.3575000000002,False
6,45.0,81.59,522.58,618.32897,1109.423,95.74896999999999,586.843,False
8,342.0,2259.06,1502.02,1684.86198,2185.9138,182.84197999999992,683.8937999999998,False
12,379.0,1897.29,1682.98,1763.00607,2572.9984,80.02606999999989,890.0183999999999,False
6,333.0,1254.68,1585.02,1196.07044,2089.3776000000003,388.94956,504.3576000000003,False
2,634.0,1739.81,1490.51,1315.92123,2023.8176,174.58877000000007,533.3076000000001,False
5,285.0,974.73,1282.84,1017.39159,1933.3153,265.44840999999997,650.4753000000001,False
12,33.0,1249.13,1707.38,1360.44479,2262.0516,346.9352100000001,554.6715999999997,False
9,118.0,1285.82,1539.77,1262.25706,2194.4824,277.51294000000007,654.7123999999999,False
1,420.0,2273.6,1220.35,1374.8688,1877.728,154.51880000000006,657.3780000000002,False
11,312.0,2072.39,1586.22,1750.13737,2187.6447,163.9173699999999,601.4246999999998,False
10,753.0,2054.02,1779.08,1889.73766,2300.6346000000003,110.65766000000008,521.5546000000004,False
5,125.0,96.38,570.99,609.62354,1234.886,38.63354000000004,663.896,False
6,597.0,888.84,1395.65,1173.69772,1969.8324,221.9522800000002,574.1823999999999,False
12,1065.0,203.2,1408.25,1420.1255999999998,1507.584,11.87559999999985,99.33400000000006,False
1,214.0,540.03,402.81,619.03549,1005.0483,216.22548999999998,602.2383,False
11,886.0,922.66,1852.24,1565.79478,2389.8826,286.44522000000006,537.6425999999999,False
10,621.0,978.73,1656.28,1419.02959,2324.1553,237.25040999999987,667.8752999999999,False
4,1000.0,2355.34,1699.56,1815.00522,2319.3982,115.44522000000006,619.8382000000001,False
13,534.0,1765.96,1881.36,1831.88668,2558.9216,49.47331999999983,677.5616000000002,False
6,475.0,1800.71,1671.23,1468.53193,2218.6816,202.69806999999992,547.4515999999999,False
11,623.0,2265.21,1739.18,1962.69343,2452.8033,223.51342999999997,713.6233,False
1,620.0,973.91,1112.02,966.28753,1865.9951,145.73247000000003,753.9751000000001,False
13,1004.0,1757.75,1960.67,2038.3622499999997,2739.04,77.6922499999996,778.3699999999999,False
8,962.0,1929.63,1897.19,1835.21029,2637.2448,61.97971000000007,740.0547999999999,False
14,516.0,1464.67,1842.1,1758.5146099999995,2839.7644,83.58539000000042,997.6644000000001,False
11,685.0,2272.75,1873.94,1993.23325,2483.1075,119.29324999999994,609.1675,False
3,307.0,266.21,540.97,655.74043,903.7177,114.77042999999992,362.7477,False
3,375.0,1346.21,1339.93,1099.70843,2076.9972,240.22157000000016,737.0671999999997,False
4,1124.0,2177.18,1567.43,1802.07394,2238.9413999999997,234.64393999999993,671.5113999999996,False
3,779.0,2110.9,1520.73,1572.7687,2002.557,52.03870000000006,481.827,False
8,1173.0,671.25,1419.34,1447.35675,1949.9125,28.016750000000002,530.5725,False
14,47.0,1667.14,1745.18,1626.8866199999998,2319.2544,118.2933800000003,574.0743999999997,False
3,981.0,2008.83,1539.47,1623.76789,2008.8459,84.29789000000005,469.3759,False
5,516.0,1450.67,1547.5,1302.70261,2371.2844,244.79738999999995,823.7844,False
6,471.0,332.51,872.19,904.42733,1276.4487,32.23732999999993,404.25869999999986,False
2,941.0,1565.77,1432.79,1386.18591,1979.5392,46.60409000000004,546.7492,False
10,377.0,301.96,837.36,1051.00268,1366.4452,213.64268000000004,529.0852000000001,False
7,273.0,285.83,793.58,848.29089,1136.6171,54.71088999999995,343.0370999999999,False
1,458.0,834.7,737.28,840.7181,1577.0670000000002,103.43810000000008,839.7870000000003,False
11,772.0,932.31,1575.52,1518.6467300000002,2359.8190999999997,56.87326999999982,784.2990999999997,False
11,36.0,1541.47,1593.24,1423.69901,2044.2111999999995,169.54098999999997,450.9711999999995,False
12,211.0,1048.29,1579.73,1362.91107,2068.1428,216.8189299999999,488.41280000000006,False
7,987.0,2164.1,1839.67,1886.1123,2324.593,46.44229999999993,484.9229999999998,False
9,662.0,2275.59,1599.27,1883.96297,2375.9807,284.69297000000006,776.7107000000001,False
12,96.0,1164.37,1553.21,1356.07971,2175.3684,197.13029000000006,622.1583999999998,False
5,569.0,1856.7,1623.81,1481.8501,2260.032,141.95989999999983,636.2220000000002,False
12,128.0,477.17,874.99,1107.15411,1782.0929,232.16410999999994,907.1029000000001,False
4,886.0,2401.28,1698.0,1781.7562400000002,2307.3344,83.75624000000016,609.3344000000002,False
13,19.0,807.27,1331.53,1235.01841,1957.3047,96.51159000000007,625.7746999999999,False
8,275.0,2347.09,1454.47,1688.69547,2223.3757,234.22546999999986,768.9057,False
9,963.0,588.5,1434.42,1372.0535,1782.685,62.36650000000009,348.2649999999999,False
14,1056.0,2489.69,1894.16,2391.93727,2939.8737,497.7772699999998,1045.7137,False
5,728.0,423.16,947.72,1003.71828,1544.0892,55.99828000000002,596.3691999999999,False
4,286.0,1063.49,418.17,1001.78267,1718.2068,583.61267,1300.0367999999999,False
11,332.0,1352.48,1663.39,1483.33184,2468.0736,180.05816000000004,804.6836000000001,False
12,49.0,1118.38,1494.81,1317.5035400000002,2095.8616,177.3064599999998,601.0516000000002,False
2,18.0,2503.46,1206.95,1333.66318,1934.7258,126.71317999999997,727.7757999999999,False
14,592.0,1268.36,1930.24,1717.2238799999998,2611.0352,213.01612000000023,680.7951999999998,False
3,892.0,171.32,875.39,880.30756,1497.0296,4.91755999999998,621.6396000000001,False
11,741.0,1872.39,1847.08,1864.8713700000003,2643.8944,17.79137000000037,796.8144000000002,False
14,807.0,2358.41,1819.41,2230.60303,2744.4393,411.19303000000014,925.0292999999999,False
5,873.0,1584.53,1796.7,1513.19299,2120.3488,283.50701000000004,323.64880000000016,False
3,1159.0,2209.44,1434.84,1779.98952,2226.4912,345.14952000000017,791.6512,False
11,920.0,1338.65,1871.27,1740.28295,2685.018,130.98704999999995,813.748,False
1,388.0,390.7,332.06,639.4461,1131.159,307.3861,799.0990000000002,False
9,576.0,1059.79,1547.5,1379.95557,2079.3228,167.54442999999992,531.8227999999999,False
9,524.0,2367.12,1640.78,1857.47096,2387.5976,216.69096000000013,746.8176000000001,False
10,459.0,2183.11,1559.59,1808.05513,2277.2703,248.46513000000004,717.6803000000002,False
4,725.0,588.9,1097.95,1015.8087,1438.129,82.1413,340.17899999999986,False
1,992.0,958.87,1222.41,1126.43921,1990.5807,95.97079000000008,768.1706999999999,False
10,536.0,2194.42,1615.13,1846.72886,2316.3266,231.59885999999983,701.1965999999998,False
11,1126.0,1593.03,2143.74,1929.58649,2529.7088000000003,214.15350999999987,385.96880000000056,False
10,314.0,1098.8,1539.1,1328.0944,2076.016,211.00559999999996,536.9160000000002,False
1,9.0,2246.28,1120.22,1181.09924,1693.3844,60.87923999999998,573.1643999999999,False
11,706.0,1508.23,2030.59,1709.78809,2280.3008,320.8019099999999,249.71080000000006,True
10,976.0,2166.02,1775.03,2032.09166,2471.5946000000004,257.0616600000001,696.5646000000004,False
5,1028.0,653.19,1313.95,1225.6197700000002,1712.8359000000005,88.3302299999998,398.88590000000045,False
8,1166.0,99.47,1149.07,1225.24301,1831.259,76.17300999999998,682.1890000000001,False
12,882.0,1958.14,1944.88,2010.64962,2832.6144,65.7696199999998,887.7343999999998,False
11,448.0,732.79,1090.35,1297.72657,1908.9919,207.37657000000013,818.6419000000001,False
7,623.0,1691.39,1800.86,1542.72037,2222.9344,258.1396299999999,422.0744000000002,False
3,127.0,293.49,303.2,585.9086699999999,896.3713,282.7086699999999,593.1713,False
12,218.0,486.02,1005.67,1150.68366,1839.0674,145.01365999999996,833.3974,False
3,1166.0,530.44,785.59,1140.05452,1470.4084000000005,354.4645199999999,684.8184000000005,False
11,17.0,550.58,830.07,1035.71414,1443.2338,205.64414,613.1637999999999,False
9,696.0,1749.97,1649.49,1697.8145100000002,2408.3712,48.324510000000146,758.8812,False
4,305.0,125.79,664.43,651.1175699999999,1049.0662000000002,13.312430000000063,384.63620000000026,False
12,104.0,1300.05,1779.92,1411.61315,2357.666,368.30685000000017,577.7460000000001,False
1,303.0,931.53,857.42,808.67399,1670.9633,48.746009999999956,813.5432999999999,False
8,1012.0,2390.84,1732.12,2034.15372,2550.1132,302.03372000000013,817.9931999999999,False
9,938.0,2224.29,1913.87,1987.41107,2448.9317,73.54107000000022,535.0617000000002,False
3,471.0,288.19,535.67,737.3027699999999,1021.4103,201.63276999999994,485.74030000000005,False
5,72.0,977.67,1156.55,923.51961,1852.8487,233.03039,696.2987,False
10,160.0,2272.56,1642.15,1708.9604800000002,2222.9687999999996,66.8104800000001,580.8187999999996,False
10,965.0,1851.28,1805.77,1906.64024,2663.2288,100.87023999999997,857.4587999999999,False
3,266.0,2178.16,1447.95,1369.73128,1846.4568,78.21872000000008,398.5067999999999,False
12,734.0,2491.82,1792.31,2149.04106,2712.6286,356.73106000000007,920.3186000000001,False
12,64.0,1641.01,1710.72,1524.36083,2200.9696,186.35916999999995,490.2495999999999,False
9,497.0,1845.08,1674.09,1645.4876399999998,2420.0768,28.60236000000009,745.9867999999999,False
3,781.0,1801.38,1586.21,1455.11454,2191.7248,131.09546,605.5147999999999,False
3,158.0,1070.74,1183.16,897.42142,1626.5768,285.73858000000007,443.41679999999997,False
3,1096.0,200.27,802.96,982.37941,1063.0399000000002,179.41940999999997,260.0799000000002,False
11,1116.0,2067.8,1987.44,2106.9634,2505.894,119.52340000000004,518.4539999999997,False
10,831.0,39.86,982.64,1153.10238,1430.3000000000002,170.46238000000005,447.6600000000002,False
14,124.0,1064.64,1761.68,1430.47112,2154.9248,331.20888000000014,393.2447999999997,False
4,10.0,1262.73,1261.41,954.99559,1870.8036,306.4144100000001,609.3935999999999,False
5,955.0,106.86,897.78,983.81738,1249.6508,86.03737999999998,351.8707999999999,False
7,1176.0,2489.13,1921.16,2094.89279,2637.4649,173.7327899999998,716.3048999999999,False
6,803.0,465.6,1012.0,1103.4728,1724.6720000000005,91.4728,712.6720000000005,False
9,868.0,62.12,1022.81,1128.07996,1399.764,105.26996000000008,376.95399999999995,False
1,181.0,128.05,225.12,446.52915,862.5290000000001,221.40915,637.4090000000001,False
3,70.0,631.88,564.16,690.0900399999999,1195.3268,125.93003999999996,631.1668000000001,False
8,1090.0,419.76,1189.47,1314.01808,1830.8312,124.54808000000003,641.3612,False
14,1184.0,2269.89,1943.24,2364.8418699999997,2830.6196999999997,421.60186999999974,887.3796999999997,False
1,735.0,1676.9,1365.21,1286.8227,1953.824,78.3873000000001,588.614,False
2,547.0,119.09,509.52,656.38347,1007.1402,146.86347,497.62020000000007,False
11,265.0,218.66,949.34,1019.19678,1174.2242,69.85677999999996,224.88420000000008,False
10,223.0,886.32,1305.54,1206.12856,2016.1752,99.41143999999986,710.6351999999999,False
12,959.0,1947.82,1833.24,2041.03906,2853.5072,207.79906000000005,1020.2672,False
11,498.0,1578.39,1793.52,1643.8913699999998,2264.4544,149.62863000000016,470.9344000000001,False
14,127.0,988.4,1688.9,1402.6092,2342.124,286.2908,653.2239999999997,False
3,621.0,214.08,779.66,775.8186400000001,905.7696,3.841359999999895,126.1096,False
6,1193.0,2241.5,1839.47,1957.5825,2413.495,118.11249999999995,574.0249999999999,False
4,448.0,2055.97,1497.46,1454.1545099999998,1880.0581,43.30549000000019,382.59809999999993,False
8,466.0,2064.63,1558.12,1665.69929,2093.5799,107.57929000000013,535.4599000000003,False
12,229.0,1216.16,1696.65,1435.23328,2296.9312,261.41672000000017,600.2811999999999,False
13,658.0,559.48,1573.12,1425.10884,1813.9628,148.0111599999998,240.84280000000012,False
13,1034.0,2477.98,1842.24,2327.5903399999997,2872.5254,485.35033999999973,1030.2854,False
4,842.0,2464.29,1611.66,1786.26507,2335.7317,174.60506999999984,724.0716999999997,False
13,837.0,1218.93,1921.68,1757.51219,2593.7876,164.16781000000015,672.1076,False
11,927.0,1306.37,1804.68,1731.04171,2645.2084,73.6382900000001,840.5283999999999,False
4,1047.0,1657.68,1605.84,1568.76344,2210.1728000000003,37.07655999999997,604.3328000000004,False
4,262.0,1681.28,1435.34,1227.69224,1918.8288,207.64775999999983,483.4888000000001,False
7,1126.0,1103.75,2014.72,1541.9922499999998,2257.3500000000004,472.72775000000024,242.63000000000034,True
5,781.0,672.91,1125.36,1123.01053,1645.7851,2.349469999999883,520.4251000000002,False
5,831.0,591.65,1090.31,1114.18795,1534.9565000000002,23.877950000000055,444.6465000000003,False
7,1089.0,1026.25,2132.85,1495.80775,2140.25,637.04225,7.400000000000091,True
1,793.0,2171.07,1421.36,1501.95781,1952.0811,80.59781000000021,530.7211000000002,False
9,368.0,495.12,847.33,1070.91896,1770.6344,223.58895999999993,923.3043999999999,False
6,818.0,1130.38,1704.06,1364.77354,2119.3016,339.28646000000003,415.24159999999983,False
11,667.0,1915.95,1732.2,1848.55085,2656.112,116.35085000000004,923.912,False
2,267.0,2116.93,1349.04,1296.67619,1752.1589,52.36381000000006,403.11889999999994,False
10,1083.0,2105.36,1844.58,2056.58088,2470.1128,212.00088000000005,625.5328,False
13,529.0,1767.79,2015.18,1830.35757,2558.6784,184.82243000000017,543.4983999999997,False
9,1155.0,1346.4,2248.12,1747.9612,2689.2480000000005,500.1587999999999,441.1280000000006,True
7,1185.0,1768.01,2072.18,1822.71783,2521.2896,249.4621699999998,449.1096000000002,False
5,763.0,1420.94,1777.14,1401.47802,2430.8408,375.6619800000001,653.7007999999998,False
7,368.0,1231.69,1550.04,1252.92527,2123.0308000000005,297.11473,572.9908000000005,False
6,659.0,322.1,972.58,984.2883,1326.977,11.708300000000008,354.39700000000005,False
14,1138.0,518.18,1696.86,1673.4209399999995,1989.4698,23.43906000000038,292.6098000000002,False
6,172.0,1977.78,1603.89,1401.21174,2267.4688,202.67826000000014,663.5788,False
6,628.0,311.47,903.3,966.39101,1289.3839000000005,63.0910100000001,386.08390000000054,False
2,500.0,1246.48,1264.53,1067.21184,1945.3536,197.31816000000003,680.8235999999999,False
8,7.0,2075.6,1422.12,1465.1868,1917.988,43.06680000000006,495.86800000000017,False
5,942.0,2092.87,1696.72,1738.6612100000002,2154.5950999999995,41.94121000000018,457.8750999999995,False
12,81.0,2485.34,1589.65,1855.32122,2446.6982,265.67121999999995,857.0481999999997,False
4,166.0,791.52,866.18,844.0981599999999,1540.7472000000002,22.081840000000057,674.5672000000003,False
3,213.0,1724.85,1344.71,1172.47555,1891.056,172.23444999999992,546.346,False
11,1004.0,167.15,1175.65,1329.06245,1917.727,153.4124499999998,742.077,False
5,116.0,478.1,624.04,751.8083,1429.4970000000003,127.76830000000007,805.4570000000003,False
13,112.0,2299.56,1807.67,1848.04348,2373.4788,40.37347999999997,565.8087999999998,False
1,43.0,2149.22,1134.47,1159.08926,1636.1306,24.61925999999994,501.66059999999993,False
2,660.0,1944.4,1531.2,1405.8752,2230.624,125.3248000000001,699.4239999999998,False
10,888.0,298.68,1171.54,1277.65244,1563.0716000000002,106.1124400000001,391.53160000000025,False
10,860.0,2380.76,1759.97,2062.6010800000004,2581.9548000000004,302.63108000000034,821.9848000000004,False
10,1187.0,1981.09,2013.21,2055.36947,2876.6463999999996,42.159470000000056,863.4363999999996,False
12,1139.0,124.65,1314.3,1423.0449500000002,1776.077,108.74495000000024,461.77700000000004,False
5,966.0,359.51,927.98,1085.48833,1488.4387000000002,157.5083299999999,560.4587000000001,False
10,796.0,1352.08,2000.19,1640.07264,2603.1456,360.11735999999996,602.9555999999998,False
9,72.0,1281.32,1515.54,1240.01756,2170.1424,275.52243999999996,654.6024000000002,False
10,215.0,2440.91,1638.66,1797.96853,2367.8643,159.30853000000002,729.2043000000001,False
7,671.0,1297.02,1703.2,1413.08466,2330.4664,290.11534000000006,627.2663999999997,False
5,230.0,333.69,538.36,747.3432700000001,1132.8453,208.98327000000006,594.4852999999999,False
5,467.0,1243.31,1549.82,1201.42973,2077.9692,348.3902699999999,528.1492000000001,False
13,247.0,2339.61,1705.9,1923.59263,2456.7153,217.69263,750.8152999999998,False
14,777.0,1248.61,1837.25,1792.16963,2658.9651999999996,45.0803699999999,821.7151999999996,False
11,740.0,1171.99,902.09,1596.17217,2393.0268,694.08217,1490.9368,False
6,884.0,1798.31,1897.87,1650.02673,2379.9775999999997,247.84326999999985,482.1075999999998,False
5,789.0,1853.31,1792.88,1578.67173,2344.7776,214.20827000000008,551.8975999999998,False
4,825.0,874.99,784.52,1169.98117,1938.7339,385.46117000000004,1154.2139,False
2,301.0,769.23,731.28,795.6710899999999,1458.8603000000005,64.39108999999996,727.5803000000005,False
12,1007.0,1353.77,1925.32,1834.92591,2789.7763999999997,90.39409,864.4563999999998,False
5,865.0,644.79,1202.46,1149.70457,1634.1119,52.75542999999993,431.65190000000007,False
14,81.0,1251.97,1682.62,1483.0405099999998,2385.0004,199.57949000000008,702.3804,False
8,1159.0,2175.27,1752.18,2017.15241,2451.5471,264.97240999999985,699.3670999999997,False
11,496.0,373.98,1152.99,1181.71034,1634.7326,28.72034000000008,481.74260000000004,False
1,752.0,1632.35,1362.39,1277.34205,1917.856,85.04795000000013,555.4659999999999,False
5,1014.0,1853.57,1749.31,1679.12131,2435.0272,70.18868999999995,685.7172,False
9,686.0,145.66,972.95,1078.90378,1566.3148,105.95378000000005,593.3648000000001,False
5,654.0,1272.89,1724.68,1296.1608700000002,2191.8148,428.5191299999999,467.13480000000004,False
8,621.0,2391.34,1593.12,1859.95922,2394.0782,266.83922000000007,800.9582,False
9,1080.0,539.51,1306.91,1405.4723299999998,1750.6111,98.56232999999975,443.7011,False
10,714.0,269.06,1067.81,1188.70398,1423.2722,120.89398000000006,355.46220000000017,False
10,816.0,1425.64,1872.81,1677.16612,2708.2448000000004,195.64387999999985,835.4348000000005,False
14,1122.0,1766.25,2239.35,2144.29575,2844.3999999999996,95.05424999999968,605.0499999999997,False
4,1202.0,1074.87,1501.24,1414.6772099999998,2099.6283999999996,86.56279000000018,598.3883999999996,False
5,651.0,1573.3,1682.08,1409.8799,2020.768,272.2001,338.6880000000001,False
14,1100.0,237.69,1265.57,1549.0452699999998,1703.3253,283.4752699999999,437.75530000000003,False
14,296.0,485.68,924.9,1285.44144,1969.4616,360.5414400000001,1044.5616,False
1,697.0,2148.5,1421.07,1450.4975,1897.205,29.42750000000001,476.135,False
6,1044.0,47.46,1133.45,1050.81118,1429.5,82.63882000000012,296.04999999999995,False
12,398.0,2481.44,1755.18,1995.20952,2570.6512,240.02952000000005,815.4711999999997,False
3,139.0,2428.89,1345.66,1409.1188699999998,1978.6896999999997,63.458869999999706,633.0296999999996,False
6,84.0,852.7,1109.32,931.0581,1706.447,178.26189999999997,597.127,False
2,423.0,1639.17,1367.64,1183.27011,1842.8032,184.36989000000017,475.16319999999996,False
11,815.0,2385.6,1872.44,2094.4348,2617.488,221.99479999999994,745.0479999999998,False
6,577.0,897.74,1257.31,1168.18642,1976.1614,89.12357999999995,718.8514,False
8,200.0,1508.89,1461.33,1334.21487,1928.5344,127.11512999999991,467.2044000000001,False
9,1102.0,540.6,1455.85,1415.7018,1761.1660000000002,40.14819999999986,305.31600000000026,False
12,508.0,1970.54,1770.91,1848.59482,2694.9184,77.68481999999995,924.0083999999999,False
13,1024.0,1712.85,2097.69,2030.08555,2703.9359999999997,67.60445000000004,606.2459999999996,False
7,1161.0,1499.97,1862.45,1709.35451,2794.3604000000005,153.09549000000015,931.9104000000004,False
2,730.0,285.24,624.78,801.6369199999999,1068.0188,176.85691999999995,443.2388000000001,False
13,996.0,1809.2,1956.89,2054.4996,2785.232,97.6096,828.3419999999999,False
5,1160.0,1901.83,1673.89,1762.72089,2539.7568,88.83088999999995,865.8668,False
2,1139.0,306.43,726.14,992.16669,1281.8391,266.02669000000003,555.6990999999999,False
14,191.0,2442.76,1798.47,1988.17308,2559.6148000000003,189.70308,761.1448000000003,False
7,776.0,2447.82,1826.93,1900.67106,2447.3086000000003,73.74105999999983,620.3786000000002,False
14,414.0,1919.7,1918.89,1887.2990999999995,2708.512,31.5909000000006,789.6220000000001,False
7,847.0,1994.62,1851.7,1758.7614599999995,2603.6351999999997,92.93854000000056,751.9351999999997,False
6,924.0,1227.21,1871.76,1449.13543,2289.5172,422.62456999999995,417.7571999999998,True
2,933.0,1589.58,1489.99,1391.7371399999995,1999.1968,98.25286000000051,509.20679999999993,False
1,211.0,958.08,891.9,777.81064,1676.9088000000002,114.08935999999994,785.0088000000002,False
10,773.0,865.92,1837.11,1443.61536,2203.3312,393.4946399999999,366.2212000000002,True
3,196.0,1211.68,1229.87,968.34944,1827.8176000000003,261.52055999999993,597.9476000000004,False
14,49.0,954.02,1480.87,1354.65366,2255.5722,126.21633999999995,774.7022000000002,False
5,477.0,655.24,935.38,980.65892,1495.7364,45.27891999999997,560.3564,False
5,828.0,1606.84,1690.82,1501.66772,2123.7664,189.15228000000002,432.94640000000004,False
11,458.0,1364.29,1649.04,1544.05107,2534.0628,104.98892999999998,885.0228000000002,False
3,289.0,1245.67,1279.31,1022.84561,1909.8844000000004,256.46439,630.5744000000004,False
1,1060.0,501.67,658.14,981.65961,1281.6887000000002,323.51961000000006,623.5487000000002,False
5,1085.0,2486.43,1664.83,1953.17269,2499.0939,288.3426900000002,834.2638999999999,False
4,675.0,381.48,779.68,914.06684,1374.1076,134.38684,594.4276000000001,False
8,415.0,1214.97,1473.75,1317.53351,2169.7604,156.21649000000002,696.0104000000001,False
6,425.0,709.75,1114.9,1028.3942499999998,1612.6975,86.50575000000026,497.7974999999999,False
7,313.0,2408.02,1637.65,1678.9296599999998,2233.0546,41.279659999999694,595.4045999999998,False
13,235.0,426.07,897.26,1185.3548099999998,1753.7859,288.0948099999998,856.5259000000001,False
7,635.0,1406.31,1630.66,1438.88673,2460.3292,191.77327000000014,829.6692,False
10,1009.0,2164.22,1889.87,2046.12026,2483.4806,156.25026000000003,593.6106,False
3,692.0,450.7,748.57,898.1101,1494.959,149.54009999999994,746.389,False
2,91.0,1073.76,1013.78,818.64608,1553.7632,195.13392,539.9832000000001,False
8,1187.0,1045.91,2047.06,1597.09553,2255.4012,449.9644699999999,208.34119999999984,True
14,600.0,1120.05,1847.84,1663.98915,2418.4660000000003,183.8508499999998,570.6260000000004,False
5,210.0,710.49,483.34,882.73767,1477.8889,399.39767,994.5489,False
12,10.0,1203.1,1564.9,1332.5573,2192.0919999999996,232.34270000000015,627.1919999999996,False
1,452.0,275.05,282.89,623.69615,882.6685,340.80615,599.7785,False
4,256.0,2218.74,1476.03,1430.86342,1922.0802,45.16658000000007,446.05020000000013,False
8,312.0,2383.17,1557.27,1719.01611,2264.5141,161.74611000000004,707.2440999999999,False
2,1175.0,816.2,1237.62,1203.4645999999998,1884.082,34.1554000000001,646.4620000000002,False
11,960.0,383.64,1248.46,1392.35412,1843.2268,143.89411999999993,594.7667999999999,False
6,690.0,1009.37,1559.83,1261.33871,1908.3684,298.49128999999994,348.53840000000014,False
14,487.0,579.29,1516.68,1406.4800699999998,1827.4569,110.19993000000022,310.77689999999984,False
8,75.0,315.71,593.83,821.4769299999999,1178.2327,227.64692999999988,584.4027,False
13,360.0,271.93,1017.64,1182.06919,1438.4741,164.42918999999995,420.8340999999999,False
11,708.0,1871.77,1916.37,1849.91591,2630.0991999999997,66.45408999999995,713.7291999999998,False
3,182.0,347.82,384.77,631.2470599999999,1047.1334,246.47705999999994,662.3634,False
10,683.0,2442.92,1643.68,2007.46636,2556.5316000000003,363.78635999999983,912.8516000000002,False
5,392.0,1264.6,1465.72,1176.1338,2076.072,289.58619999999996,610.3520000000001,False
10,175.0,1443.25,1635.5,1398.02475,2475.09,237.47524999999996,839.5900000000001,False
7,577.0,1959.13,1603.6,1624.74879,2461.5648,21.14879000000019,857.9648000000002,False
13,799.0,951.92,1793.36,1638.29936,2502.1912,155.06063999999992,708.8312000000003,False
13,608.0,370.89,1170.54,1330.5788699999998,1772.2093,160.03886999999986,601.6693,False
7,194.0,202.49,686.23,781.13767,907.5013,94.90766999999994,221.2713,False
13,889.0,232.72,1394.38,1402.9857599999998,1557.1464,8.605759999999691,162.76639999999998,False
7,901.0,136.8,1222.6,1071.3004,1501.1040000000005,151.29959999999983,278.5040000000006,False
1,698.0,1525.82,1398.75,1212.45706,1793.9872,186.29294000000004,395.23720000000003,False
9,592.0,793.55,1235.69,1285.12165,1964.4155,49.43164999999999,728.7255,False
14,1015.0,871.76,1846.41,1753.98408,2509.5336,92.42592000000013,663.1236000000001,False
9,524.0,136.46,848.89,1003.12818,1448.3388,154.23818000000006,599.4488,False
5,781.0,2114.27,1789.85,1675.05141,2105.8171,114.79858999999988,315.9671000000003,False
3,200.0,58.24,494.63,528.36592,794.928,33.735919999999965,300.298,False
5,503.0,2335.55,1649.42,1635.81365,2156.1515,13.60635000000002,506.73149999999987,False
11,667.0,2221.67,1872.89,1965.64161,2438.6191,92.7516099999998,565.7290999999998,False
7,336.0,1843.58,1691.68,1473.00714,2254.2367999999997,218.67286000000013,562.5567999999996,False
4,217.0,1506.46,1455.37,1140.6661800000002,1733.0015999999998,314.7038199999997,277.63159999999993,True
8,207.0,1146.93,1479.01,1198.70619,1996.7476,280.3038099999999,517.7375999999999,False
7,690.0,1807.71,1710.98,1617.15293,2361.4016,93.82707000000005,650.4216000000001,False
2,251.0,1916.43,1285.2,1212.74869,2040.1728,72.45131000000015,754.9728,False
4,627.0,956.98,1337.63,1113.07534,1991.5378,224.55466,653.9078,False
1,432.0,581.71,448.34,732.22693,1159.3531,283.88693000000006,711.0131000000001,False
4,1194.0,2250.51,1691.15,1861.37933,2320.4723000000004,170.2293299999999,629.3223000000003,False
10,64.0,455.9,774.64,970.3637,1606.083,195.7237,831.4430000000001,False
8,15.0,377.85,657.8,818.5165499999999,1301.5045,160.71654999999998,643.7045,False
11,741.0,1207.39,1878.06,1610.17637,2440.1548000000003,267.88363000000004,562.0948000000003,False
8,638.0,1007.48,1483.06,1337.52284,1985.0736,145.53715999999986,502.0136,False
12,965.0,1700.28,1879.09,1948.90724,2618.2688,69.81724000000008,739.1787999999999,False
8,1182.0,990.07,1840.75,1573.47881,2466.8127000000004,267.27118999999993,626.0627000000004,False
13,1062.0,869.28,2090.54,1723.94624,2474.3408,366.59376,383.8008,False
1,754.0,1220.47,1346.14,1120.48401,1962.6204,225.6559900000002,616.4803999999999,False
14,767.0,186.47,1292.77,1380.9100099999998,2084.5966,88.14000999999985,791.8265999999999,False
11,775.0,1752.23,1809.29,1834.01409,2542.1408,24.724089999999933,732.8508000000002,False
8,592.0,1402.98,1561.41,1468.4833399999998,2488.7336,92.92666000000031,927.3235999999999,False
6,957.0,727.75,1448.72,1272.56025,1854.4775,176.15975000000003,405.75749999999994,False
9,800.0,2167.72,1726.51,1904.19676,2352.4356,177.68676000000005,625.9255999999998,False
6,1198.0,222.6,1107.96,1186.5738,1306.7620000000002,78.61379999999986,198.80200000000013,False
3,1092.0,1737.65,1462.01,1569.41195,2254.944,107.40194999999994,792.934,False
12,958.0,2499.84,1791.69,2252.01672,2808.0832,460.32672,1016.3932,False
11,955.0,1282.19,2000.42,1734.26877,2624.4908000000005,266.15123000000017,624.0708000000004,False
11,605.0,1880.69,1711.55,1807.39427,2597.4624,95.84427000000005,885.9123999999999,False
7,670.0,1558.02,1702.81,1512.6016599999998,2113.6992,190.20834000000013,410.8892000000001,False
11,844.0,1962.77,1787.57,1945.42491,2771.8592,157.85491000000002,984.2891999999999,False
3,718.0,1158.02,1416.98,1180.60966,1965.7864,236.37033999999994,548.8063999999999,False
6,323.0,1477.23,1608.55,1276.84709,2379.1436000000003,331.70291,770.5936000000004,False
14,616.0,2374.41,1828.37,2151.54503,2679.7192999999997,323.17503000000033,851.3492999999999,False
8,752.0,1519.78,1662.92,1584.57774,2159.7888,78.34226000000012,496.86879999999974,False
1,1166.0,1423.69,1412.13,1382.06927,2395.6708000000003,30.06073000000015,983.5408000000002,False
3,1187.0,1632.14,1451.85,1571.37162,2191.6544,119.52161999999998,739.8044,False
3,1013.0,166.52,711.07,932.43516,1517.6856000000002,221.36515999999995,806.6156000000002,False
5,741.0,429.24,951.92,1011.84492,1563.6988,59.92492000000004,611.7787999999999,False
14,467.0,2176.26,1809.83,2009.19958,2475.4698,199.36958000000004,665.6397999999999,False
3,224.0,358.77,406.36,654.1729099999999,1089.8849,247.81290999999987,683.5249,False
3,712.0,512.23,751.16,930.59609,1259.4903000000002,179.43609000000004,508.3303000000002,False
12,218.0,901.03,1371.86,1309.63249,2137.8583,62.22750999999994,765.9983,False
6,373.0,587.38,956.61,958.33454,1394.8818,1.7245399999999336,438.2718000000001,False
8,562.0,2479.33,1478.31,1867.34539,2434.7109,389.03539,956.4009000000001,False
5,132.0,2387.03,1454.05,1490.0644900000002,2045.3319,36.01449000000025,591.2819,False
3,98.0,871.46,866.05,794.33718,1592.2506,71.71281999999997,726.2006000000001,False
14,545.0,1206.76,1977.89,1672.6690799999997,2510.9232,305.22092000000043,533.0332000000001,False
1,869.0,1498.88,1398.94,1278.40504,2376.1216000000004,120.53495999999996,977.1816000000003,False
2,875.0,393.25,640.56,907.67475,1382.0025,267.1147500000001,741.4425000000001,False
8,888.0,2296.07,1718.71,1942.55281,2431.3311000000003,223.84280999999987,712.6211000000003,False
1,716.0,1396.41,1376.59,1170.92103,2179.6612,205.66896999999994,803.0712000000001,False
8,1025.0,1031.33,2214.64,1519.25939,2171.3556,695.3806099999999,43.284400000000005,True
9,1064.0,2016.76,1810.94,1964.12308,2347.8348,153.18308000000002,536.8948,False
4,463.0,1963.41,1607.34,1425.39403,2270.0735999999997,181.94597,662.7335999999998,False
1,678.0,1478.57,1370.31,1185.44031,2272.9124,184.86969,902.6024000000002,False
1,436.0,1358.14,1154.03,1031.38362,2017.1448000000005,122.64637999999991,863.1148000000005,False
5,586.0,2135.36,1661.61,1596.15888,2043.2128,65.45111999999995,381.6028000000001,False
1,797.0,126.8,543.18,720.7864,1101.704,177.6064,558.524,False
14,481.0,939.99,877.17,1541.95217,2405.7839,664.7821700000001,1528.6138999999998,False
7,172.0,1486.86,1557.94,1263.23938,2381.4552,294.7006200000001,823.5151999999998,False
10,1192.0,23.47,1157.87,1307.83101,1328.85,149.96101000000021,170.98000000000002,False
7,981.0,658.85,1351.69,1306.92555,1803.1485,44.764450000000124,451.45849999999996,False
10,692.0,1671.71,1701.23,1716.10693,2381.6416,14.876929999999902,680.4115999999999,False
13,710.0,2223.86,1979.83,2085.75838,2557.4178,105.92838000000029,577.5878000000002,False
12,380.0,1526.79,1787.41,1621.55057,2217.7183999999997,165.85942999999997,430.30839999999966,False
3,133.0,1728.5,1373.4,1138.1935,1862.56,235.2065,489.15999999999985,False
4,730.0,799.25,1250.66,1098.60275,1778.7925,152.05725000000007,528.1324999999999,False
12,1070.0,1055.51,2030.76,1748.79033,2421.2732,281.96966999999995,390.5132000000001,False
8,1185.0,554.98,1545.67,1408.17734,1767.5178,137.49266000000011,221.8478,False
11,456.0,2223.72,1600.1,1872.32076,2355.7156,272.22076000000015,755.6156000000001,False
12,85.0,1056.43,1466.31,1309.83269,2028.4876,156.47731,562.1776,False
2,543.0,103.37,544.12,648.57871,914.6786,104.45871,370.55859999999996,False
6,367.0,1947.68,1606.76,1476.65344,2316.5728,130.10655999999994,709.8127999999999,False
1,481.0,1792.17,1215.84,1217.68711,1962.8832,1.847110000000157,747.0432000000001,False
5,233.0,1862.04,1562.23,1334.03932,2130.7583999999997,228.19067999999993,568.5283999999997,False
1,45.0,1070.22,922.69,746.72426,1480.6904000000002,175.9657400000001,558.0004000000001,False
5,152.0,2444.81,1523.75,1521.11423,2095.5113,2.635770000000093,571.7613000000001,False
7,344.0,1242.05,1514.4,1246.18915,2127.106,268.21085000000016,612.7060000000001,False
5,320.0,1584.55,1584.73,1266.56265,1899.168,318.16734999999994,314.4379999999999,True
9,989.0,378.12,1193.72,1303.07396,1741.7444,109.35395999999992,548.0244,False
10,57.0,936.89,1237.07,1151.46087,2031.1929,85.60912999999982,794.1229000000001,False
12,342.0,2253.61,1659.5,1882.97463,2381.9353,223.47462999999993,722.4353000000001,False
2,983.0,2109.93,1519.98,1613.33119,2033.4489,93.35119000000009,513.4689000000001,False
10,886.0,1990.03,1749.93,1924.54749,2764.8288,174.61748999999986,1014.8987999999997,False
10,5.0,836.86,1116.56,1089.95738,1849.3446,26.602619999999888,732.7846,False
3,80.0,517.54,457.49,650.7578199999999,1015.2394,193.26781999999992,557.7494,False
8,482.0,1411.49,631.81,1422.68267,2455.9668,790.87267,1824.1568000000002,False
4,11.0,312.01,426.22,591.31583,943.8637,165.09582999999998,517.6437,False
12,1075.0,2328.11,1798.38,2238.42613,2729.5203,440.0461299999997,931.1403,False
13,632.0,268.91,1396.28,1302.22453,1540.1167,94.05547000000001,143.83670000000006,False
8,323.0,46.48,703.45,828.9698399999999,1226.4,125.51983999999982,522.95,False
11,527.0,1550.32,1806.06,1646.07456,2249.1072,159.98543999999993,443.0472,False
5,948.0,898.6,1499.68,1283.9318,2075.946,215.7482,576.2659999999998,False
5,504.0,1502.63,1628.66,1317.2512900000002,1894.1248,311.4087099999999,265.46479999999997,True
10,793.0,1422.29,2007.62,1665.62507,2694.6228,341.99492999999984,687.0028000000002,False
13,32.0,232.43,805.12,1020.65269,1213.6591,215.53269,408.5391000000001,False
9,768.0,1815.6,1666.18,1755.0628000000002,2500.176,88.88280000000009,833.9959999999999,False
9,994.0,1742.62,1849.58,1827.90746,2520.5152,21.672540000000026,670.9351999999999,False
1,1105.0,1432.3,1387.17,1358.1609,2382.636,29.00909999999999,995.4659999999999,False
12,178.0,507.59,907.19,1141.10497,1488.4199,233.91497000000004,581.2299,False
10,472.0,431.95,924.65,1143.15885,1712.5214999999998,218.50885000000005,787.8714999999999,False
5,716.0,1111.23,1492.08,1261.89709,2003.2236000000005,230.18291,511.14360000000056,False
3,771.0,725.67,1166.93,1038.6576099999995,1626.7287,128.27239000000054,459.7986999999998,False
13,1054.0,1131.25,2162.03,1820.71275,2564.85,341.3172500000003,402.8199999999997,False
10,872.0,2191.27,1776.62,1995.37841,2448.4271,218.75841000000014,671.8071,False
12,1077.0,32.55,1387.43,1360.11865,1519.05,27.311350000000175,131.6199999999999,False
12,211.0,749.56,1285.23,1248.49748,1891.1916,36.73252000000002,605.9616000000001,False
4,199.0,1310.01,1400.57,1057.39783,2008.8132,343.1721699999998,608.2432000000001,False
2,1029.0,1702.6,1577.55,1477.8397999999995,2146.096,99.71020000000044,568.546,False
10,643.0,2263.77,1685.92,1921.01191,2409.7520999999997,235.09190999999987,723.8320999999996,False
10,797.0,1706.73,1724.42,1776.34959,2457.2608,51.92958999999996,732.8408,False
12,657.0,322.5,1113.16,1283.8494999999998,1627.125,170.68949999999973,513.9649999999999,False
8,177.0,486.06,751.58,932.21298,1622.7622,180.63297999999998,871.1821999999999,False
2,222.0,456.24,437.4,640.56192,1270.0888,203.16192,832.6888,False
3,555.0,2342.76,1458.63,1561.6670800000002,2082.2148,103.03708000000006,623.5848000000001,False
2,785.0,1964.63,1522.76,1469.37329,2300.0448,53.386709999999994,777.2848000000001,False
5,104.0,281.67,464.68,671.22361,959.1579,206.54361,494.47790000000003,False
1,673.0,2026.16,1372.83,1392.93728,1798.2968,20.107280000000173,425.46680000000015,False
10,877.0,1711.12,1897.37,1813.71096,2493.4752,83.65904,596.1052,False
1,250.0,1300.17,1145.33,926.22511,1866.2244000000003,219.10488999999995,720.8944000000004,False
1,467.0,296.49,221.23,638.59767,939.4813,417.36767,718.2513,False
10,1026.0,828.82,1865.67,1542.24406,2244.8002000000006,323.4259400000001,379.1302000000005,False
11,1106.0,2250.54,2050.62,2172.49282,2635.2942000000003,121.87282000000005,584.6742000000004,False
12,452.0,816.56,1243.1,1381.64448,2095.4615999999996,138.54448000000002,852.3615999999997,False
14,865.0,2497.16,1885.87,2309.61228,2868.9268,423.74227999999994,983.0568000000003,False
8,107.0,2450.89,1468.19,1653.5228699999998,2231.9497,185.33286999999973,763.7597000000001,False
8,80.0,1092.18,1365.73,1121.09494,1873.6776,244.63506000000007,507.94759999999997,False
8,945.0,766.98,1625.53,1382.33334,2012.8378,243.19666000000007,387.30780000000004,False
13,1140.0,1607.8,2214.64,2041.5874,2649.488,173.05259999999998,434.84799999999996,False
2,636.0,1438.19,1435.96,1201.29277,2252.8108,234.66723000000002,816.8508000000002,False
14,865.0,1422.11,1921.18,1897.86813,2923.1852,23.31187,1002.0051999999998,False
12,482.0,1710.47,1746.74,1737.39201,2434.8512,9.347989999999982,688.1112,False
2,68.0,756.61,648.53,686.9196299999999,1345.3421,38.3896299999999,696.8121000000001,False
14,512.0,526.84,1306.64,1397.54172,1753.0124,90.90171999999984,446.37239999999997,False
14,1001.0,1647.24,2080.0,2044.74892,2681.7504,35.25108,601.7503999999999,False
1,547.0,573.6,616.27,780.4108,1192.296,164.1408,576.0260000000001,False
10,5.0,1338.9,1610.25,1282.2387,2269.348,328.0112999999999,659.098,False
3,1158.0,1107.4,1361.3,1357.4622,2074.9680000000003,3.8378000000000156,713.6680000000003,False
1,993.0,1143.58,1328.85,1197.62914,1956.7256,131.2208599999999,627.8756000000001,False
6,378.0,837.63,1215.96,1056.41029,1799.7843,159.54971,583.8243,False
11,1156.0,2231.86,1988.56,2187.6383800000003,2641.6578,199.07838000000038,653.0978,False
5,1050.0,882.86,1430.04,1323.39538,2091.4046,106.64462000000003,661.3645999999999,False
8,836.0,735.52,1606.63,1321.67016,1918.5872,284.9598400000002,311.95719999999983,False
11,654.0,1516.42,1870.43,1689.73286,2267.3632,180.69714,396.9331999999997,False
8,633.0,1308.36,1639.12,1450.5298799999998,2380.2352,188.59012000000007,741.1152000000002,False
12,713.0,1642.01,1873.19,1814.19783,2461.5296,58.99216999999999,588.3395999999998,False
5,96.0,1105.47,1312.16,983.17101,1747.6204000000002,328.98899000000006,435.46040000000016,False
7,1054.0,576.47,1344.18,1307.93201,1699.7167000000002,36.24799000000007,355.5367000000001,False
12,495.0,1948.13,1831.92,1834.21379,2668.2048,2.2937899999999445,836.2847999999999,False
1,1068.0,2011.28,1421.45,1563.40824,1945.4344,141.95823999999993,523.9844,False
7,1000.0,1620.46,1971.23,1683.69618,2305.6416,287.5338200000001,334.4115999999999,False
13,855.0,1798.75,1951.77,1987.61125,2718.8,35.841249999999945,767.0300000000002,False
8,544.0,1279.51,1483.77,1399.78633,2306.5532000000003,83.98367000000007,822.7832000000003,False
11,816.0,544.99,1077.12,1389.92717,1753.8339,312.80717000000004,676.7139000000002,False
5,1080.0,2383.82,1664.76,1911.6430600000003,2422.1886000000004,246.88306000000034,757.4286000000004,False
8,1124.0,1908.69,1833.27,1899.44227,2681.9424,66.17227000000003,848.6723999999999,False
3,29.0,1632.85,1269.1,1055.17555,1729.1359999999995,213.92444999999998,460.0359999999996,False
6,470.0,2235.72,1628.6,1632.91076,2120.0756,4.310760000000073,491.4756000000002,False
7,287.0,2293.5,1558.09,1623.4725,2139.055,65.38250000000016,580.9649999999999,False
4,72.0,1367.29,1302.97,1022.69407,2033.6228,280.27593,730.6528000000001,False
6,344.0,233.31,800.18,809.7917299999999,990.5447,9.611729999999966,190.36470000000008,False
8,801.0,1241.21,1780.65,1499.73943,2358.7972,280.91057,578.1471999999999,False
5,629.0,484.34,1029.87,982.99622,1649.4858,46.8737799999999,619.6158,False
11,327.0,961.08,1356.46,1331.19564,2228.1388,25.264360000000124,871.6788000000001,False
14,94.0,105.94,1180.63,1049.9090199999998,1349.9332,130.72098000000028,169.30319999999983,False
4,1113.0,2103.82,1695.08,1769.0710600000002,2180.9886,73.99106000000029,485.9086000000002,False
14,267.0,2090.21,1968.4,1887.04243,2332.6533,81.35757000000012,364.25329999999985,False
1,979.0,1292.54,1313.53,1248.43682,2147.7528,65.09318000000007,834.2228000000002,False
10,625.0,519.94,1229.41,1245.0970200000002,1587.1034000000002,15.687020000000075,357.6934000000001,False
14,457.0,848.61,1492.64,1496.24963,2249.0621,3.6096299999999246,756.4221,False
11,398.0,723.39,1154.77,1271.82637,1873.8579,117.05637000000002,719.0879,False
14,68.0,438.96,866.76,1165.8596799999998,1767.5352,299.0996799999998,900.7752,False
3,769.0,2497.93,1587.8,1716.54119,2281.0888999999997,128.74118999999996,693.2888999999998,False
13,694.0,1054.31,1815.02,1630.68473,2319.2892,184.33527000000004,504.2692000000002,False
12,1088.0,1977.91,1883.21,2110.09753,2933.9936,226.88752999999997,1050.7835999999998,False
9,101.0,950.23,1281.64,1126.14409,2020.2703,155.4959100000001,738.6302999999998,False
1,170.0,2452.85,1209.08,1332.02155,1908.5805,122.94155,699.5005000000001,False
12,1135.0,475.95,1447.39,1555.80885,2182.0015000000003,108.4188499999998,734.6115000000002,False
3,1109.0,2092.26,1436.66,1712.80958,2120.9498000000003,276.14958,684.2898000000002,False
7,753.0,358.13,1084.79,1090.06179,1499.9681,5.27179000000001,415.1781000000001,False
2,521.0,467.19,667.85,778.1097699999999,1415.6403,110.25976999999989,747.7903,False
12,1003.0,983.23,1996.18,1691.22509,2584.2003000000004,304.95491000000015,588.0203000000004,False
3,269.0,708.05,799.12,808.0171499999999,1397.5605,8.897149999999897,598.4405,False
14,646.0,2418.19,1931.21,2181.6927699999997,2723.6787000000004,250.48276999999962,792.4687000000004,False
14,1153.0,346.58,1292.93,1614.38814,1982.5946,321.45813999999996,689.6645999999998,False
4,18.0,289.06,380.88,585.64798,892.2722000000001,204.76797999999997,511.3922000000001,False
13,1167.0,1074.36,2197.33,1849.32188,2534.9552,348.00811999999996,337.62519999999995,True
1,1113.0,1536.0,1403.6,1401.446,1969.76,2.1539999999999964,566.1600000000001,False
6,930.0,1907.95,1788.75,1712.53485,2503.632,76.21515,714.8820000000001,False
5,714.0,617.72,1164.2,1071.99076,1530.1292,92.20924000000014,365.92920000000004,False
7,256.0,2180.53,1548.87,1566.3789900000002,2044.1869,17.508990000000267,495.31690000000003,False
9,1063.0,2497.79,1761.94,2147.91157,2698.5867,385.97157000000016,936.6466999999998,False
11,512.0,2016.19,1710.53,1817.81277,2226.6187,107.28277000000003,516.0887,False
9,463.0,1024.53,1476.48,1316.05299,1987.5796,160.4270100000001,511.0996,False
12,714.0,2003.23,1829.06,1952.99109,2347.9579,123.93109000000004,518.8978999999999,False
9,1165.0,1868.79,1945.95,1952.49657,2710.0384,6.546569999999974,764.0883999999999,False
1,872.0,2420.07,1456.34,1632.55881,2165.4511,176.21881000000008,709.1111000000003,False
10,631.0,1220.71,1730.86,1516.16793,2363.7372,214.69206999999983,632.8772000000001,False
9,633.0,888.17,1384.78,1339.64711,2133.1537,45.13288999999986,748.3736999999999,False
4,1065.0,119.34,781.82,987.60722,1315.7852,205.78721999999993,533.9652,False
12,947.0,193.05,1225.63,1363.61015,2094.629,137.98014999999987,868.9989999999998,False
4,159.0,568.58,647.0,755.59014,1179.0138000000002,108.59014000000002,532.0138000000002,False
1,292.0,449.83,363.02,619.27689,1232.8971,256.25689,869.8770999999999,False
1,1115.0,926.13,1192.88,1168.75779,1987.0693,24.122209999999995,794.1893,False
7,1168.0,667.94,1639.55,1393.80902,1892.5834,245.74098000000004,253.03340000000003,False
4,348.0,2047.08,1507.04,1406.14964,1833.5684,100.89035999999987,326.52840000000015,False
8,77.0,1930.98,1485.69,1441.01734,2284.5408,44.67265999999995,798.8508000000002,False
7,1033.0,1013.03,2119.83,1465.76849,2100.3995999999997,654.06151,19.43040000000019,True
4,672.0,1603.52,1612.43,1380.77016,2008.1792,231.65984000000003,395.7492,False
4,1191.0,999.45,1478.93,1380.88535,2285.5145,98.04465000000005,806.5845000000002,False
8,392.0,661.27,978.13,1095.20841,1621.4447,117.07840999999996,643.3147,False
7,951.0,584.4,1253.76,1265.0312,1671.284,11.271199999999908,417.5240000000001,False
5,778.0,2423.47,1643.96,1792.13701,2330.3331,148.17700999999988,686.3730999999998,False
11,958.0,1999.13,1900.18,2010.19479,2852.3648000000003,110.01478999999995,952.1848000000002,False
3,186.0,1068.31,1152.04,908.97873,1634.5692,243.06126999999992,482.52919999999995,False
5,1116.0,2460.46,1711.97,1957.05218,2492.5358,245.08217999999988,780.5658000000001,False
13,63.0,107.92,710.25,986.7913599999998,1298.9776000000002,276.5413599999998,588.7276000000002,False
6,170.0,476.99,600.23,825.5171700000001,1498.4663,225.28717000000006,898.2363,False
3,870.0,413.23,795.8,963.14709,1477.3551000000002,167.3470900000001,681.5551000000003,False
12,852.0,1957.9,1944.89,1997.1777,2820.384,52.28769999999986,875.4939999999999,False
6,420.0,386.77,929.16,902.46291,1384.6449,26.697090000000003,455.48490000000004,False
6,668.0,1922.45,1796.98,1601.23635,2412.752,195.74365000000012,615.7719999999999,False
8,795.0,1645.99,644.69,1652.0941699999998,2298.1504,1007.4041699999998,1653.4604,False
4,420.0,927.74,1238.04,1009.55442,1861.6614,228.4855799999999,623.6214,False
12,1074.0,2407.71,1843.97,2268.46693,2787.2283,424.49693,943.2583000000002,False
12,916.0,2394.85,1740.85,2193.07355,2714.6405,452.22355000000016,973.7905000000001,False
4,1075.0,586.17,1023.65,1170.8631099999998,1573.7337,147.2131099999998,550.0837,False
5,1143.0,1217.72,1745.09,1493.1247600000002,2314.5904,251.96523999999977,569.5004000000001,False
2,719.0,591.44,755.3,914.00552,1339.8184,158.7055200000001,584.5184000000002,False
4,197.0,1858.84,1416.33,1266.70772,2063.2864,149.62227999999982,646.9564,False
6,248.0,395.4,710.15,829.0562,1336.298,118.90620000000001,626.148,False
10,834.0,1820.8,1883.49,1836.5404,2581.568,46.94959999999992,698.0780000000002,False
1,1112.0,2011.44,1423.85,1583.09352,1963.1512,159.24352,539.3012000000001,False
12,1189.0,1453.16,2162.13,1954.16428,2993.7712,207.96572000000015,831.6412,False
14,269.0,1349.61,1832.34,1604.2846299999997,2589.0852,228.05537000000027,756.7452000000001,False
7,671.0,1262.85,1600.42,1399.99755,2285.362,200.42245000000003,684.942,False
9,52.0,350.58,601.81,874.62414,1301.6746,272.81414000000007,699.8646000000001,False
14,976.0,1526.58,1995.87,1987.38614,2555.9168,8.483859999999822,560.0468000000001,False
2,370.0,1554.5,1311.23,1127.2035,1740.32,184.02649999999994,429.0899999999999,False
4,1180.0,1948.55,1565.16,1739.48465,2542.608,174.32465000000002,977.4480000000001,False
5,36.0,2022.94,1410.58,1307.80202,1741.1462,102.77797999999984,330.5662,False
5,691.0,1030.64,1465.26,1219.88112,1886.8448000000003,245.37887999999998,421.5848000000003,False
8,52.0,2353.5,1485.05,1591.6925,2138.855,106.64250000000015,653.8050000000001,False
11,24.0,2029.04,1569.37,1605.08632,2040.7992,35.716319999999996,471.42920000000004,False
8,221.0,936.98,1287.0,1124.5393399999998,1996.9378,162.4606600000002,709.9377999999999,False
1,85.0,89.83,175.53,389.07489,955.351,213.54488999999998,779.821,False
7,803.0,12.75,1146.78,980.08125,1014.0475,166.69875000000002,132.73249999999996,True
12,893.0,910.41,1862.13,1614.27503,2422.9601,247.8549700000001,560.8300999999997,False
14,113.0,1091.13,1703.02,1435.71079,2185.4916000000003,267.3092099999999,482.4716000000003,False
5,516.0,1878.49,669.85,1466.55767,2259.7504,796.7076699999999,1589.9004,False
14,904.0,2005.96,1970.01,2138.87668,2525.9507999999996,168.86667999999986,555.9407999999996,False
1,1058.0,1601.04,1465.9,1401.82632,2010.1984,64.0736800000002,544.2983999999999,False
14,555.0,313.73,1201.26,1335.0985899999998,1665.5401000000002,133.83858999999984,464.2801000000002,False
7,738.0,730.28,1429.72,1225.90524,1820.9508,203.81475999999998,391.23080000000004,False
8,792.0,2437.24,1556.7,1953.80492,2495.9852,397.10492,939.2852,False
5,831.0,432.8,901.36,1053.3484,1608.1360000000002,151.98840000000007,706.7760000000002,False
7,709.0,320.8,1116.62,1056.1404,1393.8960000000002,60.47959999999989,277.2760000000003,False
9,1078.0,161.85,1260.96,1259.93655,1816.693,1.023450000000139,555.733,False
2,616.0,968.93,1163.1,1012.64619,1906.3773,150.45380999999986,743.2773000000002,False
2,570.0,2297.12,1423.86,1500.82696,2004.8976,76.9669600000002,581.0376000000001,False
9,13.0,986.41,1271.52,1100.75303,2043.3201,170.7669699999999,771.8000999999999,False
7,381.0,2106.96,1705.27,1593.95168,2040.4808,111.31832000000009,335.21080000000006,False
9,460.0,2424.47,1624.68,1850.89201,2403.8630999999996,226.21200999999996,779.1830999999995,False
4,425.0,1286.54,1449.26,1149.20482,2068.2328,300.05518000000006,618.9728000000002,False
11,437.0,1053.24,1630.47,1415.55292,2115.0768,214.91707999999994,484.6067999999998,False
9,1000.0,1901.79,1778.65,1891.54557,2675.7183999999997,112.8955699999999,897.0683999999997,False
1,553.0,1687.11,1295.34,1209.56113,1890.8256,85.77886999999987,595.4856,False
10,5.0,1094.06,1361.08,1188.46498,1946.1592,172.61501999999996,585.0792000000001,False
12,931.0,864.21,1663.58,1613.52843,2363.7781000000004,50.051569999999856,700.1981000000005,False
6,436.0,914.53,1389.11,1111.73099,1946.7933,277.3790099999999,557.6833000000001,False
3,1074.0,247.32,636.02,990.58756,1165.7484,354.56756000000007,529.7284,False
9,896.0,1398.54,1727.1,1652.41682,2654.4728000000005,74.68318,927.3728000000006,False
1,462.0,2047.57,1202.9,1307.0313099999998,1729.5260999999998,104.13130999999976,526.6260999999997,False
3,665.0,2418.16,1490.96,1639.60528,2181.2568,148.64527999999996,690.2968000000001,False
11,532.0,2419.86,1653.69,1981.33838,2529.2978000000003,327.64837999999986,875.6078000000002,False
9,483.0,52.64,949.04,952.73912,1153.808,3.6991199999999935,204.76800000000003,False
12,296.0,326.83,981.72,1124.50189,1492.9870999999998,142.78188999999998,511.2670999999998,False
9,131.0,1990.0,1557.2,1537.756,2412.7999999999997,19.44399999999996,855.5999999999997,False
6,836.0,2035.17,1718.79,1719.3361100000002,2120.0741,0.5461100000002261,401.28409999999985,False
10,532.0,1223.36,1631.49,1473.0288799999998,2327.6351999999997,158.46112000000016,696.1451999999997,False
14,595.0,2140.61,1989.13,2052.63363,2500.6453,63.5036299999997,511.5153,False
7,623.0,1894.02,1739.49,1620.32766,2417.4592,119.16234000000009,677.9691999999998,False
5,1077.0,2234.35,1665.23,1853.05805,2311.8755,187.82805000000008,646.6455000000001,False
5,579.0,1018.52,1468.01,1165.28716,1826.0464,302.7228399999999,358.03639999999996,False
8,255.0,1817.19,1510.91,1476.82377,2246.5024000000003,34.086230000000114,735.5924000000002,False
8,1009.0,1378.07,1903.76,1644.9248099999998,2622.6524,258.83519000000024,718.8924,False
10,87.0,498.96,781.97,997.11368,1717.3352,215.14368000000002,935.3652,False
1,809.0,1734.56,1447.25,1341.91048,2038.7776,105.33952,591.5275999999999,False
9,1079.0,1981.94,1763.16,1957.47702,2784.2624,194.31701999999996,1021.1024,False
8,1134.0,1049.84,2073.13,1574.9627199999998,2239.3888,498.16728000000035,166.25880000000006,True
8,403.0,654.97,895.14,1097.70151,1615.7017,202.5615100000001,720.5617000000001,False
8,534.0,429.88,916.02,1069.9180399999998,1632.4156,153.8980399999998,716.3956000000001,False
13,564.0,2245.56,1745.09,2028.95348,2514.8588,283.86348,769.7688,False
2,752.0,958.29,1144.41,1069.22707,1943.6469,75.18293000000017,799.2368999999999,False
11,293.0,1410.0,1673.7,1487.9679999999998,2528.4,185.7320000000002,854.7,False
5,919.0,470.23,1119.17,1106.93209,1732.0451000000005,12.237910000000056,612.8751000000004,False
5,103.0,333.22,573.58,690.52126,1080.9314000000002,116.94125999999994,507.3514000000001,False
1,893.0,19.76,570.71,722.60608,938.5464,151.89607999999998,367.8363999999999,False
12,37.0,52.65,789.01,903.97695,1125.505,114.96695,336.4950000000001,False
8,1142.0,776.74,1827.44,1473.93342,2107.3514,353.50658,279.91139999999996,True
5,332.0,218.03,801.73,748.53749,899.5310999999999,53.19250999999997,97.8010999999999,False
7,950.0,1739.62,2032.23,1707.03446,2400.0352,325.19553999999994,367.8051999999998,False
9,223.0,1916.03,1623.73,1550.4574899999998,2378.5888,73.27251000000024,754.8588,False
6,522.0,1210.87,1577.01,1263.58521,2107.1484,313.42479000000003,530.1384,False
12,46.0,2077.07,1666.29,1683.3438099999998,2134.6611000000003,17.053809999999885,468.3711000000003,False
2,252.0,1545.94,1300.19,1071.29702,1684.9024,228.89298000000008,384.7123999999999,False
14,999.0,619.42,1510.57,1650.20186,2096.8662,139.63185999999996,586.2962,False
13,125.0,2004.61,1721.56,1740.87563,2163.3653,19.315630000000056,441.8053,False
9,597.0,625.99,990.84,1223.17617,1696.6439,232.33616999999992,705.8039,False
3,289.0,853.79,969.85,872.7555699999999,1640.2019,97.0944300000001,670.3519,False
7,953.0,1918.24,1833.56,1776.78392,2572.7104,56.776079999999865,739.1504,False
4,275.0,2359.64,1483.58,1493.3021199999998,2032.5372,9.722119999999904,548.9572000000001,False
5,755.0,1584.41,1729.08,1460.51903,2073.0336,268.56097,343.9536000000003,False
9,803.0,880.17,1589.75,1412.40311,2188.2736999999997,177.34689000000003,598.5236999999997,False
11,293.0,285.14,966.87,1057.14662,1342.9818,90.27661999999998,376.1118,False
6,164.0,1460.21,1535.3,1199.41443,2293.0772,335.8855699999999,757.7772000000002,False
12,675.0,2277.93,1807.33,2040.80719,2532.8889,233.47719000000006,725.5589,False
11,859.0,146.71,1267.98,1256.56393,1741.5838,11.41606999999999,473.6038000000001,False
2,296.0,1878.7,1354.0,1218.3681,2021.952,135.6319000000001,667.952,False
7,300.0,2417.85,1634.04,1676.89655,2235.0305,42.85654999999997,600.9904999999999,False
2,1155.0,1517.18,1543.17,1463.01994,2018.4928,80.15006000000017,475.3227999999999,False
5,765.0,480.48,1038.42,1042.1738400000002,1694.7376000000002,3.753840000000082,656.3176000000001,False
9,1097.0,2330.2,1728.07,2098.8886,2589.8459999999995,370.8186000000003,861.7759999999996,False
4,422.0,2049.71,1491.9,1440.16093,1865.0883,51.73907000000008,373.1882999999998,False
14,1020.0,510.33,1406.95,1617.78639,1929.6313,210.83638999999994,522.6813,False
4,205.0,545.57,682.22,767.2933099999999,1160.3677000000002,85.07330999999988,478.1477000000002,False
12,1046.0,1850.85,1875.72,2042.70155,2795.216,166.98154999999997,919.4959999999999,False
4,1001.0,739.08,1116.31,1196.42364,1790.3188000000002,80.11364000000003,674.0088000000003,False
9,938.0,742.17,1632.1,1419.75911,2020.0937,212.34088999999994,387.9937,False
5,351.0,407.74,883.11,829.6704200000001,1356.7438000000002,53.439579999999864,473.6338000000002,False
9,748.0,653.42,1249.66,1301.02786,1801.2062,51.36785999999984,551.5462,False
13,1186.0,2462.26,1906.35,2389.36158,2921.8498,483.01157999999987,1015.4998,False
6,384.0,1656.04,1682.33,1372.53732,2043.3984,309.79268,361.0684000000001,False
10,150.0,418.41,844.9,994.36103,1551.6317,149.46103000000005,706.7316999999999,False
10,783.0,158.93,993.55,1177.2981900000002,1731.8154,183.74819000000025,738.2654,False
6,372.0,2494.69,1742.34,1688.38827,2269.9237000000003,53.95173,527.5837000000004,False
10,958.0,1643.76,1827.18,1824.03808,2461.2096,3.1419200000000274,634.0296000000001,False
8,34.0,1225.2,1438.52,1151.5256,2030.864,286.99440000000004,592.344,False
7,151.0,2461.93,1516.58,1627.32519,2207.6088999999997,110.7451900000001,691.0288999999998,False
7,150.0,1379.35,1500.09,1212.25105,2230.742,287.83894999999984,730.6520000000003,False
6,751.0,2085.98,1757.81,1700.88634,2123.1654,56.92365999999993,365.3553999999999,False
7,568.0,159.12,738.92,931.33096,1496.9136,192.41096000000005,757.9936000000001,False
12,574.0,2240.9,1785.72,1981.5787,2465.457,195.8587,679.7369999999999,False
13,36.0,808.38,1190.16,1243.02554,1965.8918,52.86554000000001,775.7318,False
14,595.0,1818.77,1889.9,1929.3689099999997,2684.0191999999997,39.468909999999596,794.1191999999996,False
7,381.0,2342.27,1705.24,1684.07541,2212.2571,21.16459000000009,507.0170999999998,False
14,174.0,815.3,1295.14,1357.2739,2082.233,62.13389999999981,787.0930000000001,False
11,226.0,2013.45,1590.82,1689.20735,2110.2185,98.38734999999997,519.3985,False
13,137.0,1505.66,1777.72,1555.1297799999998,2150.2336,222.59022000000027,372.5136,False
13,774.0,206.45,1110.0,1341.6343499999998,1448.8865,231.6343499999998,338.88650000000007,False
5,1120.0,1514.91,1658.97,1596.69053,2152.3136,62.27946999999995,493.3435999999999,False
4,862.0,2335.55,1698.94,1745.87765,2249.7515000000003,46.93764999999985,550.8115000000003,False
8,829.0,1147.89,2004.34,1476.48587,2246.8148,527.8541299999999,242.4748000000002,True
4,380.0,446.66,764.24,807.46078,1410.5842,43.22077999999999,646.3442,False
9,238.0,1197.83,1560.78,1282.07689,2126.3356000000003,278.7031099999999,565.5556000000004,False
13,1199.0,493.0,1634.13,1640.933,2298.01,6.802999999999884,663.8800000000001,False
12,710.0,1249.41,1921.09,1662.49403,2533.2212,258.59596999999985,612.1312,False
14,719.0,1973.14,1980.99,2043.79662,2881.8144,62.806620000000066,900.8244000000002,False
1,482.0,1697.08,1198.24,1181.71364,1871.9968,16.526360000000068,673.7567999999999,False
9,444.0,725.31,1062.52,1192.97773,1795.3491,130.45773000000008,732.8290999999999,False
11,610.0,1990.79,1753.56,1851.79257,2705.1584,98.23257000000012,951.5983999999999,False
4,238.0,1707.28,1483.48,1226.94624,1934.1888,256.53376000000003,450.7087999999999,False
2,299.0,1612.7,1282.8,1117.8281000000002,1767.792,164.97189999999978,484.99199999999996,False
10,273.0,799.9,1155.05,1195.3297,1897.039,40.27970000000005,741.989,False
3,154.0,274.04,406.91,590.50132,861.0748000000001,183.59131999999994,454.16480000000007,False
7,636.0,697.02,1276.06,1167.67466,1726.6021999999998,108.38534000000004,450.54219999999987,False
2,1038.0,685.07,962.14,1092.13981,1618.1627,129.9998099999999,656.0227000000001,False
2,798.0,2334.41,1485.4,1616.79703,2123.3193,131.39702999999986,637.9193,False
12,601.0,2166.56,1918.46,1965.14848,2421.9888,46.68848000000003,503.52880000000005,False
6,290.0,814.04,1077.35,1008.12732,1726.6044,69.22267999999985,649.2544,False
8,16.0,259.02,543.56,773.4506599999999,1020.2774,229.8906599999999,476.7174,False
8,303.0,1072.44,1453.25,1212.99252,1936.8208,240.25748,483.57079999999996,False
11,372.0,2048.26,1632.61,1767.65558,2194.0298000000003,135.0455800000002,561.4198000000004,False
3,864.0,2338.52,1513.04,1697.85716,2202.7196,184.81716000000006,689.6795999999999,False
11,913.0,2253.41,1758.56,2087.5140300000003,2560.1893,328.95403000000033,801.6293000000001,False
14,805.0,834.06,1683.49,1645.8849799999998,2364.8366,37.605020000000195,681.3466000000001,False
5,905.0,2317.31,1691.38,1808.11973,2303.6363,116.73972999999978,612.2563,False
10,728.0,226.53,1060.47,1178.65899,1328.0761000000002,118.18898999999988,267.6061000000002,False
4,842.0,893.25,1324.64,1184.55675,1974.9325,140.08325000000013,650.2924999999998,False
5,117.0,953.06,1116.8,934.16398,1831.2266,182.63601999999992,714.4266,False
12,307.0,957.17,1432.75,1370.82811,2263.8437,61.921890000000076,831.0936999999999,False
9,51.0,314.81,704.94,860.4782299999999,1216.4996999999998,155.53822999999988,511.5596999999998,False
7,1071.0,841.11,1699.9,1416.87113,2132.5871,283.0288700000001,432.6871000000001,False
13,922.0,1510.22,1967.87,1906.98626,2468.6112,60.88373999999999,500.74119999999994,False
8,867.0,2373.39,1747.22,1962.80037,2479.3747,215.5803699999999,732.1546999999998,False
11,1013.0,1483.3,1952.8,1837.1619,2913.156,115.6380999999999,960.356,False
6,1148.0,1525.81,1776.48,1663.40323,2223.9776,113.07677000000012,447.49760000000015,False
12,158.0,2195.67,1625.46,1778.71961,2266.0391,153.25961000000007,640.5790999999999,False
5,1010.0,2054.21,1810.37,1754.18243,2153.5733,56.18756999999982,343.2033000000001,False
1,682.0,1517.04,1376.04,1201.95832,1779.1583999999998,174.08168,403.11839999999984,False
5,14.0,78.33,406.7,553.2043900000001,1015.401,146.50439000000011,608.701,False
6,1203.0,1900.48,1972.88,1831.43184,2605.6608,141.44816000000014,632.7808,False
4,810.0,1852.31,1575.87,1537.60473,2302.2176,38.26526999999987,726.3476,False
3,760.0,2073.25,1522.45,1549.87475,1967.4725,27.424749999999904,445.02250000000004,False
7,868.0,625.09,1403.48,1243.59747,1703.5949,159.8825300000001,300.11490000000003,False
7,205.0,103.31,683.1,748.05773,1029.1318,64.95772999999997,346.0318000000001,False
5,387.0,1882.35,1588.8,1410.50205,2211.856,178.2979499999999,623.0560000000003,False
11,447.0,130.07,852.02,1066.43881,1480.6046,214.41881000000012,628.5845999999999,False
9,482.0,1348.44,1633.26,1448.58452,2422.7408,184.67547999999988,789.4808,False
7,15.0,2436.67,1459.63,1556.9946100000002,2134.7691,97.36461000000008,675.1390999999999,False
10,955.0,1182.33,1950.3,1645.97239,2442.6756,304.32761000000005,492.3756000000001,False
5,41.0,2314.68,1500.28,1421.76844,1956.1164,78.51155999999992,455.83640000000014,False
2,1189.0,1164.74,1666.52,1343.19942,2113.0568000000003,323.32058000000006,446.5368000000003,False
2,762.0,519.74,752.69,905.72242,1241.5814,153.03242,488.8914,False
10,895.0,937.46,1714.8,1525.42718,2367.3106,189.37282000000005,652.5105999999998,False
13,858.0,2258.01,1889.71,2164.84583,2641.5473,275.13583000000017,751.8373000000001,False
11,650.0,524.8,1179.09,1308.1583999999998,1654.928,129.06839999999988,475.8380000000002,False
4,198.0,2106.63,1450.67,1362.05729,1817.0399,88.6127100000001,366.3698999999999,False
1,791.0,1927.75,1419.88,1407.87425,2217.04,12.005750000000035,797.1599999999999,False
14,1020.0,1201.75,2337.73,1882.60025,2694.3100000000004,455.12975000000006,356.5800000000004,True
12,59.0,2247.39,1629.92,1754.37437,2264.1947,124.45436999999993,634.2746999999999,False
8,626.0,545.84,1142.89,1155.36272,1529.2024,12.472719999999981,386.3123999999998,False
5,57.0,559.05,639.73,756.49815,1172.8705,116.76814999999999,533.1405,False
5,908.0,716.7,1375.88,1196.4241000000002,1767.0870000000002,179.45589999999993,391.2070000000001,False
13,8.0,78.44,713.71,950.97052,1414.068,237.26051999999993,700.358,False
11,684.0,672.51,1487.93,1379.89533,1906.3411,108.03467,418.41110000000003,False
4,180.0,2365.46,1443.02,1453.16118,1998.7858,10.141180000000077,555.7658000000001,False
13,511.0,1628.33,1915.79,1768.91639,2417.5968,146.87360999999987,501.80679999999984,False
4,231.0,20.39,499.26,577.7453699999999,840.6871,78.48536999999988,341.4271,False
9,1139.0,1973.31,1759.33,1980.93173,2799.9775999999997,221.6017300000001,1040.6475999999998,False
9,578.0,1167.71,1587.21,1422.18093,2222.5772,165.02907000000005,635.3672000000001,False
14,530.0,2028.06,2079.14,1980.53698,2392.4838,98.60301999999979,313.3438000000001,False
7,316.0,141.89,837.8,812.33987,1296.5241999999998,25.460129999999936,458.7241999999999,False
2,897.0,2382.39,1437.95,1679.32737,2197.9447,241.37736999999993,759.9947,False
12,121.0,608.92,1033.44,1154.49236,1628.7612,121.05235999999991,595.3211999999999,False
4,764.0,1417.94,1682.1,1350.72502,2377.2808,331.3749799999998,695.1808000000001,False
11,663.0,2141.08,1715.29,1932.99164,2378.1884,217.70164,662.8984,False
3,91.0,1640.15,1338.3,1085.62345,1760.9440000000002,252.6765499999999,422.64400000000023,False
1,1035.0,1289.84,1317.33,1272.37872,2166.5888,44.95128,849.2588000000001,False
7,125.0,193.62,616.24,746.96646,1519.1236,130.72645999999997,902.8835999999999,False
12,437.0,639.96,1183.74,1307.31668,1805.1356,123.5766799999999,621.3956000000001,False
4,84.0,2243.12,1392.1,1363.48896,1871.0776,28.611040000000003,478.97760000000017,False
5,716.0,1316.6,1686.98,1340.5538,2274.312,346.4262000000001,587.3319999999999,False
12,18.0,2461.37,1556.78,1818.04271,2404.0001,261.26270999999997,847.2201000000002,False
3,560.0,1664.15,1419.48,1303.98945,1971.584,115.49054999999998,552.104,False
3,504.0,63.39,568.17,665.92237,966.483,97.75237000000004,398.313,False
5,1126.0,664.9,1336.74,1273.8127,1770.889,62.92730000000006,434.1489999999999,False
1,1092.0,390.55,589.11,953.37265,1412.4035,364.26265,823.2934999999999,False
11,273.0,502.37,862.61,1131.42571,1468.0157000000002,268.81570999999997,605.4057000000001,False
4,6.0,458.7,459.21,645.2681,1289.519,186.05810000000002,830.309,False
1,620.0,490.45,678.74,781.12235,1460.3665,102.38234999999997,781.6265000000001,False
5,659.0,2083.15,1645.06,1608.72045,2034.2995,36.33954999999992,389.23950000000013,False
12,353.0,2150.17,1765.67,1848.26311,2310.8241,82.59311000000002,545.1540999999997,False
13,618.0,1982.27,2000.39,1952.19741,2800.1792,48.19259000000011,799.7891999999999,False
2,1158.0,2355.92,1528.91,1785.5953599999998,2283.0216,256.6853599999997,754.1116,False
3,512.0,1251.6,1360.76,1124.5748,2006.912,236.1851999999999,646.152,False
5,840.0,941.55,1676.48,1252.21365,2101.8955,424.2663500000001,425.41550000000007,False
7,1086.0,2319.81,1858.36,1989.90323,2477.8613,131.54323,619.5013000000001,False
13,1152.0,864.45,1797.14,1762.23635,2502.5645000000004,34.9036500000002,705.4245000000003,False
4,840.0,1375.42,1580.95,1368.33586,2351.5544,212.61414000000013,770.6043999999999,False
4,724.0,89.99,667.98,824.28017,1362.503,156.30016999999998,694.5229999999999,False
3,327.0,2141.92,1438.41,1383.05736,1844.4016,55.352640000000065,405.99159999999983,False
13,1055.0,2005.84,1997.52,2156.12672,2536.2632,158.60672000000022,538.7431999999999,False
1,931.0,327.97,609.73,857.59851,1199.6889,247.86851000000001,589.9589000000001,False
10,108.0,2181.67,1632.42,1650.95761,2135.8191,18.53760999999986,503.3991000000001,False
13,1204.0,24.47,1344.17,1463.71601,1498.65,119.54601000000002,154.48000000000002,False
5,517.0,919.25,1288.31,1099.61475,1936.7925,188.69525,648.4825000000001,False
8,897.0,1536.36,1944.62,1655.59788,2233.7056,289.02211999999986,289.0855999999999,False
12,988.0,2492.79,1753.84,2262.69657,2814.9367,508.85657000000015,1061.0967000000003,False
1,1041.0,1630.25,1466.95,1405.4317500000002,2031.44,61.51824999999985,564.49,False
10,454.0,2359.42,1619.0,1873.35186,2403.9766,254.35186,784.9766,False
5,406.0,1084.16,1399.39,1113.26928,1843.4912,286.1207200000001,444.10119999999984,False
4,103.0,1790.07,1394.55,1198.44481,1959.6672,196.10519,565.1172000000001,False
11,198.0,269.95,695.66,1008.95885,1268.9815,313.29885,573.3215000000001,False
4,477.0,18.97,631.5,686.9175099999999,900.9033,55.41750999999988,269.40329999999994,False
11,67.0,2455.53,1572.91,1787.60999,2369.3369,214.69998999999984,796.4268999999997,False
7,789.0,185.73,966.26,1040.0885899999998,1739.1194,73.82858999999985,772.8594,False
13,70.0,993.7,1492.02,1329.1671,2277.857,162.8529000000001,785.837,False
12,59.0,858.62,1377.35,1222.47546,2005.9782,154.8745399999998,628.6282000000001,False
3,1027.0,180.0,804.96,943.842,1601.2,138.88199999999995,796.24,False
3,275.0,543.74,572.73,747.76242,1135.4214000000002,175.03242,562.6914000000002,False
12,180.0,384.42,873.97,1094.82286,1583.0754000000002,220.85285999999996,709.1054000000001,False
3,334.0,2449.89,1472.53,1504.13187,2072.0197,31.601869999999963,599.4896999999999,False
7,759.0,1694.02,1960.92,1604.38366,2279.8592,356.5363400000001,318.9391999999998,True
10,174.0,1991.96,1542.4,1607.73468,2481.8816,65.33467999999993,939.4816000000001,False
1,780.0,366.37,516.69,804.95971,1230.2969,288.2697099999999,713.6069,False
9,934.0,415.5,1208.82,1292.8605,1808.335,84.04050000000007,599.5150000000001,False
8,936.0,556.28,1277.26,1297.6212399999995,1670.0108,20.361239999999498,392.7508,False
1,1002.0,2320.13,1475.4,1652.26179,2144.4949,176.86178999999993,669.0949,False
7,83.0,137.84,482.65,706.87072,1179.9152,224.22072000000003,697.2651999999999,False
9,191.0,789.52,1058.5,1104.73216,1797.5272,46.23216000000002,739.0272,False
3,280.0,1090.37,1256.92,959.35171,1701.2884,297.56829000000005,444.36839999999984,False
5,644.0,2383.17,1785.53,1716.93811,2247.3141,68.59188999999992,461.7841000000001,False
10,498.0,992.86,1395.03,1369.58338,2297.7046,25.44661999999994,902.6746,False
4,317.0,1793.28,1518.93,1295.1182399999998,2048.3488,223.81176000000028,529.4188000000001,False
4,1100.0,370.61,860.32,1099.45363,1518.3457,239.13362999999993,658.0257,False
4,263.0,2469.06,1503.98,1529.85798,2107.6137999999996,25.87797999999998,603.6337999999996,False
4,932.0,1287.34,1513.28,1375.63322,2272.0888,137.64678000000004,758.8088,False
14,343.0,2013.4,1839.05,1891.5202,2306.982,52.47019999999998,467.932,False
2,274.0,888.24,917.79,829.20992,1639.6664,88.58007999999995,721.8764000000001,False
1,759.0,330.29,500.92,781.77507,1136.3873,280.85507,635.4673,False
8,204.0,2178.45,1506.38,1592.44035,2071.8685,86.06034999999997,565.4884999999999,False
10,396.0,2068.65,1556.68,1736.11895,2168.5145,179.43894999999998,611.8345000000002,False
6,840.0,870.82,1496.46,1275.17406,2038.0202,221.28593999999998,541.5601999999999,False
7,756.0,1473.59,1961.96,1518.62097,2597.5388000000003,443.3390300000001,635.5788000000002,False
4,1048.0,279.75,780.15,1041.46225,1282.2075,261.31225000000006,502.0575,False
9,800.0,39.96,1158.68,1089.26468,1369.4,69.41532000000007,210.72000000000003,False
3,240.0,1895.67,1386.33,1249.94161,2065.8432000000003,136.38838999999984,679.5132000000003,False
13,997.0,920.48,2124.16,1714.56584,2530.7727999999997,409.5941599999999,406.6127999999999,True
2,826.0,2163.39,1523.26,1563.78437,2009.6747,40.52437000000009,486.41470000000004,False
6,194.0,914.25,1168.72,1003.69175,1849.5425,165.02825000000007,680.8225,False
4,333.0,1934.76,1467.52,1356.44108,2190.5696,111.07891999999993,723.0495999999998,False
8,1053.0,1864.01,1794.57,1850.66383,2610.6495999999997,56.093830000000025,816.0795999999998,False
12,466.0,1291.33,1770.37,1569.72539,2490.9556,200.64460999999983,720.5855999999999,False
8,916.0,2417.62,1755.05,2001.59446,2531.2626,246.54446000000007,776.2126000000001,False
11,322.0,1251.3,1732.46,1440.1199,2330.516,292.3401000000001,598.056,False
13,11.0,1114.96,1555.48,1349.29568,2126.1472,206.18432000000007,570.6671999999999,False
7,250.0,364.79,718.71,868.2745699999999,1314.5523,149.5645699999999,595.8423,False
5,247.0,296.51,594.93,740.68533,1051.5287,145.75533000000007,456.5987000000001,False
14,1158.0,2104.61,1899.69,2289.94363,2699.5653,390.25363000000016,799.8753000000002,False
11,1095.0,1071.83,2159.33,1716.14089,2402.8156,443.18911,243.48559999999998,True
11,1149.0,270.81,1284.51,1433.4342299999998,1651.4197,148.92422999999985,366.90969999999993,False
9,14.0,1057.38,1372.31,1128.38054,1851.3416,243.92945999999984,479.0316,False
4,184.0,983.77,1202.69,925.75791,1857.4697,276.93209,654.7797,False
6,135.0,2488.22,1561.2,1580.20826,2170.4006,19.008260000000064,609.2005999999999,False
5,717.0,1508.97,1722.49,1414.67751,1985.4112,307.81249,262.9212,True
1,389.0,1964.96,1228.94,1242.8336800000002,2091.9616,13.893680000000131,863.0216,False
3,1136.0,1296.54,1536.6,1420.09082,2315.8328,116.50918000000001,779.2328000000002,False
13,145.0,2202.42,1716.13,1825.55686,2315.7666,109.4268599999998,599.6365999999998,False
1,1122.0,861.5,1081.05,1147.1265,1885.815,66.07650000000012,804.7650000000001,False
14,383.0,97.95,1203.93,1175.74285,1803.315,28.187149999999974,599.385,False
1,309.0,1211.37,1110.55,918.52871,1772.6084,192.0212899999999,662.0584000000001,False
14,1090.0,2248.68,1905.5,2314.7944399999997,2777.5364,409.29443999999967,872.0364,False
3,278.0,994.9,1167.78,921.8947,1862.989,245.88530000000003,695.2090000000001,False
7,1109.0,2397.29,1917.57,2029.83607,2543.6217,112.26607000000013,626.0517000000002,False
12,643.0,2194.16,1758.03,1994.45128,2458.9368,236.42128000000002,700.9068,False
11,176.0,1050.67,1444.13,1298.16261,2007.2844,145.96739000000002,563.1543999999999,False
7,309.0,1021.75,1309.85,1146.20425,1822.31,163.6457499999999,512.46,False
3,992.0,1897.41,1539.0,1586.00003,2368.3136,47.000029999999924,829.3136,False
3,175.0,440.19,431.17,663.5027699999999,1263.2503000000002,232.33276999999993,832.0803000000001,False
5,895.0,2329.69,1791.96,1808.4012700000003,2308.6737000000003,16.44127000000026,516.7137000000002,False
8,372.0,348.37,950.24,966.44771,1374.4369000000002,16.20771000000002,424.19690000000014,False
5,567.0,193.11,718.3,843.8031300000001,1592.9758000000002,125.50313000000017,874.6758000000002,False
8,978.0,710.43,1624.58,1375.3926899999997,1934.9923,249.18731000000025,310.41229999999996,False
1,1082.0,1809.49,446.94,1492.36667,2219.9104,1045.42667,1772.9704000000002,False
11,636.0,2238.97,1699.94,1958.44151,2438.8480999999997,258.50151000000005,738.9080999999996,False
6,370.0,315.09,946.39,852.70947,1194.7633,93.68052999999998,248.37330000000009,False
8,413.0,222.83,802.95,936.65189,1093.3071,133.70188999999993,290.35709999999995,False
3,399.0,141.39,546.04,648.96637,1126.8342,102.92637000000002,580.7942,False
