trip_days,miles,receipts,expected_output,predicted,error,abs_error
3,93.0,1.42,364.51,327.74,-36.76999999999998,36.76999999999998
1,55.0,3.6,126.06,136.23,10.169999999999987,10.169999999999987
1,47.0,17.97,128.91,142.19,13.280000000000001,13.280000000000001
2,13.0,4.67,203.52,280.53,77.00999999999996,77.00999999999996
3,88.0,5.78,380.37,323.17,-57.19999999999999,57.19999999999999
1,76.0,13.74,158.35,150.97,-7.3799999999999955,7.3799999999999955
3,41.0,4.52,320.12,292.64,-27.480000000000018,27.480000000000018
1,140.0,22.71,199.68,187.84,-11.840000000000003,11.840000000000003
3,121.0,21.17,464.07,411.09,-52.98000000000002,52.98000000000002
3,117.0,21.99,359.1,270.63,-88.47000000000003,88.47000000000003
2,202.0,21.24,356.17,386.1,29.930000000000007,29.930000000000007
3,80.0,21.05,366.87,378.69,11.819999999999993,11.819999999999993
2,21.0,20.04,204.58,271.3,66.72,66.72
3,177.0,18.73,430.86,430.08,-0.7800000000000296,0.7800000000000296
1,141.0,10.15,195.14,173.79,-21.349999999999994,21.349999999999994
1,58.0,5.86,117.24,136.86,19.62000000000002,19.62000000000002
1,133.0,8.34,179.06,170.33,-8.72999999999999,8.72999999999999
1,59.0,8.31,120.65,137.97,17.319999999999993,17.319999999999993
2,89.0,13.85,234.2,325.96,91.75999999999999,91.75999999999999
2,147.0,17.43,325.56,356.44,30.879999999999995,30.879999999999995
5,130.0,306.9,574.1,597.39,23.289999999999964,23.289999999999964
5,173.0,1337.9,1443.96,1265.25,-178.71000000000004,178.71000000000004
5,592.0,433.75,869.0,891.92,22.91999999999996,22.91999999999996
5,679.0,476.08,1030.41,967.59,-62.82000000000005,62.82000000000005
5,708.0,1129.52,1654.62,1397.0,-257.6199999999999,257.6199999999999
5,261.0,464.94,621.12,733.25,112.13,112.13
5,794.0,511.0,1139.94,1018.3,-121.6400000000001,121.6400000000001
5,521.0,1448.55,1624.01,1469.62,-154.3900000000001,154.3900000000001
5,595.0,863.93,1231.67,1219.94,-11.730000000000018,11.730000000000018
5,811.0,952.39,1608.6,1516.11,-92.49000000000001,92.49000000000001
5,477.0,704.42,1045.96,1046.84,0.8799999999998818,0.8799999999998818
5,730.0,485.73,991.49,997.84,6.350000000000023,6.350000000000023
5,262.0,1173.79,1485.59,1224.77,-260.81999999999994,260.81999999999994
5,446.0,219.98,788.62,733.6,-55.01999999999998,55.01999999999998
5,751.0,407.43,1063.46,951.4,-112.06000000000006,112.06000000000006
5,324.0,128.94,686.54,642.85,-43.68999999999994,43.68999999999994
5,414.0,967.0,1368.94,1191.07,-177.87000000000012,177.87000000000012
5,367.0,290.78,742.25,719.84,-22.409999999999968,22.409999999999968
5,764.0,848.75,1468.46,1285.97,-182.49,182.49
5,249.0,873.75,1185.24,1074.51,-110.73000000000002,110.73000000000002
8,862.0,1817.85,1719.37,1864.81,145.44000000000005,145.44000000000005
11,927.0,1994.33,1779.12,1854.66,75.54000000000019,75.54000000000019
9,602.0,186.69,1085.4,979.83,-105.57000000000005,105.57000000000005
8,610.0,208.29,841.27,931.97,90.70000000000005,90.70000000000005
12,333.0,1103.21,1618.13,1589.56,-28.570000000000164,28.570000000000164
8,435.0,1129.65,1525.26,1436.29,-88.97000000000003,88.97000000000003
9,218.0,1203.45,1561.63,1430.25,-131.3800000000001,131.3800000000001
12,781.0,1159.18,1752.72,1810.97,58.25,58.25
11,916.0,1036.91,2098.07,1758.05,-340.0200000000002,340.0200000000002
10,358.0,2066.62,1624.11,1637.49,13.38000000000011,13.38000000000011
12,566.0,2013.7,1752.03,1799.52,47.49000000000001,47.49000000000001
9,954.0,1483.39,2024.2,1867.7,-156.5,156.5
9,534.0,1929.94,1624.87,1734.38,109.51000000000022,109.51000000000022
12,765.0,1343.97,1953.03,1986.13,33.100000000000136,33.100000000000136
8,630.0,967.69,1388.05,1442.86,54.809999999999945,54.809999999999945
10,909.0,696.0,1505.19,1479.18,-26.00999999999999,26.00999999999999
10,223.0,745.89,1037.45,1137.09,99.63999999999987,99.63999999999987
8,467.0,1178.71,1483.33,1473.83,-9.5,9.5
9,708.0,461.07,1110.6,1149.09,38.49000000000001,38.49000000000001
9,885.0,1764.97,1694.37,1865.27,170.9000000000001,170.9000000000001
6,855.0,591.35,1339.72,1355.66,15.940000000000055,15.940000000000055
2,993.0,54.24,715.19,685.44,-29.75,29.75
5,685.0,747.14,1216.36,1186.97,-29.389999999999873,29.389999999999873
3,981.0,341.45,813.95,830.49,16.539999999999964,16.539999999999964
5,770.0,873.33,1502.49,1300.43,-202.05999999999995,202.05999999999995
6,697.0,651.64,1237.71,1161.83,-75.88000000000011,75.88000000000011
3,795.0,450.85,743.94,815.68,71.7399999999999,71.7399999999999
3,606.0,1184.23,1364.54,1273.96,-90.57999999999993,90.57999999999993
3,842.0,865.37,1251.14,1220.37,-30.77000000000021,30.77000000000021
7,748.0,241.73,971.31,971.07,-0.2399999999998954,0.2399999999998954
7,624.0,148.16,905.79,872.11,-33.67999999999995,33.67999999999995
2,713.0,740.33,1048.28,995.51,-52.76999999999998,52.76999999999998
3,874.0,1191.4,1515.99,1393.73,-122.25999999999999,122.25999999999999
6,761.0,530.19,1120.1,1081.62,-38.48000000000002,38.48000000000002
1,815.0,97.89,539.36,455.39,-83.97000000000003,83.97000000000003
1,601.0,497.7,644.12,680.42,36.299999999999955,36.299999999999955
7,817.0,1127.87,1809.91,1722.23,-87.68000000000006,87.68000000000006
1,606.0,923.0,1050.05,1097.0,46.950000000000045,46.950000000000045
1,909.0,741.82,866.07,948.65,82.57999999999993,82.57999999999993
3,624.0,1160.92,1459.34,1270.54,-188.79999999999995,188.79999999999995
4,650.0,619.49,676.38,431.87,-244.51,244.51
6,204.0,818.99,628.4,600.39,-28.00999999999999,28.00999999999999
1,263.0,396.49,198.42,173.97,-24.44999999999999,24.44999999999999
1,451.0,555.49,162.18,222.86,60.68000000000001,60.68000000000001
10,424.0,474.99,831.96,622.64,-209.32000000000005,209.32000000000005
2,565.0,389.49,415.96,288.27,-127.69,127.69
9,397.0,348.49,913.29,908.49,-4.7999999999999545,4.7999999999999545
1,532.0,413.99,355.57,286.7,-68.87,68.87
2,384.0,495.49,290.36,280.67,-9.689999999999998,9.689999999999998
5,754.0,489.99,765.13,608.26,-156.87,156.87
1,344.46,813.85,707.88,692.2,-15.67999999999995,15.67999999999995
3,906.3,540.03,848.42,908.02,59.60000000000002,59.60000000000002
3,1007.56,187.52,764.64,777.5,12.860000000000014,12.860000000000014
1,359.62,221.15,255.57,305.71,50.139999999999986,50.139999999999986
1,362.79,749.19,636.51,640.6,4.090000000000032,4.090000000000032
1,288.72,159.26,303.94,286.66,-17.279999999999973,17.279999999999973
2,782.17,830.72,1165.44,1101.65,-63.789999999999964,63.789999999999964
2,623.18,347.54,625.15,670.47,45.32000000000005,45.32000000000005
3,1061.15,388.5,693.36,887.96,194.60000000000002,194.60000000000002
1,252.75,285.5,331.74,318.2,-13.54000000000002,13.54000000000002
3,1020.39,250.62,779.08,803.81,24.729999999999905,24.729999999999905
1,257.97,816.81,738.01,698.66,-39.35000000000002,39.35000000000002
3,1025.03,592.55,992.4,1008.62,16.220000000000027,16.220000000000027
2,794.32,402.31,671.06,737.97,66.91000000000008,66.91000000000008
1,276.85,485.54,361.66,420.16,58.5,58.5
2,851.68,473.96,650.68,785.67,134.99,134.99
3,859.12,611.07,960.47,971.74,11.269999999999982,11.269999999999982
3,1317.07,476.87,787.42,1041.62,254.19999999999993,254.19999999999993
1,388.1,827.37,741.46,716.92,-24.540000000000077,24.540000000000077
1,264.39,758.27,636.19,630.22,-5.970000000000027,5.970000000000027
5,198.21,594.83,807.48,805.65,-1.830000000000041,1.830000000000041
6,72.85,457.75,666.59,675.83,9.240000000000009,9.240000000000009
8,297.64,481.09,835.08,891.82,56.74000000000001,56.74000000000001
7,237.33,1262.27,1452.17,1361.86,-90.31000000000017,90.31000000000017
5,195.73,1228.49,511.23,482.73,-28.5,28.5
8,276.28,1179.9,1522.6,1391.63,-130.9699999999998,130.9699999999998
8,302.24,1046.04,1353.77,1338.37,-15.400000000000091,15.400000000000091
8,266.87,252.08,880.41,787.38,-93.02999999999997,93.02999999999997
9,310.69,239.64,828.16,851.41,23.25,23.25
6,222.08,709.07,1031.34,970.21,-61.12999999999988,61.12999999999988
8,264.94,720.67,1019.85,1064.37,44.51999999999987,44.51999999999987
8,161.15,1230.37,1499.24,1365.99,-133.25,133.25
9,259.96,554.74,835.54,973.23,137.69000000000005,137.69000000000005
9,97.85,518.56,850.57,856.29,5.719999999999914,5.719999999999914
9,194.34,1054.93,1374.9,1348.4,-26.5,26.5
9,332.35,374.61,830.45,908.67,78.21999999999991,78.21999999999991
5,126.44,696.14,845.35,863.89,18.539999999999964,18.539999999999964
5,66.13,848.03,1050.25,982.75,-67.5,67.5
6,135.34,1144.13,1478.11,1208.08,-270.03,270.03
6,233.7,346.98,648.57,712.09,63.51999999999998,63.51999999999998
9,849.0,1007.41,1785.47,1609.62,-175.85000000000014,175.85000000000014
6,806.0,1760.64,1718.76,1791.26,72.5,72.5
8,891.0,1194.36,2016.46,1833.08,-183.3800000000001,183.3800000000001
9,1182.0,1342.24,2164.15,1915.53,-248.62000000000012,248.62000000000012
7,1010.0,1514.03,2063.98,1877.9,-186.07999999999993,186.07999999999993
8,892.0,1768.53,1902.37,1882.04,-20.329999999999927,20.329999999999927
6,825.0,1692.73,1817.77,1791.41,-26.3599999999999,26.3599999999999
8,1118.0,1758.52,1852.47,1901.53,49.059999999999945,49.059999999999945
8,1064.0,1756.52,1857.04,1892.36,35.319999999999936,35.319999999999936
6,811.0,1252.04,1771.8,1685.31,-86.49000000000001,86.49000000000001
7,889.0,1417.96,1826.08,1828.29,2.2100000000000364,2.2100000000000364
9,1012.0,1429.04,1880.76,1876.56,-4.2000000000000455,4.2000000000000455
6,909.0,1332.18,1720.21,1730.54,10.329999999999927,10.329999999999927
9,1096.0,1690.22,1894.85,1924.49,29.6400000000001,29.6400000000001
9,913.0,1021.29,1964.86,1644.08,-320.78,320.78
6,1006.0,1219.71,1803.97,1714.9,-89.06999999999994,89.06999999999994
6,907.0,1650.17,1737.86,1790.11,52.25,52.25
9,816.0,1171.81,1780.58,1674.54,-106.03999999999996,106.03999999999996
7,1006.0,1181.33,2279.82,2324.85,45.029999999999745,45.029999999999745
6,835.0,1404.28,1765.79,1738.16,-27.62999999999988,27.62999999999988
12,528.0,2476.41,1662.88,1720.66,57.77999999999997,57.77999999999997
4,69.0,2321.49,322.0,381.44,59.44,59.44
11,1179.0,31.36,1550.55,1283.34,-267.21000000000004,267.21000000000004
13,756.0,954.4,1793.07,1753.98,-39.08999999999992,39.08999999999992
1,123.0,2076.65,1171.68,1259.01,87.32999999999993,87.32999999999993
3,1162.0,2152.66,1434.71,1538.39,103.68000000000006,103.68000000000006
1,822.0,2170.53,1374.91,1400.97,26.059999999999945,26.059999999999945
11,558.0,1549.86,1823.47,1836.23,12.759999999999991,12.759999999999991
2,753.0,1111.16,1353.87,1249.97,-103.89999999999986,103.89999999999986
10,224.0,407.51,794.7,901.79,107.08999999999992,107.08999999999992
6,383.0,462.79,800.3,857.0,56.700000000000045,56.700000000000045
8,1005.0,1391.37,1987.39,1904.98,-82.41000000000008,82.41000000000008
10,1145.0,311.43,1366.61,1303.84,-62.76999999999998,62.76999999999998
5,1004.0,2367.63,1743.85,1711.66,-32.18999999999983,32.18999999999983
5,873.0,1402.35,1676.79,1670.49,-6.2999999999999545,6.2999999999999545
2,165.0,1813.32,1273.45,1286.29,12.839999999999918,12.839999999999918
5,1076.0,190.33,879.65,1130.12,250.4699999999999,250.4699999999999
12,986.0,2390.92,1760.0,1843.65,83.65000000000009,83.65000000000009
7,948.0,657.17,1578.97,1493.65,-85.31999999999994,85.31999999999994
3,429.0,2400.13,1411.95,1475.6,63.649999999999864,63.649999999999864
4,362.0,646.43,788.53,876.05,87.51999999999998,87.51999999999998
2,622.0,1871.56,1494.23,1468.9,-25.329999999999927,25.329999999999927
1,140.0,255.99,150.34,195.69,45.349999999999994,45.349999999999994
8,123.0,612.55,851.24,904.04,52.799999999999955,52.799999999999955
4,87.0,2463.92,1413.52,1111.43,-302.0899999999999,302.0899999999999
10,164.0,1144.9,1516.43,1431.17,-85.25999999999999,85.25999999999999
1,989.0,2196.84,1439.17,1366.37,-72.80000000000018,72.80000000000018
4,470.0,1968.63,1501.1,1541.0,39.90000000000009,39.90000000000009
1,37.0,1397.17,1092.94,975.16,-117.78000000000009,117.78000000000009
8,488.0,439.7,1030.13,984.5,-45.63000000000011,45.63000000000011
12,757.0,897.4,1780.07,1674.37,-105.70000000000005,105.70000000000005
14,958.0,1727.76,2065.16,2035.52,-29.639999999999873,29.639999999999873
2,456.0,2390.7,1342.39,1373.37,30.97999999999979,30.97999999999979
5,733.0,41.18,771.83,783.99,12.159999999999968,12.159999999999968
5,291.0,1279.7,1477.12,1288.41,-188.7099999999998,188.7099999999998
10,478.0,2091.79,1568.41,1663.27,94.8599999999999,94.8599999999999
8,817.0,1455.73,1847.26,1880.81,33.549999999999955,33.549999999999955
6,1043.0,1404.35,1807.42,1778.12,-29.300000000000182,29.300000000000182
2,958.0,1855.58,1549.54,1578.1,28.559999999999945,28.559999999999945
9,524.0,474.75,935.4,1058.94,123.54000000000008,123.54000000000008
6,45.0,81.59,522.58,512.14,-10.440000000000055,10.440000000000055
8,342.0,2259.06,1502.02,1592.96,90.94000000000005,90.94000000000005
12,379.0,1897.29,1682.98,1761.27,78.28999999999996,78.28999999999996
6,333.0,1254.68,1585.02,1347.15,-237.8699999999999,237.8699999999999
2,634.0,1739.81,1490.51,1457.97,-32.539999999999964,32.539999999999964
5,285.0,974.73,1282.84,1138.81,-144.02999999999997,144.02999999999997
12,33.0,1249.13,1707.38,1529.69,-177.69000000000005,177.69000000000005
9,118.0,1285.82,1539.77,1426.56,-113.21000000000004,113.21000000000004
1,420.0,2273.6,1220.35,1391.49,171.1400000000001,171.1400000000001
11,312.0,2072.39,1586.22,1669.32,83.09999999999991,83.09999999999991
10,753.0,2054.02,1779.08,1756.27,-22.809999999999945,22.809999999999945
5,125.0,96.38,570.99,543.39,-27.600000000000023,27.600000000000023
6,597.0,888.84,1395.65,1285.39,-110.25999999999999,110.25999999999999
12,1065.0,203.2,1408.25,1329.15,-79.09999999999991,79.09999999999991
1,214.0,540.03,402.81,441.54,38.73000000000002,38.73000000000002
11,886.0,922.66,1852.24,1689.97,-162.26999999999998,162.26999999999998
10,621.0,978.73,1656.28,1549.41,-106.86999999999989,106.86999999999989
4,1000.0,2355.34,1699.56,1640.66,-58.899999999999864,58.899999999999864
13,534.0,1765.96,1881.36,1889.0,7.6400000000001,7.6400000000001
6,475.0,1800.71,1671.23,1630.68,-40.549999999999955,40.549999999999955
11,623.0,2265.21,1739.18,1736.42,-2.759999999999991,2.759999999999991
1,620.0,973.91,1112.02,1141.12,29.09999999999991,29.09999999999991
13,1004.0,1757.75,1960.67,2001.02,40.34999999999991,40.34999999999991
8,962.0,1929.63,1897.19,1893.13,-4.059999999999945,4.059999999999945
14,516.0,1464.67,1842.1,1955.02,112.92000000000007,112.92000000000007
11,685.0,2272.75,1873.94,1754.72,-119.22000000000003,119.22000000000003
3,307.0,266.21,540.97,558.21,17.24000000000001,17.24000000000001
3,375.0,1346.21,1339.93,1251.78,-88.15000000000009,88.15000000000009
4,1124.0,2177.18,1567.43,1629.43,62.0,62.0
3,779.0,2110.9,1520.73,1523.77,3.0399999999999636,3.0399999999999636
8,1173.0,671.25,1419.34,1606.99,187.6500000000001,187.6500000000001
14,47.0,1667.14,1745.18,1802.54,57.3599999999999,57.3599999999999
3,981.0,2008.83,1539.47,1537.17,-2.2999999999999545,2.2999999999999545
5,516.0,1450.67,1547.5,1468.47,-79.02999999999997,79.02999999999997
6,471.0,332.51,872.19,837.19,-35.0,35.0
2,941.0,1565.77,1432.79,1490.57,57.77999999999997,57.77999999999997
10,377.0,301.96,837.36,941.68,104.31999999999994,104.31999999999994
7,273.0,285.83,793.58,763.49,-30.090000000000032,30.090000000000032
1,458.0,834.7,737.28,727.88,-9.399999999999977,9.399999999999977
11,772.0,932.31,1575.52,1645.14,69.62000000000012,69.62000000000012
11,36.0,1541.47,1593.24,1686.94,93.70000000000005,93.70000000000005
12,211.0,1048.29,1579.73,1510.14,-69.58999999999992,69.58999999999992
7,987.0,2164.1,1839.67,1893.73,54.059999999999945,54.059999999999945
9,662.0,2275.59,1599.27,1760.37,161.0999999999999,161.0999999999999
12,96.0,1164.37,1553.21,1516.18,-37.02999999999997,37.02999999999997
5,569.0,1856.7,1623.81,1633.54,9.730000000000018,9.730000000000018
12,128.0,477.17,874.99,998.84,123.85000000000002,123.85000000000002
4,886.0,2401.28,1698.0,1625.3,-72.70000000000005,72.70000000000005
13,19.0,807.27,1331.53,1244.65,-86.87999999999988,86.87999999999988
8,275.0,2347.09,1454.47,1561.59,107.11999999999989,107.11999999999989
9,963.0,588.5,1434.42,1345.06,-89.36000000000013,89.36000000000013
14,1056.0,2489.69,1894.16,1922.68,28.519999999999982,28.519999999999982
5,728.0,423.16,947.72,950.01,2.2899999999999636,2.2899999999999636
4,286.0,1063.49,418.17,451.04,32.870000000000005,32.870000000000005
11,332.0,1352.48,1663.39,1802.56,139.16999999999985,139.16999999999985
12,49.0,1118.38,1494.81,1473.62,-21.190000000000055,21.190000000000055
2,18.0,2503.46,1206.95,1199.26,-7.690000000000055,7.690000000000055
14,592.0,1268.36,1930.24,1881.2,-49.039999999999964,49.039999999999964
3,892.0,171.32,875.39,760.23,-115.15999999999997,115.15999999999997
11,741.0,1872.39,1847.08,1829.22,-17.8599999999999,17.8599999999999
14,807.0,2358.41,1819.41,1890.59,71.17999999999984,71.17999999999984
5,873.0,1584.53,1796.7,1719.31,-77.3900000000001,77.3900000000001
3,1159.0,2209.44,1434.84,1543.25,108.41000000000008,108.41000000000008
11,920.0,1338.65,1871.27,1992.92,121.65000000000009,121.65000000000009
1,388.0,390.7,332.06,387.96,55.89999999999998,55.89999999999998
9,576.0,1059.79,1547.5,1516.38,-31.11999999999989,31.11999999999989
9,524.0,2367.12,1640.78,1702.62,61.83999999999992,61.83999999999992
10,459.0,2183.11,1559.59,1645.03,85.44000000000005,85.44000000000005
4,725.0,588.9,1097.95,1004.5,-93.45000000000005,93.45000000000005
1,992.0,958.87,1222.41,1167.19,-55.22000000000003,55.22000000000003
10,536.0,2194.42,1615.13,1668.34,53.20999999999981,53.20999999999981
11,1126.0,1593.03,2143.74,2014.54,-129.19999999999982,129.19999999999982
10,314.0,1098.8,1539.1,1474.05,-65.04999999999995,65.04999999999995
1,9.0,2246.28,1120.22,1308.99,188.76999999999998,188.76999999999998
11,706.0,1508.23,2030.59,1905.31,-125.27999999999997,125.27999999999997
10,976.0,2166.02,1775.03,1798.42,23.3900000000001,23.3900000000001
5,1028.0,653.19,1313.95,1344.7,30.75,30.75
8,1166.0,99.47,1149.07,1355.32,206.25,206.25
12,882.0,1958.14,1944.88,1892.62,-52.26000000000022,52.26000000000022
11,448.0,732.79,1090.35,1280.45,190.10000000000014,190.10000000000014
7,623.0,1691.39,1800.86,1709.05,-91.80999999999995,91.80999999999995
3,127.0,293.49,303.2,218.17,-85.03,85.03
12,218.0,486.02,1005.67,1042.16,36.49000000000012,36.49000000000012
3,1166.0,530.44,785.59,1001.88,216.28999999999996,216.28999999999996
11,17.0,550.58,830.07,933.48,103.40999999999997,103.40999999999997
9,696.0,1749.97,1649.49,1795.41,145.92000000000007,145.92000000000007
4,305.0,125.79,664.43,587.36,-77.06999999999994,77.06999999999994
12,104.0,1300.05,1779.92,1827.92,48.0,48.0
1,303.0,931.53,857.42,782.5,-74.91999999999996,74.91999999999996
8,1012.0,2390.84,1732.12,2034.65,302.5300000000002,302.5300000000002
9,938.0,2224.29,1913.87,1856.22,-57.649999999999864,57.649999999999864
3,471.0,288.19,535.67,645.42,109.75,109.75
5,72.0,977.67,1156.55,1047.78,-108.76999999999998,108.76999999999998
10,160.0,2272.56,1642.15,1567.11,-75.04000000000019,75.04000000000019
10,965.0,1851.28,1805.77,1843.99,38.22000000000003,38.22000000000003
3,266.0,2178.16,1447.95,1431.44,-16.50999999999999,16.50999999999999
12,734.0,2491.82,1792.31,1781.8,-10.509999999999991,10.509999999999991
12,64.0,1641.01,1710.72,1726.94,16.220000000000027,16.220000000000027
9,497.0,1845.08,1674.09,1726.2,52.11000000000013,52.11000000000013
3,781.0,1801.38,1586.21,1513.53,-72.68000000000006,72.68000000000006
3,158.0,1070.74,1183.16,1024.83,-158.33000000000015,158.33000000000015
3,1096.0,200.27,802.96,812.35,9.389999999999986,9.389999999999986
11,1116.0,2067.8,1987.44,1916.91,-70.52999999999997,70.52999999999997
10,831.0,39.86,982.64,1068.61,85.96999999999991,85.96999999999991
14,124.0,1064.64,1761.68,1585.4,-176.27999999999997,176.27999999999997
4,10.0,1262.73,1261.41,1105.71,-155.70000000000005,155.70000000000005
5,955.0,106.86,897.78,1079.14,181.36000000000013,181.36000000000013
7,1176.0,2489.13,1921.16,2024.26,103.09999999999991,103.09999999999991
6,803.0,465.6,1012.0,1259.73,247.73000000000002,247.73000000000002
9,868.0,62.12,1022.81,1035.37,12.559999999999945,12.559999999999945
1,181.0,128.05,225.12,249.28,24.159999999999997,24.159999999999997
3,70.0,631.88,564.16,649.95,85.79000000000008,85.79000000000008
8,1090.0,419.76,1189.47,1429.67,240.20000000000005,240.20000000000005
14,1184.0,2269.89,1943.24,1987.76,44.51999999999998,44.51999999999998
1,735.0,1676.9,1365.21,1414.58,49.36999999999989,49.36999999999989
2,547.0,119.09,509.52,567.06,57.539999999999964,57.539999999999964
11,265.0,218.66,949.34,896.13,-53.210000000000036,53.210000000000036
10,223.0,886.32,1305.54,1297.89,-7.649999999999864,7.649999999999864
12,959.0,1947.82,1833.24,1901.9,68.66000000000008,68.66000000000008
11,498.0,1578.39,1793.52,1811.49,17.970000000000027,17.970000000000027
14,127.0,988.4,1688.9,1549.67,-139.23000000000002,139.23000000000002
3,621.0,214.08,779.66,690.87,-88.78999999999996,88.78999999999996
6,1193.0,2241.5,1839.47,1894.82,55.34999999999991,55.34999999999991
4,448.0,2055.97,1497.46,1539.57,42.1099999999999,42.1099999999999
8,466.0,2064.63,1558.12,1643.11,84.99000000000001,84.99000000000001
12,229.0,1216.16,1696.65,1598.87,-97.7800000000002,97.7800000000002
13,658.0,559.48,1573.12,1414.6,-158.51999999999998,158.51999999999998
13,1034.0,2477.98,1842.24,1884.68,42.440000000000055,42.440000000000055
4,842.0,2464.29,1611.66,1632.65,20.99000000000001,20.99000000000001
13,837.0,1218.93,1921.68,1916.64,-5.039999999999964,5.039999999999964
11,927.0,1306.37,1804.68,1988.43,183.75,183.75
4,1047.0,1657.68,1605.84,1682.86,77.01999999999998,77.01999999999998
4,262.0,1681.28,1435.34,1410.0,-25.339999999999918,25.339999999999918
7,1126.0,1103.75,2014.72,2152.07,137.35000000000014,137.35000000000014
5,781.0,672.91,1125.36,1155.63,30.27000000000021,30.27000000000021
5,831.0,591.65,1090.31,1268.56,178.25,178.25
7,1089.0,1026.25,2132.85,2098.09,-34.75999999999976,34.75999999999976
1,793.0,2171.07,1421.36,1409.05,-12.309999999999945,12.309999999999945
9,368.0,495.12,847.33,987.59,140.26,140.26
6,818.0,1130.38,1704.06,1648.41,-55.649999999999864,55.649999999999864
11,667.0,1915.95,1732.2,1799.74,67.53999999999996,67.53999999999996
2,267.0,2116.93,1349.04,1307.8,-41.24000000000001,41.24000000000001
10,1083.0,2105.36,1844.58,1846.62,2.0399999999999636,2.0399999999999636
13,529.0,1767.79,2015.18,1887.6,-127.58000000000015,127.58000000000015
9,1155.0,1346.4,2248.12,1905.81,-342.30999999999995,342.30999999999995
7,1185.0,1768.01,2072.18,1915.38,-156.79999999999973,156.79999999999973
5,763.0,1420.94,1777.14,1561.34,-215.80000000000018,215.80000000000018
7,368.0,1231.69,1550.04,1403.83,-146.21000000000004,146.21000000000004
6,659.0,322.1,972.58,923.38,-49.200000000000045,49.200000000000045
14,1138.0,518.18,1696.86,1621.45,-75.40999999999985,75.40999999999985
6,172.0,1977.78,1603.89,1490.48,-113.41000000000008,113.41000000000008
6,628.0,311.47,903.3,903.71,0.41000000000008185,0.41000000000008185
2,500.0,1246.48,1264.53,1205.39,-59.13999999999987,59.13999999999987
8,7.0,2075.6,1422.12,1457.01,34.8900000000001,34.8900000000001
5,942.0,2092.87,1696.72,1691.07,-5.650000000000091,5.650000000000091
12,81.0,2485.34,1589.65,1608.01,18.3599999999999,18.3599999999999
4,166.0,791.52,866.18,901.81,35.629999999999995,35.629999999999995
3,213.0,1724.85,1344.71,1418.05,73.33999999999992,73.33999999999992
11,1004.0,167.15,1175.65,1231.76,56.1099999999999,56.1099999999999
5,116.0,478.1,624.04,666.43,42.389999999999986,42.389999999999986
13,112.0,2299.56,1807.67,1690.59,-117.08000000000015,117.08000000000015
1,43.0,2149.22,1134.47,1271.36,136.88999999999987,136.88999999999987
2,660.0,1944.4,1531.2,1476.73,-54.47000000000003,54.47000000000003
10,888.0,298.68,1171.54,1186.85,15.309999999999945,15.309999999999945
10,860.0,2380.76,1759.97,1728.95,-31.019999999999982,31.019999999999982
10,1187.0,1981.09,2013.21,1905.96,-107.25,107.25
12,1139.0,124.65,1314.3,1323.77,9.470000000000027,9.470000000000027
5,966.0,359.51,927.98,1160.97,232.99,232.99
10,796.0,1352.08,2000.19,1924.31,-75.88000000000011,75.88000000000011
9,72.0,1281.32,1515.54,1404.42,-111.11999999999989,111.11999999999989
10,215.0,2440.91,1638.66,1558.66,-80.0,80.0
7,671.0,1297.02,1703.2,1566.82,-136.3800000000001,136.3800000000001
5,230.0,333.69,538.36,652.63,114.26999999999998,114.26999999999998
5,467.0,1243.31,1549.82,1347.25,-202.56999999999994,202.56999999999994
13,247.0,2339.61,1705.9,1718.41,12.509999999999991,12.509999999999991
14,777.0,1248.61,1837.25,1957.48,120.23000000000002,120.23000000000002
11,740.0,1171.99,902.09,939.86,37.76999999999998,37.76999999999998
6,884.0,1798.31,1897.87,1809.05,-88.81999999999994,88.81999999999994
5,789.0,1853.31,1792.88,1675.65,-117.23000000000002,117.23000000000002
4,825.0,874.99,784.52,697.99,-86.52999999999997,86.52999999999997
2,301.0,769.23,731.28,831.58,100.30000000000007,100.30000000000007
12,1007.0,1353.77,1925.32,2038.55,113.23000000000002,113.23000000000002
5,865.0,644.79,1202.46,1312.7,110.24000000000001,110.24000000000001
14,81.0,1251.97,1682.62,1657.03,-25.589999999999918,25.589999999999918
8,1159.0,2175.27,1752.18,1996.74,244.55999999999995,244.55999999999995
11,496.0,373.98,1152.99,1087.81,-65.18000000000006,65.18000000000006
1,752.0,1632.35,1362.39,1407.28,44.88999999999987,44.88999999999987
5,1014.0,1853.57,1749.31,1695.53,-53.77999999999997,53.77999999999997
9,686.0,145.66,972.95,993.51,20.559999999999945,20.559999999999945
5,654.0,1272.89,1724.68,1442.67,-282.01,282.01
8,621.0,2391.34,1593.12,1685.43,92.31000000000017,92.31000000000017
9,1080.0,539.51,1306.91,1345.72,38.809999999999945,38.809999999999945
10,714.0,269.06,1067.81,1102.12,34.309999999999945,34.309999999999945
10,816.0,1425.64,1872.81,1915.12,42.309999999999945,42.309999999999945
14,1122.0,1766.25,2239.35,2087.13,-152.2199999999998,152.2199999999998
4,1202.0,1074.87,1501.24,1525.37,24.12999999999988,24.12999999999988
5,651.0,1573.3,1682.08,1586.16,-95.91999999999985,95.91999999999985
14,1100.0,237.69,1265.57,1447.25,181.68000000000006,181.68000000000006
14,296.0,485.68,924.9,1180.99,256.09000000000003,256.09000000000003
1,697.0,2148.5,1421.07,1426.47,5.400000000000091,5.400000000000091
6,1044.0,47.46,1133.45,1180.49,47.039999999999964,47.039999999999964
12,398.0,2481.44,1755.18,1684.15,-71.02999999999997,71.02999999999997
3,139.0,2428.89,1345.66,1424.62,78.95999999999981,78.95999999999981
6,84.0,852.7,1109.32,1045.33,-63.99000000000001,63.99000000000001
2,423.0,1639.17,1367.64,1351.5,-16.1400000000001,16.1400000000001
11,815.0,2385.6,1872.44,1765.09,-107.35000000000014,107.35000000000014
6,577.0,897.74,1257.31,1281.0,23.690000000000055,23.690000000000055
8,200.0,1508.89,1461.33,1511.58,50.25,50.25
9,1102.0,540.6,1455.85,1363.53,-92.31999999999994,92.31999999999994
12,508.0,1970.54,1770.91,1789.32,18.409999999999854,18.409999999999854
13,1024.0,1712.85,2097.69,2025.58,-72.11000000000013,72.11000000000013
7,1161.0,1499.97,1862.45,1886.41,23.960000000000036,23.960000000000036
2,730.0,285.24,624.78,682.93,58.14999999999998,58.14999999999998
13,996.0,1809.2,1956.89,1986.98,30.089999999999918,30.089999999999918
5,1160.0,1901.83,1673.89,1703.57,29.679999999999836,29.679999999999836
2,1139.0,306.43,726.14,829.62,103.48000000000002,103.48000000000002
14,191.0,2442.76,1798.47,1737.29,-61.180000000000064,61.180000000000064
7,776.0,2447.82,1826.93,1762.82,-64.11000000000013,64.11000000000013
14,414.0,1919.7,1918.89,1876.39,-42.5,42.5
7,847.0,1994.62,1851.7,1884.07,32.36999999999989,32.36999999999989
6,924.0,1227.21,1871.76,1700.54,-171.22000000000003,171.22000000000003
2,933.0,1589.58,1489.99,1498.62,8.629999999999882,8.629999999999882
1,211.0,958.08,891.9,778.12,-113.77999999999997,113.77999999999997
10,773.0,865.92,1837.11,1561.01,-276.0999999999999,276.0999999999999
3,196.0,1211.68,1229.87,1109.25,-120.61999999999989,120.61999999999989
14,49.0,954.02,1480.87,1459.47,-21.399999999999864,21.399999999999864
5,477.0,655.24,935.38,997.93,62.549999999999955,62.549999999999955
5,828.0,1606.84,1690.82,1721.72,30.90000000000009,30.90000000000009
11,458.0,1364.29,1649.04,1836.27,187.23000000000002,187.23000000000002
3,289.0,1245.67,1279.31,1166.0,-113.30999999999995,113.30999999999995
1,1060.0,501.67,658.14,703.96,45.82000000000005,45.82000000000005
5,1085.0,2486.43,1664.83,1716.71,51.88000000000011,51.88000000000011
4,675.0,381.48,779.68,841.12,61.440000000000055,61.440000000000055
8,415.0,1214.97,1473.75,1468.74,-5.009999999999991,5.009999999999991
6,425.0,709.75,1114.9,1077.58,-37.320000000000164,37.320000000000164
7,313.0,2408.02,1637.65,1581.61,-56.04000000000019,56.04000000000019
13,235.0,426.07,897.26,1073.22,175.96000000000004,175.96000000000004
7,635.0,1406.31,1630.66,1603.87,-26.79000000000019,26.79000000000019
10,1009.0,2164.22,1889.87,1821.82,-68.04999999999995,68.04999999999995
3,692.0,450.7,748.57,800.57,52.0,52.0
2,91.0,1073.76,1013.78,944.64,-69.13999999999999,69.13999999999999
8,1187.0,1045.91,2047.06,2099.99,52.929999999999836,52.929999999999836
14,600.0,1120.05,1847.84,1818.69,-29.149999999999864,29.149999999999864
5,210.0,710.49,483.34,396.04,-87.29999999999995,87.29999999999995
12,10.0,1203.1,1564.9,1497.52,-67.38000000000011,67.38000000000011
1,452.0,275.05,282.89,348.61,65.72000000000003,65.72000000000003
4,256.0,2218.74,1476.03,1511.64,35.61000000000013,35.61000000000013
8,312.0,2383.17,1557.27,1573.75,16.480000000000018,16.480000000000018
2,1175.0,816.2,1237.62,1207.78,-29.839999999999918,29.839999999999918
11,960.0,383.64,1248.46,1305.03,56.569999999999936,56.569999999999936
6,690.0,1009.37,1559.83,1383.85,-175.98000000000002,175.98000000000002
14,487.0,579.29,1516.68,1380.33,-136.35000000000014,136.35000000000014
8,75.0,315.71,593.83,687.73,93.89999999999998,93.89999999999998
13,360.0,271.93,1017.64,1066.55,48.90999999999997,48.90999999999997
11,708.0,1871.77,1916.37,1820.38,-95.98999999999978,95.98999999999978
3,182.0,347.82,384.77,520.88,136.11,136.11
10,683.0,2442.92,1643.68,1679.02,35.33999999999992,35.33999999999992
5,392.0,1264.6,1465.72,1324.97,-140.75,140.75
10,175.0,1443.25,1635.5,1715.82,80.31999999999994,80.31999999999994
7,577.0,1959.13,1603.6,1696.03,92.43000000000006,92.43000000000006
13,799.0,951.92,1793.36,1771.45,-21.909999999999854,21.909999999999854
13,608.0,370.89,1170.54,1245.91,75.37000000000012,75.37000000000012
7,194.0,202.49,686.23,324.05,-362.18,362.18
13,889.0,232.72,1394.38,1321.04,-73.34000000000015,73.34000000000015
7,901.0,136.8,1222.6,1263.05,40.450000000000045,40.450000000000045
1,698.0,1525.82,1398.75,1423.82,25.069999999999936,25.069999999999936
9,592.0,793.55,1235.69,1340.04,104.34999999999991,104.34999999999991
14,1015.0,871.76,1846.41,1879.13,32.72000000000003,32.72000000000003
9,524.0,136.46,848.89,911.17,62.27999999999997,62.27999999999997
5,781.0,2114.27,1789.85,1680.8,-109.04999999999995,109.04999999999995
3,200.0,58.24,494.63,463.11,-31.519999999999982,31.519999999999982
5,503.0,2335.55,1649.42,1638.9,-10.519999999999982,10.519999999999982
11,667.0,2221.67,1872.89,1755.91,-116.98000000000002,116.98000000000002
7,336.0,1843.58,1691.68,1618.63,-73.04999999999995,73.04999999999995
4,217.0,1506.46,1455.37,1313.02,-142.3499999999999,142.3499999999999
8,207.0,1146.93,1479.01,1345.67,-133.33999999999992,133.33999999999992
7,690.0,1807.71,1710.98,1762.93,51.950000000000045,51.950000000000045
2,251.0,1916.43,1285.2,1315.05,29.84999999999991,29.84999999999991
4,627.0,956.98,1337.63,1226.11,-111.52000000000021,111.52000000000021
1,432.0,581.71,448.34,519.32,70.98000000000008,70.98000000000008
4,1194.0,2250.51,1691.15,1651.73,-39.42000000000007,39.42000000000007
10,64.0,455.9,774.64,855.67,81.02999999999997,81.02999999999997
8,15.0,377.85,657.8,691.64,33.84000000000003,33.84000000000003
11,741.0,1207.39,1878.06,1764.28,-113.77999999999997,113.77999999999997
8,638.0,1007.48,1483.06,1465.51,-17.549999999999955,17.549999999999955
12,965.0,1700.28,1879.09,1950.87,71.77999999999997,71.77999999999997
8,1182.0,990.07,1840.75,1828.09,-12.660000000000082,12.660000000000082
13,1062.0,869.28,2090.54,1845.76,-244.77999999999997,244.77999999999997
1,754.0,1220.47,1346.14,1338.7,-7.440000000000055,7.440000000000055
14,767.0,186.47,1292.77,1296.47,3.7000000000000455,3.7000000000000455
11,775.0,1752.23,1809.29,1854.31,45.01999999999998,45.01999999999998
8,592.0,1402.98,1561.41,1630.29,68.87999999999988,68.87999999999988
6,957.0,727.75,1448.72,1476.79,28.069999999999936,28.069999999999936
9,800.0,2167.72,1726.51,1823.85,97.33999999999992,97.33999999999992
6,1198.0,222.6,1107.96,1239.98,132.01999999999998,132.01999999999998
3,1092.0,1737.65,1462.01,1525.18,63.17000000000007,63.17000000000007
12,958.0,2499.84,1791.69,1822.65,30.960000000000036,30.960000000000036
11,955.0,1282.19,2000.42,1893.21,-107.21000000000004,107.21000000000004
11,605.0,1880.69,1711.55,1786.0,74.45000000000005,74.45000000000005
7,670.0,1558.02,1702.81,1692.19,-10.61999999999989,10.61999999999989
11,844.0,1962.77,1787.57,1840.09,52.51999999999998,52.51999999999998
3,718.0,1158.02,1416.98,1309.94,-107.03999999999996,107.03999999999996
6,323.0,1477.23,1608.55,1450.08,-158.47000000000003,158.47000000000003
14,616.0,2374.41,1828.37,1862.11,33.74000000000001,33.74000000000001
8,752.0,1519.78,1662.92,1725.31,62.38999999999987,62.38999999999987
1,1166.0,1423.69,1412.13,1477.47,65.33999999999992,65.33999999999992
3,1187.0,1632.14,1451.85,1644.38,192.5300000000002,192.5300000000002
3,1013.0,166.52,711.07,773.05,61.979999999999905,61.979999999999905
5,741.0,429.24,951.92,958.06,6.139999999999986,6.139999999999986
14,467.0,2176.26,1809.83,1844.82,34.99000000000001,34.99000000000001
3,224.0,358.77,406.36,542.89,136.52999999999997,136.52999999999997
3,712.0,512.23,751.16,851.17,100.00999999999999,100.00999999999999
12,218.0,901.03,1371.86,1415.69,43.830000000000155,43.830000000000155
6,373.0,587.38,956.61,951.61,-5.0,5.0
8,562.0,2479.33,1478.31,1664.07,185.76,185.76
5,132.0,2387.03,1454.05,1571.59,117.53999999999996,117.53999999999996
3,98.0,871.46,866.05,902.74,36.690000000000055,36.690000000000055
14,545.0,1206.76,1977.89,1836.62,-141.2700000000002,141.2700000000002
1,869.0,1498.88,1398.94,1497.7,98.75999999999999,98.75999999999999
2,875.0,393.25,640.56,756.89,116.33000000000004,116.33000000000004
8,888.0,2296.07,1718.71,1979.5,260.78999999999996,260.78999999999996
1,716.0,1396.41,1376.59,1431.83,55.24000000000001,55.24000000000001
8,1025.0,1031.33,2214.64,2113.2,-101.44000000000005,101.44000000000005
9,1064.0,2016.76,1810.94,1884.96,74.01999999999998,74.01999999999998
4,463.0,1963.41,1607.34,1540.03,-67.30999999999995,67.30999999999995
1,678.0,1478.57,1370.31,1470.91,100.60000000000014,100.60000000000014
1,436.0,1358.14,1154.03,1034.35,-119.68000000000006,119.68000000000006
5,586.0,2135.36,1661.61,1646.78,-14.829999999999927,14.829999999999927
1,797.0,126.8,543.18,465.55,-77.62999999999994,77.62999999999994
14,481.0,939.99,877.17,905.93,28.75999999999999,28.75999999999999
7,172.0,1486.86,1557.94,1441.75,-116.19000000000005,116.19000000000005
10,1192.0,23.47,1157.87,1224.6,66.73000000000002,66.73000000000002
7,981.0,658.85,1351.69,1490.87,139.17999999999984,139.17999999999984
10,692.0,1671.71,1701.23,1805.16,103.93000000000006,103.93000000000006
13,710.0,2223.86,1979.83,1867.99,-111.83999999999992,111.83999999999992
12,380.0,1526.79,1787.41,1829.17,41.75999999999999,41.75999999999999
3,133.0,1728.5,1373.4,1401.53,28.12999999999988,28.12999999999988
4,730.0,799.25,1250.66,1186.98,-63.680000000000064,63.680000000000064
12,1070.0,1055.51,2030.76,1886.43,-144.32999999999993,144.32999999999993
8,1185.0,554.98,1545.67,1527.35,-18.320000000000164,18.320000000000164
11,456.0,2223.72,1600.1,1685.74,85.6400000000001,85.6400000000001
12,85.0,1056.43,1466.31,1459.38,-6.929999999999836,6.929999999999836
2,543.0,103.37,544.12,564.68,20.559999999999945,20.559999999999945
6,367.0,1947.68,1606.76,1575.49,-31.269999999999982,31.269999999999982
1,481.0,1792.17,1215.84,1211.93,-3.9099999999998545,3.9099999999998545
5,233.0,1862.04,1562.23,1565.96,3.730000000000018,3.730000000000018
1,45.0,1070.22,922.69,804.13,-118.56000000000006,118.56000000000006
5,152.0,2444.81,1523.75,1582.6,58.84999999999991,58.84999999999991
7,344.0,1242.05,1514.4,1398.4,-116.0,116.0
5,320.0,1584.55,1584.73,1447.93,-136.79999999999995,136.79999999999995
9,989.0,378.12,1193.72,1200.92,7.2000000000000455,7.2000000000000455
10,57.0,936.89,1237.07,1256.94,19.87000000000012,19.87000000000012
12,342.0,2253.61,1659.5,1702.12,42.61999999999989,42.61999999999989
2,983.0,2109.93,1519.98,1571.64,51.66000000000008,51.66000000000008
10,886.0,1990.03,1749.93,1797.33,47.399999999999864,47.399999999999864
10,5.0,836.86,1116.56,1146.11,29.549999999999955,29.549999999999955
3,80.0,517.54,457.49,557.12,99.63,99.63
8,482.0,1411.49,631.81,608.95,-22.8599999999999,22.8599999999999
4,11.0,312.01,426.22,483.71,57.48999999999995,57.48999999999995
12,1075.0,2328.11,1798.38,1881.63,83.25,83.25
13,632.0,268.91,1396.28,1221.81,-174.47000000000003,174.47000000000003
8,323.0,46.48,703.45,749.81,46.3599999999999,46.3599999999999
11,527.0,1550.32,1806.06,1823.59,17.529999999999973,17.529999999999973
5,948.0,898.6,1499.68,1524.2,24.519999999999982,24.519999999999982
5,504.0,1502.63,1628.66,1488.3,-140.36000000000013,140.36000000000013
10,793.0,1422.29,2007.62,1909.06,-98.55999999999995,98.55999999999995
13,32.0,232.43,805.12,891.78,86.65999999999997,86.65999999999997
9,768.0,1815.6,1666.18,1836.2,170.01999999999998,170.01999999999998
9,994.0,1742.62,1849.58,1901.86,52.27999999999997,52.27999999999997
1,1105.0,1432.3,1387.17,1481.67,94.5,94.5
12,178.0,507.59,907.19,1035.2,128.01,128.01
10,472.0,431.95,924.65,1045.34,120.68999999999994,120.68999999999994
5,716.0,1111.23,1492.08,1391.66,-100.41999999999985,100.41999999999985
3,771.0,725.67,1166.93,1077.86,-89.07000000000016,89.07000000000016
13,1054.0,1131.25,2162.03,1968.56,-193.47000000000025,193.47000000000025
10,872.0,2191.27,1776.62,1764.54,-12.079999999999927,12.079999999999927
12,1077.0,32.55,1387.43,1289.7,-97.73000000000002,97.73000000000002
12,211.0,749.56,1285.23,1231.2,-54.02999999999997,54.02999999999997
4,199.0,1310.01,1400.57,1210.52,-190.04999999999995,190.04999999999995
2,1029.0,1702.6,1577.55,1571.54,-6.009999999999991,6.009999999999991
10,643.0,2263.77,1685.92,1694.4,8.480000000000018,8.480000000000018
10,797.0,1706.73,1724.42,1822.32,97.89999999999986,97.89999999999986
12,657.0,322.5,1113.16,1200.76,87.59999999999991,87.59999999999991
8,177.0,486.06,751.58,817.31,65.7299999999999,65.7299999999999
2,222.0,456.24,437.4,540.31,102.90999999999997,102.90999999999997
3,555.0,2342.76,1458.63,1500.43,41.799999999999955,41.799999999999955
2,785.0,1964.63,1522.76,1513.52,-9.240000000000009,9.240000000000009
5,104.0,281.67,464.68,558.46,93.78000000000003,93.78000000000003
1,673.0,2026.16,1372.83,1427.15,54.320000000000164,54.320000000000164
10,877.0,1711.12,1897.37,1845.66,-51.70999999999981,51.70999999999981
1,250.0,1300.17,1145.33,966.54,-178.78999999999996,178.78999999999996
1,467.0,296.49,221.23,172.45,-48.78,48.78
10,1026.0,828.82,1865.67,1652.93,-212.74,212.74
11,1106.0,2250.54,2050.62,1885.86,-164.76,164.76
12,452.0,816.56,1243.1,1404.59,161.49,161.49
14,865.0,2497.16,1885.87,1882.51,-3.3599999999999,3.3599999999999
8,107.0,2450.89,1468.19,1503.6,35.409999999999854,35.409999999999854
8,80.0,1092.18,1365.73,1264.16,-101.56999999999994,101.56999999999994
8,945.0,766.98,1625.53,1657.55,32.01999999999998,32.01999999999998
13,1140.0,1607.8,2214.64,2091.32,-123.31999999999971,123.31999999999971
2,636.0,1438.19,1435.96,1356.82,-79.1400000000001,79.1400000000001
14,865.0,1422.11,1921.18,2060.63,139.45000000000005,139.45000000000005
12,482.0,1710.47,1746.74,1824.07,77.32999999999993,77.32999999999993
2,68.0,756.61,648.53,710.9,62.370000000000005,62.370000000000005
14,512.0,526.84,1306.64,1344.2,37.559999999999945,37.559999999999945
14,1001.0,1647.24,2080.0,2055.48,-24.519999999999982,24.519999999999982
1,547.0,573.6,616.27,543.75,-72.51999999999998,72.51999999999998
10,5.0,1338.9,1610.25,1693.28,83.02999999999997,83.02999999999997
3,1158.0,1107.4,1361.3,1431.62,70.31999999999994,70.31999999999994
1,993.0,1143.58,1328.85,1308.62,-20.230000000000018,20.230000000000018
6,378.0,837.63,1215.96,1165.66,-50.299999999999955,50.299999999999955
11,1156.0,2231.86,1988.56,1901.58,-86.98000000000002,86.98000000000002
5,1050.0,882.86,1430.04,1525.42,95.38000000000011,95.38000000000011
8,836.0,735.52,1606.63,1614.99,8.3599999999999,8.3599999999999
11,654.0,1516.42,1870.43,1876.74,6.309999999999945,6.309999999999945
8,633.0,1308.36,1639.12,1608.36,-30.75999999999999,30.75999999999999
12,713.0,1642.01,1873.19,1914.99,41.799999999999955,41.799999999999955
5,96.0,1105.47,1312.16,1119.8,-192.36000000000013,192.36000000000013
7,1054.0,576.47,1344.18,1429.02,84.83999999999992,84.83999999999992
12,495.0,1948.13,1831.92,1787.74,-44.180000000000064,44.180000000000064
1,1068.0,2011.28,1421.45,1341.76,-79.69000000000005,79.69000000000005
7,1000.0,1620.46,1971.23,1892.8,-78.43000000000006,78.43000000000006
13,855.0,1798.75,1951.77,1950.36,-1.4100000000000819,1.4100000000000819
8,544.0,1279.51,1483.77,1555.83,72.05999999999995,72.05999999999995
11,816.0,544.99,1077.12,770.27,-306.8499999999999,306.8499999999999
5,1080.0,2383.82,1664.76,1707.23,42.47000000000003,42.47000000000003
8,1124.0,1908.69,1833.27,1910.43,77.16000000000008,77.16000000000008
3,29.0,1632.85,1269.1,1239.78,-29.319999999999936,29.319999999999936
6,470.0,2235.72,1628.6,1599.44,-29.159999999999854,29.159999999999854
7,287.0,2293.5,1558.09,1571.73,13.6400000000001,13.6400000000001
4,72.0,1367.29,1302.97,1183.01,-119.96000000000004,119.96000000000004
6,344.0,233.31,800.18,736.08,-64.09999999999991,64.09999999999991
8,801.0,1241.21,1780.65,1829.48,48.82999999999993,48.82999999999993
5,629.0,484.34,1029.87,955.58,-74.28999999999985,74.28999999999985
11,327.0,961.08,1356.46,1440.8,84.33999999999992,84.33999999999992
14,94.0,105.94,1180.63,940.39,-240.24000000000012,240.24000000000012
4,1113.0,2103.82,1695.08,1629.78,-65.29999999999995,65.29999999999995
14,267.0,2090.21,1968.4,1811.78,-156.62000000000012,156.62000000000012
1,979.0,1292.54,1313.53,1396.58,83.04999999999995,83.04999999999995
10,625.0,519.94,1229.41,1203.77,-25.6400000000001,25.6400000000001
14,457.0,848.61,1492.64,1556.35,63.70999999999981,63.70999999999981
11,398.0,723.39,1154.77,1252.04,97.26999999999998,97.26999999999998
14,68.0,438.96,866.76,1059.52,192.76,192.76
3,769.0,2497.93,1587.8,1553.42,-34.37999999999988,34.37999999999988
13,694.0,1054.31,1815.02,1775.23,-39.789999999999964,39.789999999999964
12,1088.0,1977.91,1883.21,1935.31,52.09999999999991,52.09999999999991
9,101.0,950.23,1281.64,1257.42,-24.220000000000027,24.220000000000027
1,170.0,2452.85,1209.08,1443.03,233.95000000000005,233.95000000000005
12,1135.0,475.95,1447.39,1486.85,39.45999999999981,39.45999999999981
3,1109.0,2092.26,1436.66,1535.87,99.20999999999981,99.20999999999981
7,753.0,358.13,1084.79,1028.85,-55.940000000000055,55.940000000000055
2,521.0,467.19,667.85,688.33,20.480000000000018,20.480000000000018
12,1003.0,983.23,1996.18,1822.51,-173.67000000000007,173.67000000000007
3,269.0,708.05,799.12,824.06,24.93999999999994,24.93999999999994
14,646.0,2418.19,1931.21,1863.15,-68.05999999999995,68.05999999999995
14,1153.0,346.58,1292.93,1517.5,224.56999999999994,224.56999999999994
4,18.0,289.06,380.88,474.94,94.06,94.06
13,1167.0,1074.36,2197.33,1990.18,-207.14999999999986,207.14999999999986
1,1113.0,1536.0,1403.6,1323.44,-80.15999999999985,80.15999999999985
6,930.0,1907.95,1788.75,1837.78,49.02999999999997,49.02999999999997
5,714.0,617.72,1164.2,1088.57,-75.63000000000011,75.63000000000011
7,256.0,2180.53,1548.87,1560.14,11.27000000000021,11.27000000000021
9,1063.0,2497.79,1761.94,1884.52,122.57999999999993,122.57999999999993
11,512.0,2016.19,1710.53,1732.9,22.37000000000012,22.37000000000012
9,463.0,1024.53,1476.48,1450.35,-26.13000000000011,26.13000000000011
12,714.0,2003.23,1829.06,1848.17,19.110000000000127,19.110000000000127
9,1165.0,1868.79,1945.95,1953.28,7.329999999999927,7.329999999999927
1,872.0,2420.07,1456.34,1405.65,-50.68999999999983,50.68999999999983
10,631.0,1220.71,1730.86,1670.39,-60.4699999999998,60.4699999999998
9,633.0,888.17,1384.78,1458.4,73.62000000000012,73.62000000000012
4,1065.0,119.34,781.82,812.46,30.639999999999986,30.639999999999986
12,947.0,193.05,1225.63,1265.85,40.2199999999998,40.2199999999998
4,159.0,568.58,647.0,703.66,56.65999999999997,56.65999999999997
1,292.0,449.83,363.02,400.46,37.44,37.44
1,1115.0,926.13,1192.88,1154.08,-38.80000000000018,38.80000000000018
7,1168.0,667.94,1639.55,1533.08,-106.47000000000003,106.47000000000003
4,348.0,2047.08,1507.04,1516.15,9.110000000000127,9.110000000000127
8,77.0,1930.98,1485.69,1509.67,23.980000000000018,23.980000000000018
7,1033.0,1013.03,2119.83,2106.5,-13.329999999999927,13.329999999999927
4,672.0,1603.52,1612.43,1557.27,-55.16000000000008,55.16000000000008
4,1191.0,999.45,1478.93,1478.77,-0.16000000000008185,0.16000000000008185
8,392.0,661.27,978.13,1076.73,98.60000000000002,98.60000000000002
7,951.0,584.4,1253.76,1418.17,164.41000000000008,164.41000000000008
5,778.0,2423.47,1643.96,1694.83,50.86999999999989,50.86999999999989
11,958.0,1999.13,1900.18,1864.43,-35.75,35.75
3,186.0,1068.31,1152.04,1035.81,-116.23000000000002,116.23000000000002
5,1116.0,2460.46,1711.97,1718.14,6.170000000000073,6.170000000000073
13,63.0,107.92,710.25,845.63,135.38,135.38
6,170.0,476.99,600.23,468.95,-131.28000000000003,131.28000000000003
3,870.0,413.23,795.8,816.92,21.120000000000005,21.120000000000005
12,852.0,1957.9,1944.89,1888.77,-56.12000000000012,56.12000000000012
6,420.0,386.77,929.16,842.84,-86.31999999999994,86.31999999999994
6,668.0,1922.45,1796.98,1705.08,-91.90000000000009,91.90000000000009
8,795.0,1645.99,644.69,952.71,308.02,308.02
4,420.0,927.74,1238.04,1122.18,-115.8599999999999,115.8599999999999
12,1074.0,2407.71,1843.97,1874.92,30.950000000000045,30.950000000000045
12,916.0,2394.85,1740.85,1825.97,85.12000000000012,85.12000000000012
4,1075.0,586.17,1023.65,1063.2,39.55000000000007,39.55000000000007
5,1143.0,1217.72,1745.09,1667.41,-77.67999999999984,77.67999999999984
2,719.0,591.44,755.3,859.06,103.75999999999999,103.75999999999999
4,197.0,1858.84,1416.33,1483.2,66.87000000000012,66.87000000000012
6,248.0,395.4,710.15,743.19,33.04000000000008,33.04000000000008
10,834.0,1820.8,1883.49,1811.34,-72.15000000000009,72.15000000000009
1,1112.0,2011.44,1423.85,1328.31,-95.53999999999996,95.53999999999996
12,1189.0,1453.16,2162.13,2087.95,-74.18000000000029,74.18000000000029
14,269.0,1349.61,1832.34,1928.62,96.27999999999997,96.27999999999997
7,671.0,1262.85,1600.42,1550.35,-50.070000000000164,50.070000000000164
9,52.0,350.58,601.81,747.13,145.32000000000005,145.32000000000005
14,976.0,1526.58,1995.87,2073.66,77.78999999999996,77.78999999999996
2,370.0,1554.5,1311.23,1297.44,-13.789999999999964,13.789999999999964
4,1180.0,1948.55,1565.16,1633.33,68.16999999999985,68.16999999999985
5,36.0,2022.94,1410.58,1520.16,109.58000000000015,109.58000000000015
5,691.0,1030.64,1465.26,1341.96,-123.29999999999995,123.29999999999995
8,52.0,2353.5,1485.05,1471.45,-13.599999999999909,13.599999999999909
11,24.0,2029.04,1569.37,1595.75,26.38000000000011,26.38000000000011
8,221.0,936.98,1287.0,1250.55,-36.450000000000045,36.450000000000045
1,85.0,89.83,175.53,196.36,20.830000000000013,20.830000000000013
7,803.0,12.75,1146.78,1240.92,94.1400000000001,94.1400000000001
12,893.0,910.41,1862.13,1739.67,-122.46000000000004,122.46000000000004
14,113.0,1091.13,1703.02,1593.4,-109.61999999999989,109.61999999999989
5,516.0,1878.49,669.85,633.18,-36.67000000000007,36.67000000000007
14,904.0,2005.96,1970.01,1970.17,0.16000000000008185,0.16000000000008185
1,1058.0,1601.04,1465.9,1348.6,-117.30000000000018,117.30000000000018
14,555.0,313.73,1201.26,1243.71,42.450000000000045,42.450000000000045
7,738.0,730.28,1429.72,1298.99,-130.73000000000002,130.73000000000002
8,792.0,2437.24,1556.7,1744.36,187.65999999999985,187.65999999999985
5,831.0,432.8,901.36,1157.87,256.5099999999999,256.5099999999999
7,709.0,320.8,1116.62,997.16,-119.45999999999992,119.45999999999992
9,1078.0,161.85,1260.96,1149.69,-111.26999999999998,111.26999999999998
2,616.0,968.93,1163.1,1121.96,-41.13999999999987,41.13999999999987
2,570.0,2297.12,1423.86,1422.43,-1.4299999999998363,1.4299999999998363
9,13.0,986.41,1271.52,1236.67,-34.84999999999991,34.84999999999991
7,381.0,2106.96,1705.27,1617.61,-87.66000000000008,87.66000000000008
9,460.0,2424.47,1624.68,1678.6,53.919999999999845,53.919999999999845
4,425.0,1286.54,1449.26,1297.29,-151.97000000000003,151.97000000000003
11,437.0,1053.24,1630.47,1557.44,-73.02999999999997,73.02999999999997
9,1000.0,1901.79,1778.65,1888.15,109.5,109.5
1,553.0,1687.11,1295.34,1187.18,-108.15999999999985,108.15999999999985
10,5.0,1094.06,1361.08,1337.47,-23.6099999999999,23.6099999999999
12,931.0,864.21,1663.58,1733.89,70.31000000000017,70.31000000000017
6,436.0,914.53,1389.11,1227.9,-161.2099999999998,161.2099999999998
3,1074.0,247.32,636.02,825.48,189.46000000000004,189.46000000000004
9,896.0,1398.54,1727.1,1804.15,77.05000000000018,77.05000000000018
1,462.0,2047.57,1202.9,1296.1,93.19999999999982,93.19999999999982
3,665.0,2418.16,1490.96,1525.04,34.07999999999993,34.07999999999993
11,532.0,2419.86,1653.69,1681.94,28.25,28.25
9,483.0,52.64,949.04,877.64,-71.39999999999998,71.39999999999998
12,296.0,326.83,981.72,999.29,17.569999999999936,17.569999999999936
9,131.0,1990.0,1557.2,1579.57,22.36999999999989,22.36999999999989
6,836.0,2035.17,1718.79,1851.37,132.57999999999993,132.57999999999993
10,532.0,1223.36,1631.49,1628.7,-2.7899999999999636,2.7899999999999636
14,595.0,2140.61,1989.13,1900.75,-88.38000000000011,88.38000000000011
7,623.0,1894.02,1739.49,1726.71,-12.779999999999973,12.779999999999973
5,1077.0,2234.35,1665.23,1702.5,37.26999999999998,37.26999999999998
5,579.0,1018.52,1468.01,1287.51,-180.5,180.5
8,255.0,1817.19,1510.91,1587.33,76.41999999999985,76.41999999999985
8,1009.0,1378.07,1903.76,1902.79,-0.9700000000000273,0.9700000000000273
10,87.0,498.96,781.97,886.41,104.43999999999994,104.43999999999994
1,809.0,1734.56,1447.25,1406.29,-40.960000000000036,40.960000000000036
9,1079.0,1981.94,1763.16,1891.47,128.30999999999995,128.30999999999995
8,1134.0,1049.84,2073.13,2099.65,26.519999999999982,26.519999999999982
8,403.0,654.97,895.14,1075.75,180.61,180.61
8,534.0,429.88,916.02,995.82,79.80000000000007,79.80000000000007
13,564.0,2245.56,1745.09,1817.74,72.65000000000009,72.65000000000009
2,752.0,958.29,1144.41,1175.85,31.439999999999827,31.439999999999827
11,293.0,1410.0,1673.7,1785.76,112.05999999999995,112.05999999999995
5,919.0,470.23,1119.17,1187.28,68.1099999999999,68.1099999999999
5,103.0,333.22,573.58,579.97,6.389999999999986,6.389999999999986
1,893.0,19.76,570.71,426.33,-144.38000000000005,144.38000000000005
12,37.0,52.65,789.01,783.32,-5.689999999999941,5.689999999999941
8,1142.0,776.74,1827.44,1693.93,-133.51,133.51
5,332.0,218.03,801.73,690.71,-111.01999999999998,111.01999999999998
7,950.0,1739.62,2032.23,1884.38,-147.8499999999999,147.8499999999999
9,223.0,1916.03,1623.73,1618.72,-5.009999999999991,5.009999999999991
6,522.0,1210.87,1577.01,1408.06,-168.95000000000005,168.95000000000005
12,46.0,2077.07,1666.29,1643.82,-22.470000000000027,22.470000000000027
2,252.0,1545.94,1300.19,1242.1,-58.090000000000146,58.090000000000146
14,999.0,619.42,1510.57,1637.51,126.94000000000005,126.94000000000005
13,125.0,2004.61,1721.56,1735.41,13.850000000000136,13.850000000000136
9,597.0,625.99,990.84,699.43,-291.4100000000001,291.4100000000001
3,289.0,853.79,969.85,977.11,7.259999999999991,7.259999999999991
7,953.0,1918.24,1833.56,1896.36,62.799999999999955,62.799999999999955
4,275.0,2359.64,1483.58,1523.33,39.75,39.75
5,755.0,1584.41,1729.08,1636.66,-92.41999999999985,92.41999999999985
9,803.0,880.17,1589.75,1528.32,-61.430000000000064,61.430000000000064
11,293.0,285.14,966.87,932.99,-33.879999999999995,33.879999999999995
6,164.0,1460.21,1535.3,1372.87,-162.43000000000006,162.43000000000006
12,675.0,2277.93,1807.33,1794.52,-12.809999999999945,12.809999999999945
11,859.0,146.71,1267.98,1163.78,-104.20000000000005,104.20000000000005
2,296.0,1878.7,1354.0,1341.22,-12.779999999999973,12.779999999999973
7,300.0,2417.85,1634.04,1576.53,-57.50999999999999,57.50999999999999
2,1155.0,1517.18,1543.17,1545.17,2.0,2.0
5,765.0,480.48,1038.42,1006.6,-31.82000000000005,31.82000000000005
9,1097.0,2330.2,1728.07,1899.28,171.21000000000004,171.21000000000004
4,422.0,2049.71,1491.9,1535.09,43.18999999999983,43.18999999999983
14,1020.0,510.33,1406.95,1560.39,153.44000000000005,153.44000000000005
4,205.0,545.57,682.22,705.43,23.209999999999923,23.209999999999923
12,1046.0,1850.85,1875.72,1945.63,69.91000000000008,69.91000000000008
4,1001.0,739.08,1116.31,1205.2,88.8900000000001,88.8900000000001
9,938.0,742.17,1632.1,1474.86,-157.24,157.24
5,351.0,407.74,883.11,763.79,-119.32000000000005,119.32000000000005
9,748.0,653.42,1249.66,1310.99,61.32999999999993,61.32999999999993
13,1186.0,2462.26,1906.35,1926.87,20.519999999999982,20.519999999999982
6,384.0,1656.04,1682.33,1554.3,-128.02999999999997,128.02999999999997
10,150.0,418.41,844.9,874.92,30.019999999999982,30.019999999999982
10,783.0,158.93,993.55,1079.23,85.68000000000006,85.68000000000006
6,372.0,2494.69,1742.34,1564.99,-177.3499999999999,177.3499999999999
10,958.0,1643.76,1827.18,1886.24,59.059999999999945,59.059999999999945
8,34.0,1225.2,1438.52,1308.31,-130.21000000000004,130.21000000000004
7,151.0,2461.93,1516.58,1517.39,0.8100000000001728,0.8100000000001728
7,150.0,1379.35,1500.09,1380.39,-119.69999999999982,119.69999999999982
6,751.0,2085.98,1757.81,1731.63,-26.179999999999836,26.179999999999836
7,568.0,159.12,738.92,850.36,111.44000000000005,111.44000000000005
12,574.0,2240.9,1785.72,1770.32,-15.400000000000091,15.400000000000091
13,36.0,808.38,1190.16,1252.94,62.77999999999997,62.77999999999997
14,595.0,1818.77,1889.9,1929.78,39.87999999999988,39.87999999999988
7,381.0,2342.27,1705.24,1610.46,-94.77999999999997,94.77999999999997
14,174.0,815.3,1295.14,1367.87,72.72999999999979,72.72999999999979
11,226.0,2013.45,1590.82,1657.27,66.45000000000005,66.45000000000005
13,137.0,1505.66,1777.72,1826.05,48.32999999999993,48.32999999999993
13,774.0,206.45,1110.0,1251.87,141.8699999999999,141.8699999999999
5,1120.0,1514.91,1658.97,1728.88,69.91000000000008,69.91000000000008
4,862.0,2335.55,1698.94,1622.42,-76.51999999999998,76.51999999999998
8,829.0,1147.89,2004.34,1805.79,-198.54999999999995,198.54999999999995
4,380.0,446.66,764.24,741.0,-23.24000000000001,23.24000000000001
9,238.0,1197.83,1560.78,1436.23,-124.54999999999995,124.54999999999995
13,1199.0,493.0,1634.13,1578.84,-55.29000000000019,55.29000000000019
12,710.0,1249.41,1921.09,1823.65,-97.43999999999983,97.43999999999983
14,719.0,1973.14,1980.99,1946.62,-34.37000000000012,34.37000000000012
1,482.0,1697.08,1198.24,1177.63,-20.6099999999999,20.6099999999999
9,444.0,725.31,1062.52,1197.19,134.67000000000007,134.67000000000007
11,610.0,1990.79,1753.56,1770.41,16.850000000000136,16.850000000000136
4,238.0,1707.28,1483.48,1496.71,13.230000000000018,13.230000000000018
2,299.0,1612.7,1282.8,1294.68,11.88000000000011,11.88000000000011
10,273.0,799.9,1155.05,1211.71,56.66000000000008,56.66000000000008
3,154.0,274.04,406.91,493.41,86.5,86.5
7,636.0,697.02,1276.06,1229.47,-46.58999999999992,46.58999999999992
2,1038.0,685.07,962.14,1049.15,87.0100000000001,87.0100000000001
2,798.0,2334.41,1485.4,1500.45,15.049999999999955,15.049999999999955
12,601.0,2166.56,1918.46,1791.33,-127.13000000000011,127.13000000000011
6,290.0,814.04,1077.35,1089.34,11.990000000000009,11.990000000000009
8,16.0,259.02,543.56,635.2,91.6400000000001,91.6400000000001
8,303.0,1072.44,1453.25,1351.43,-101.81999999999994,101.81999999999994
11,372.0,2048.26,1632.61,1688.12,55.50999999999999,55.50999999999999
3,864.0,2338.52,1513.04,1542.17,29.13000000000011,29.13000000000011
11,913.0,2253.41,1758.56,1810.52,51.960000000000036,51.960000000000036
14,805.0,834.06,1683.49,1729.77,46.27999999999997,46.27999999999997
5,905.0,2317.31,1691.38,1696.99,5.6099999999999,5.6099999999999
10,728.0,226.53,1060.47,1089.49,29.019999999999982,29.019999999999982
4,842.0,893.25,1324.64,1288.7,-35.940000000000055,35.940000000000055
5,117.0,953.06,1116.8,1055.45,-61.34999999999991,61.34999999999991
12,307.0,957.17,1432.75,1487.01,54.25999999999999,54.25999999999999
9,51.0,314.81,704.94,729.45,24.50999999999999,24.50999999999999
7,1071.0,841.11,1699.9,1663.97,-35.930000000000064,35.930000000000064
13,922.0,1510.22,1967.87,2018.46,50.590000000000146,50.590000000000146
8,867.0,2373.39,1747.22,1999.58,252.3599999999999,252.3599999999999
11,1013.0,1483.3,1952.8,1979.72,26.920000000000073,26.920000000000073
6,1148.0,1525.81,1776.48,1808.33,31.84999999999991,31.84999999999991
12,158.0,2195.67,1625.46,1661.86,36.399999999999864,36.399999999999864
5,1010.0,2054.21,1810.37,1699.37,-111.0,111.0
1,682.0,1517.04,1376.04,1427.82,51.77999999999997,51.77999999999997
5,14.0,78.33,406.7,445.32,38.620000000000005,38.620000000000005
6,1203.0,1900.48,1972.88,1878.96,-93.92000000000007,93.92000000000007
4,810.0,1852.31,1575.87,1596.56,20.690000000000055,20.690000000000055
3,760.0,2073.25,1522.45,1521.02,-1.4300000000000637,1.4300000000000637
7,868.0,625.09,1403.48,1458.67,55.190000000000055,55.190000000000055
7,205.0,103.31,683.1,673.77,-9.330000000000041,9.330000000000041
5,387.0,1882.35,1588.8,1594.69,5.8900000000001,5.8900000000001
11,447.0,130.07,852.02,960.98,108.96000000000004,108.96000000000004
9,482.0,1348.44,1633.26,1614.72,-18.539999999999964,18.539999999999964
7,15.0,2436.67,1459.63,1449.42,-10.210000000000036,10.210000000000036
10,955.0,1182.33,1950.3,1792.5,-157.79999999999995,157.79999999999995
5,41.0,2314.68,1500.28,1545.61,45.32999999999993,45.32999999999993
2,1189.0,1164.74,1666.52,1431.37,-235.1500000000001,235.1500000000001
2,762.0,519.74,752.69,812.5,59.809999999999945,59.809999999999945
10,895.0,937.46,1714.8,1648.44,-66.3599999999999,66.3599999999999
13,858.0,2258.01,1889.71,1891.16,1.4500000000000455,1.4500000000000455
11,650.0,524.8,1179.09,1264.07,84.98000000000002,84.98000000000002
4,198.0,2106.63,1450.67,1493.48,42.809999999999945,42.809999999999945
1,791.0,1927.75,1419.88,1407.18,-12.700000000000045,12.700000000000045
14,1020.0,1201.75,2337.73,2040.35,-297.3800000000001,297.3800000000001
12,59.0,2247.39,1629.92,1628.27,-1.650000000000091,1.650000000000091
8,626.0,545.84,1142.89,1125.09,-17.800000000000182,17.800000000000182
5,57.0,559.05,639.73,685.63,45.89999999999998,45.89999999999998
5,908.0,716.7,1375.88,1391.69,15.809999999999945,15.809999999999945
13,8.0,78.44,713.71,829.39,115.67999999999995,115.67999999999995
11,684.0,672.51,1487.93,1400.1,-87.83000000000015,87.83000000000015
4,180.0,2365.46,1443.02,1507.7,64.68000000000006,64.68000000000006
13,511.0,1628.33,1915.79,1903.43,-12.3599999999999,12.3599999999999
4,231.0,20.39,499.26,510.71,11.449999999999989,11.449999999999989
9,1139.0,1973.31,1759.33,1917.51,158.18000000000006,158.18000000000006
9,578.0,1167.71,1587.21,1569.27,-17.940000000000055,17.940000000000055
14,530.0,2028.06,2079.14,1896.57,-182.56999999999994,182.56999999999994
7,316.0,141.89,837.8,742.59,-95.20999999999992,95.20999999999992
2,897.0,2382.39,1437.95,1528.4,90.45000000000005,90.45000000000005
12,121.0,608.92,1033.44,1078.6,45.159999999999854,45.159999999999854
4,764.0,1417.94,1682.1,1507.75,-174.3499999999999,174.3499999999999
11,663.0,2141.08,1715.29,1765.09,49.799999999999955,49.799999999999955
3,91.0,1640.15,1338.3,1270.21,-68.08999999999992,68.08999999999992
1,1035.0,1289.84,1317.33,1399.56,82.23000000000002,82.23000000000002
7,125.0,193.62,616.24,653.4,37.15999999999997,37.15999999999997
12,437.0,639.96,1183.74,1270.4,86.66000000000008,86.66000000000008
4,84.0,2243.12,1392.1,1111.33,-280.77,280.77
5,716.0,1316.6,1686.98,1490.65,-196.32999999999993,196.32999999999993
12,18.0,2461.37,1556.78,1586.07,29.289999999999964,29.289999999999964
3,560.0,1664.15,1419.48,1456.27,36.789999999999964,36.789999999999964
3,504.0,63.39,568.17,584.95,16.780000000000086,16.780000000000086
5,1126.0,664.9,1336.74,1363.67,26.930000000000064,26.930000000000064
1,1092.0,390.55,589.11,620.51,31.399999999999977,31.399999999999977
11,273.0,502.37,862.61,1021.34,158.73000000000002,158.73000000000002
4,6.0,458.7,459.21,539.45,80.24000000000007,80.24000000000007
1,620.0,490.45,678.74,677.28,-1.4600000000000364,1.4600000000000364
5,659.0,2083.15,1645.06,1659.7,14.6400000000001,14.6400000000001
12,353.0,2150.17,1765.67,1719.05,-46.62000000000012,46.62000000000012
13,618.0,1982.27,2000.39,1885.15,-115.24000000000001,115.24000000000001
2,1158.0,2355.92,1528.91,1615.37,86.45999999999981,86.45999999999981
3,512.0,1251.6,1360.76,1265.64,-95.11999999999989,95.11999999999989
5,840.0,941.55,1676.48,1518.61,-157.87000000000012,157.87000000000012
7,1086.0,2319.81,1858.36,1952.56,94.20000000000005,94.20000000000005
13,1152.0,864.45,1797.14,1882.49,85.34999999999991,85.34999999999991
4,840.0,1375.42,1580.95,1520.24,-60.710000000000036,60.710000000000036
4,724.0,89.99,667.98,472.55,-195.43,195.43
3,327.0,2141.92,1438.41,1444.49,6.079999999999927,6.079999999999927
13,1055.0,2005.84,1997.52,1968.77,-28.75,28.75
1,931.0,327.97,609.73,570.98,-38.75,38.75
10,108.0,2181.67,1632.42,1566.59,-65.83000000000015,65.83000000000015
13,1204.0,24.47,1344.17,1387.59,43.419999999999845,43.419999999999845
5,517.0,919.25,1288.31,1212.76,-75.54999999999995,75.54999999999995
8,897.0,1536.36,1944.62,1898.41,-46.20999999999981,46.20999999999981
12,988.0,2492.79,1753.84,1832.98,79.1400000000001,79.1400000000001
1,1041.0,1630.25,1466.95,1357.34,-109.61000000000013,109.61000000000013
10,454.0,2359.42,1619.0,1621.79,2.7899999999999636,2.7899999999999636
5,406.0,1084.16,1399.39,1244.07,-155.32000000000016,155.32000000000016
4,103.0,1790.07,1394.55,1469.72,75.17000000000007,75.17000000000007
11,198.0,269.95,695.66,876.77,181.11,181.11
4,477.0,18.97,631.5,615.14,-16.360000000000014,16.360000000000014
11,67.0,2455.53,1572.91,1560.24,-12.670000000000073,12.670000000000073
7,789.0,185.73,966.26,951.15,-15.110000000000014,15.110000000000014
13,70.0,993.7,1492.02,1467.03,-24.99000000000001,24.99000000000001
12,59.0,858.62,1377.35,1304.57,-72.77999999999997,72.77999999999997
3,1027.0,180.0,804.96,782.9,-22.06000000000006,22.06000000000006
3,275.0,543.74,572.73,673.48,100.75,100.75
12,180.0,384.42,873.97,976.7,102.73000000000002,102.73000000000002
3,334.0,2449.89,1472.53,1467.04,-5.490000000000009,5.490000000000009
7,759.0,1694.02,1960.92,1772.64,-188.27999999999997,188.27999999999997
10,174.0,1991.96,1542.4,1602.82,60.419999999999845,60.419999999999845
1,780.0,366.37,516.69,595.16,78.46999999999991,78.46999999999991
9,934.0,415.5,1208.82,1204.65,-4.169999999999845,4.169999999999845
8,936.0,556.28,1277.26,1486.02,208.76,208.76
1,1002.0,2320.13,1475.4,1371.08,-104.32000000000016,104.32000000000016
7,83.0,137.84,482.65,596.31,113.65999999999997,113.65999999999997
9,191.0,789.52,1058.5,1132.09,73.58999999999992,73.58999999999992
3,280.0,1090.37,1256.92,1087.24,-169.68000000000006,169.68000000000006
5,644.0,2383.17,1785.53,1670.16,-115.36999999999989,115.36999999999989
10,498.0,992.86,1395.03,1499.18,104.15000000000009,104.15000000000009
4,317.0,1793.28,1518.93,1508.49,-10.440000000000055,10.440000000000055
4,1100.0,370.61,860.32,948.76,88.43999999999994,88.43999999999994
4,263.0,2469.06,1503.98,1537.63,33.65000000000009,33.65000000000009
4,932.0,1287.34,1513.28,1517.72,4.440000000000055,4.440000000000055
14,343.0,2013.4,1839.05,1841.5,2.4500000000000455,2.4500000000000455
2,274.0,888.24,917.79,934.64,16.850000000000023,16.850000000000023
1,759.0,330.29,500.92,577.21,76.29000000000002,76.29000000000002
8,204.0,2178.45,1506.38,1543.08,36.69999999999982,36.69999999999982
10,396.0,2068.65,1556.68,1644.32,87.63999999999987,87.63999999999987
6,840.0,870.82,1496.46,1571.14,74.68000000000006,74.68000000000006
7,756.0,1473.59,1961.96,1688.81,-273.1500000000001,273.1500000000001
4,1048.0,279.75,780.15,882.4,102.25,102.25
9,800.0,39.96,1158.68,1014.57,-144.11,144.11
3,240.0,1895.67,1386.33,1418.43,32.100000000000136,32.100000000000136
13,997.0,920.48,2124.16,1842.23,-281.92999999999984,281.92999999999984
2,826.0,2163.39,1523.26,1516.84,-6.420000000000073,6.420000000000073
6,194.0,914.25,1168.72,1122.73,-45.99000000000001,45.99000000000001
4,333.0,1934.76,1467.52,1509.09,41.569999999999936,41.569999999999936
8,1053.0,1864.01,1794.57,1894.7,100.13000000000011,100.13000000000011
12,466.0,1291.33,1770.37,1718.51,-51.8599999999999,51.8599999999999
8,916.0,2417.62,1755.05,2023.5,268.45000000000005,268.45000000000005
11,322.0,1251.3,1732.46,1603.59,-128.87000000000012,128.87000000000012
13,11.0,1114.96,1555.48,1505.05,-50.430000000000064,50.430000000000064
7,250.0,364.79,718.71,778.84,60.129999999999995,60.129999999999995
5,247.0,296.51,594.93,653.54,58.610000000000014,58.610000000000014
14,1158.0,2104.61,1899.69,2016.42,116.73000000000002,116.73000000000002
11,1095.0,1071.83,2159.33,1852.57,-306.76,306.76
11,1149.0,270.81,1284.51,1337.64,53.13000000000011,53.13000000000011
9,14.0,1057.38,1372.31,1271.31,-101.0,101.0
4,184.0,983.77,1202.69,1046.76,-155.93000000000006,155.93000000000006
6,135.0,2488.22,1561.2,1467.02,-94.18000000000006,94.18000000000006
5,717.0,1508.97,1722.49,1583.8,-138.69000000000005,138.69000000000005
1,389.0,1964.96,1228.94,1265.48,36.539999999999964,36.539999999999964
3,1136.0,1296.54,1536.6,1515.59,-21.00999999999999,21.00999999999999
13,145.0,2202.42,1716.13,1708.37,-7.760000000000218,7.760000000000218
1,1122.0,861.5,1081.05,1091.26,10.210000000000036,10.210000000000036
14,383.0,97.95,1203.93,1092.11,-111.82000000000016,111.82000000000016
1,309.0,1211.37,1110.55,931.45,-179.0999999999999,179.0999999999999
14,1090.0,2248.68,1905.5,1961.09,55.58999999999992,55.58999999999992
3,278.0,994.9,1167.78,1040.35,-127.43000000000006,127.43000000000006
7,1109.0,2397.29,1917.57,1981.66,64.09000000000015,64.09000000000015
12,643.0,2194.16,1758.03,1799.1,41.069999999999936,41.069999999999936
11,176.0,1050.67,1444.13,1443.53,-0.6000000000001364,0.6000000000001364
7,309.0,1021.75,1309.85,1277.03,-32.819999999999936,32.819999999999936
3,992.0,1897.41,1539.0,1536.69,-2.3099999999999454,2.3099999999999454
3,175.0,440.19,431.17,553.86,122.69,122.69
5,895.0,2329.69,1791.96,1695.68,-96.27999999999997,96.27999999999997
8,372.0,348.37,950.24,882.29,-67.95000000000005,67.95000000000005
5,567.0,193.11,718.3,765.42,47.120000000000005,47.120000000000005
8,978.0,710.43,1624.58,1621.91,-2.6699999999998454,2.6699999999998454
1,1082.0,1809.49,446.94,501.68,54.74000000000001,54.74000000000001
11,636.0,2238.97,1699.94,1743.56,43.61999999999989,43.61999999999989
6,370.0,315.09,946.39,788.48,-157.90999999999997,157.90999999999997
8,413.0,222.83,802.95,848.42,45.469999999999914,45.469999999999914
3,399.0,141.39,546.04,577.65,31.610000000000014,31.610000000000014
