expected_output,trip_days,miles,receipts,predicted,error,abs_error,pct_error
364.51,3,93.0,1.42,317.13,-47.379999999999995,47.379999999999995,12.998271652355214
126.06,1,55.0,3.6,142.95,16.889999999999986,16.889999999999986,13.398381722989042
128.91,1,47.0,17.97,148.94,20.03,20.03,15.53797222868668
203.52,2,13.0,4.67,317.13,113.60999999999999,113.60999999999999,55.822523584905646
380.37,3,88.0,5.78,317.13,-63.24000000000001,63.24000000000001,16.62591687041565
158.35,1,76.0,13.74,152.5,-5.849999999999994,5.849999999999994,3.6943479633722727
320.12,3,41.0,4.52,317.13,-2.990000000000009,2.990000000000009,0.934024740722232
199.68,1,140.0,22.71,170.04,-29.640000000000015,29.640000000000015,14.843750000000005
464.07,3,121.0,21.17,402.88,-61.19,61.19,13.185510806559355
359.1,3,117.0,21.99,204.78,-154.32000000000002,154.32000000000002,42.97410192147035
356.17,2,202.0,21.24,385.5,29.329999999999984,29.329999999999984,8.234831681500403
366.87,3,80.0,21.05,385.03,18.159999999999968,18.159999999999968,4.949982282552394
204.58,2,21.0,20.04,306.36,101.78,101.78,49.75070876918565
430.86,3,177.0,18.73,426.01,-4.850000000000023,4.850000000000023,1.1256556654133645
195.14,1,141.0,10.15,163.61,-31.529999999999973,31.529999999999973,16.157630419186212
117.24,1,58.0,5.86,144.74,27.500000000000014,27.500000000000014,23.456158307744808
179.06,1,133.0,8.34,161.05,-18.00999999999999,18.00999999999999,10.058081090137378
120.65,1,59.0,8.31,146.24,25.590000000000003,25.590000000000003,21.210111893908
234.2,2,89.0,13.85,332.89,98.69,98.69,42.13919726729291
325.56,2,147.0,17.43,359.79,34.23000000000002,34.23000000000002,10.514190932547002
574.1,5,130.0,306.9,649.65,75.54999999999995,75.54999999999995,13.15972827033617
1443.96,5,173.0,1337.9,1165.25,-278.71000000000004,278.71000000000004,19.30178121277598
869.0,5,592.0,433.75,911.3,42.299999999999955,42.299999999999955,4.867663981588026
1030.41,5,679.0,476.08,969.46,-60.950000000000045,60.950000000000045,5.915121165361366
1654.62,5,708.0,1129.52,1297.0,-357.6199999999999,357.6199999999999,21.613421812863372
621.12,5,261.0,464.94,782.68,161.55999999999995,161.55999999999995,26.011076764554343
1139.94,5,794.0,511.0,1036.2,-103.74000000000001,103.74000000000001,9.100478972577504
1624.01,5,521.0,1448.55,1369.62,-254.3900000000001,254.3900000000001,15.66431241186939
1231.67,5,595.0,863.93,1119.94,-111.73000000000002,111.73000000000002,9.07142335203423
1608.6,5,811.0,952.39,1416.11,-192.49,192.49,11.966306104687307
1045.96,5,477.0,704.42,991.85,-54.110000000000014,54.110000000000014,5.173237982332021
991.49,5,730.0,485.73,996.24,4.75,4.75,0.4790769448002501
1485.59,5,262.0,1173.79,1124.77,-360.81999999999994,360.81999999999994,24.28799332251832
788.62,5,446.0,219.98,744.89,-43.73000000000002,43.73000000000002,5.545129466663287
1063.46,5,751.0,407.43,967.62,-95.84000000000003,95.84000000000003,9.012092603388941
686.54,5,324.0,128.94,648.07,-38.469999999999914,38.469999999999914,5.603460832580755
1368.94,5,414.0,967.0,1091.07,-277.8700000000001,277.8700000000001,20.29818691834559
742.25,5,367.0,290.78,744.73,2.480000000000018,2.480000000000018,0.3341192320646707
1468.46,5,764.0,848.75,1185.97,-282.49,282.49,19.237160017978017
1185.24,5,249.0,873.75,974.51,-210.73000000000002,210.73000000000002,17.77952144713307
1719.37,8,862.0,1817.85,1923.56,204.19000000000005,204.19000000000005,11.875861507412603
1779.12,11,927.0,1994.33,1855.34,76.22000000000003,76.22000000000003,4.284140473942175
1085.4,9,602.0,186.69,1006.83,-78.57000000000005,78.57000000000005,7.238805970149258
841.27,8,610.0,208.29,968.15,126.88,126.88,15.081959418498222
1618.13,12,333.0,1103.21,1489.56,-128.57000000000016,128.57000000000016,7.94559151613283
1525.26,8,435.0,1129.65,1336.29,-188.97000000000003,188.97000000000003,12.389363124975414
1561.63,9,218.0,1203.45,1330.25,-231.3800000000001,231.3800000000001,14.816569866101451
1752.72,12,781.0,1159.18,1710.97,-41.75,41.75,2.382011958555845
2098.07,11,916.0,1036.91,1658.05,-440.0200000000002,440.0200000000002,20.972608158927024
1624.11,10,358.0,2066.62,1636.78,12.670000000000073,12.670000000000073,0.780119573181624
1752.03,12,566.0,2013.7,1796.18,44.15000000000009,44.15000000000009,2.51993401939465
2024.2,9,954.0,1483.39,1784.61,-239.59000000000015,239.59000000000015,11.836280999901202
1624.87,9,534.0,1929.94,1754.94,130.07000000000016,130.07000000000016,8.004948088154755
1953.03,12,765.0,1343.97,1938.82,-14.210000000000036,14.210000000000036,0.7275873898506442
1388.05,8,630.0,967.69,1342.86,-45.190000000000055,45.190000000000055,3.2556464104319045
1505.19,10,909.0,696.0,1438.13,-67.05999999999995,67.05999999999995,4.4552514964888115
1037.45,10,223.0,745.89,1164.45,127.0,127.0,12.241553809822161
1483.33,8,467.0,1178.71,1373.83,-109.5,109.5,7.382039060761934
1110.6,9,708.0,461.07,1185.09,74.49000000000001,74.49000000000001,6.7071853052404125
1694.37,9,885.0,1764.97,1890.39,196.0200000000002,196.0200000000002,11.568901715681948
1339.72,6,855.0,591.35,1386.17,46.450000000000045,46.450000000000045,3.467142387961667
715.19,2,993.0,54.24,744.7,29.50999999999999,29.50999999999999,4.126176260853757
1216.36,5,685.0,747.14,1102.71,-113.64999999999986,113.64999999999986,9.343450952020772
813.95,3,981.0,341.45,930.49,116.53999999999996,116.53999999999996,14.317832790711954
1502.49,5,770.0,873.33,1200.43,-302.05999999999995,302.05999999999995,20.103960758474262
1237.71,6,697.0,651.64,1114.46,-123.25,123.25,9.957906133100645
743.94,3,795.0,450.85,902.5,158.55999999999995,158.55999999999995,21.3135467914079
1364.54,3,606.0,1184.23,1173.96,-190.57999999999993,190.57999999999993,13.966611458806627
1251.14,3,842.0,865.37,1122.7,-128.44000000000005,128.44000000000005,10.265837556148796
971.31,7,748.0,241.73,991.59,20.280000000000086,20.280000000000086,2.0879019056737897
905.79,7,624.0,148.16,892.67,-13.120000000000005,13.120000000000005,1.448459355921351
1048.28,2,713.0,740.33,953.87,-94.40999999999997,94.40999999999997,9.006181554546492
1515.99,3,874.0,1191.4,1293.73,-222.26,222.26,14.661046576824385
1120.1,6,761.0,530.19,1083.7,-36.399999999999864,36.399999999999864,3.249709847335047
539.36,1,815.0,97.89,457.71,-81.65000000000003,81.65000000000003,15.13831207356868
644.12,1,601.0,497.7,711.65,67.52999999999997,67.52999999999997,10.484071291063772
1809.91,7,817.0,1127.87,1622.23,-187.68000000000006,187.68000000000006,10.369576387776192
1050.05,1,606.0,923.0,1013.87,-36.17999999999995,36.17999999999995,3.445550211894667
866.07,1,909.0,741.82,927.23,61.15999999999997,61.15999999999997,7.061784844181182
1459.34,3,624.0,1160.92,1170.54,-288.79999999999995,288.79999999999995,19.789767977304805
676.38,4,650.0,619.49,331.94,-344.44,344.44,50.924036784056305
628.4,6,204.0,818.99,500.39,-128.01,128.01,20.370782940802037
198.42,1,263.0,396.49,133.67,-64.75,64.75,32.63279911299264
162.18,1,451.0,555.49,175.12,12.939999999999998,12.939999999999998,7.978788999876678
831.96,10,424.0,474.99,571.77,-260.19000000000005,260.19000000000005,31.274340112505417
415.96,2,565.0,389.49,245.7,-170.26,170.26,40.931820367343015
913.29,9,397.0,348.49,913.29,0.0,0.0,0.0
355.57,1,532.0,413.99,232.07,-123.5,123.5,34.732963973338585
290.36,2,384.0,495.49,236.34,-54.02000000000001,54.02000000000001,18.60449097671856
765.13,5,754.0,489.99,514.44,-250.68999999999994,250.68999999999994,32.764366839622014
707.88,1,344.46,813.85,628.65,-79.23000000000002,79.23000000000002,11.192575012714022
848.42,3,906.3,540.03,993.79,145.37,145.37,17.134202399754837
764.64,3,1007.56,187.52,867.83,103.19000000000005,103.19000000000005,13.495239589872366
255.57,1,359.62,221.15,318.74,63.170000000000016,63.170000000000016,24.717298587471152
636.51,1,362.79,749.19,598.18,-38.33000000000004,38.33000000000004,6.021900677129981
303.94,1,288.72,159.26,271.88,-32.06,32.06,10.54813450023031
1165.44,2,782.17,830.72,1027.46,-137.98000000000002,137.98000000000002,11.839305326743549
625.15,2,623.18,347.54,725.56,100.40999999999997,100.40999999999997,16.061745181156518
693.36,3,1061.15,388.5,987.96,294.6,294.6,42.48875043267567
331.74,1,252.75,285.5,331.34,-0.4000000000000341,0.4000000000000341,0.12057635497679933
779.08,3,1020.39,250.62,903.81,124.7299999999999,124.7299999999999,16.009909123581647
738.01,1,257.97,816.81,612.92,-125.09000000000003,125.09000000000003,16.949634828796363
992.4,3,1025.03,592.55,1070.63,78.23000000000013,78.23000000000013,7.8829101168883655
671.06,2,794.32,402.31,826.24,155.18000000000006,155.18000000000006,23.124608827824648
361.66,1,276.85,485.54,441.79,80.13,80.13,22.156168777304647
650.68,2,851.68,473.96,885.67,234.99,234.99,36.11452634167333
960.47,3,859.12,611.07,1007.55,47.07999999999993,47.07999999999993,4.9017668433162855
787.42,3,1317.07,476.87,1141.62,354.19999999999993,354.19999999999993,44.98234741307053
741.46,1,388.1,827.37,644.52,-96.94000000000005,96.94000000000005,13.074204946996474
636.19,1,264.39,758.27,583.29,-52.90000000000009,52.90000000000009,8.31512598437575
807.48,5,198.21,594.83,818.03,10.549999999999955,10.549999999999955,1.306533907960563
666.59,6,72.85,457.75,750.12,83.52999999999997,83.52999999999997,12.53094105822169
835.08,8,297.64,481.09,964.07,128.99,128.99,15.446424294678355
1452.17,7,237.33,1262.27,1261.86,-190.31000000000017,190.31000000000017,13.105214954172043
511.23,5,195.73,1228.49,382.73,-128.5,128.5,25.135457621814055
1522.6,8,276.28,1179.9,1291.63,-230.9699999999998,230.9699999999998,15.169446998555092
1353.77,8,302.24,1046.04,1238.37,-115.40000000000009,115.40000000000009,8.524343130664743
880.41,8,266.87,252.08,840.33,-40.07999999999993,40.07999999999993,4.552424438613819
828.16,9,310.69,239.64,905.93,77.76999999999998,77.76999999999998,9.39069744976816
1031.34,6,222.08,709.07,936.02,-95.31999999999994,95.31999999999994,9.242344910504775
1019.85,8,264.94,720.67,1065.36,45.50999999999988,45.50999999999988,4.462420944256496
1499.24,8,161.15,1230.37,1265.99,-233.25,233.25,15.557882660548012
835.54,9,259.96,554.74,1035.79,200.25,200.25,23.96653661105393
850.57,9,97.85,518.56,947.99,97.41999999999996,97.41999999999996,11.453495890990743
1374.9,9,194.34,1054.93,1248.4,-126.5,126.5,9.200669139573787
830.45,9,332.35,374.61,980.38,149.92999999999995,149.92999999999995,18.05406707206935
845.35,5,126.44,696.14,835.71,-9.639999999999986,9.639999999999986,1.1403560655349838
1050.25,5,66.13,848.03,882.75,-167.5,167.5,15.948583670554632
1478.11,6,135.34,1144.13,1108.08,-370.03,370.03,25.033996116662493
648.57,6,233.7,346.98,766.54,117.96999999999991,117.96999999999991,18.18924711287909
1785.47,9,849.0,1007.41,1509.62,-275.85000000000014,275.85000000000014,15.449713520809654
1718.76,6,806.0,1760.64,1744.5,25.74000000000001,25.74000000000001,1.497591286741605
2016.46,8,891.0,1194.36,1733.08,-283.3800000000001,283.3800000000001,14.053341003540865
2164.15,9,1182.0,1342.24,1815.53,-348.6200000000001,348.6200000000001,16.108864912321238
2063.98,7,1010.0,1514.03,1783.24,-280.74,280.74,13.60187598717042
1902.37,8,892.0,1768.53,1914.14,11.77000000000021,11.77000000000021,0.6187019349548305
1817.77,6,825.0,1692.73,1726.98,-90.78999999999996,90.78999999999996,4.994581272658255
1852.47,8,1118.0,1758.52,1957.1,104.62999999999988,104.62999999999988,5.648134652652938
1857.04,8,1064.0,1756.52,1945.45,88.41000000000008,88.41000000000008,4.760802136733731
1771.8,6,811.0,1252.04,1585.31,-186.49,186.49,10.525454340218987
1826.08,7,889.0,1417.96,1728.29,-97.78999999999996,97.78999999999996,5.355187067379302
1880.76,9,1012.0,1429.04,1783.59,-97.17000000000007,97.17000000000007,5.166528424679389
1720.21,6,909.0,1332.18,1630.54,-89.67000000000007,89.67000000000007,5.212735654367784
1894.85,9,1096.0,1690.22,1945.93,51.080000000000155,51.080000000000155,2.6957278940285594
1964.86,9,913.0,1021.29,1544.08,-420.78,420.78,21.41526622761927
1803.97,6,1006.0,1219.71,1614.9,-189.06999999999994,189.06999999999994,10.480772961856347
1737.86,6,907.0,1650.17,1730.3,-7.559999999999945,7.559999999999945,0.4350177804886438
1780.58,9,816.0,1171.81,1574.54,-206.03999999999996,206.03999999999996,11.571510406721403
2279.82,7,1006.0,1181.33,2280.0,0.1799999999998363,0.1799999999998363,0.00789536016000545
1765.79,6,835.0,1404.28,1638.16,-127.62999999999988,127.62999999999988,7.227926310603179
1662.88,12,528.0,2476.41,1726.09,63.20999999999981,63.20999999999981,3.8012364091215125
322.0,4,69.0,2321.49,322.0,0.0,0.0,0.0
1550.55,11,1179.0,31.36,1287.52,-263.03,263.03,16.96365805681855
1793.07,13,756.0,954.4,1653.98,-139.08999999999992,139.08999999999992,7.757087007199938
1171.68,1,123.0,2076.65,1251.12,79.43999999999983,79.43999999999983,6.78000819336336
1434.71,3,1162.0,2152.66,1578.94,144.23000000000002,144.23000000000002,10.052902677196089
1374.91,1,822.0,2170.53,1412.19,37.27999999999997,37.27999999999997,2.7114502040133512
1823.47,11,558.0,1549.86,1806.7,-16.769999999999982,16.769999999999982,0.9196751248992295
1353.87,2,753.0,1111.16,1149.97,-203.89999999999986,203.89999999999986,15.060530183843342
794.7,10,224.0,407.51,1001.79,207.08999999999992,207.08999999999992,26.058890147225355
800.3,6,383.0,462.79,887.16,86.86000000000001,86.86000000000001,10.85342996376359
1987.39,8,1005.0,1391.37,1818.39,-169.0,169.0,8.50361529443139
1366.61,10,1145.0,311.43,1355.19,-11.419999999999845,11.419999999999845,0.8356444047679913
1743.85,5,1004.0,2367.63,1711.86,-31.99000000000001,31.99000000000001,1.8344467700777023
1676.79,5,873.0,1402.35,1570.49,-106.29999999999995,106.29999999999995,6.339493913966566
1273.45,2,165.0,1813.32,1226.8,-46.65000000000009,46.65000000000009,3.6632769248890877
879.65,5,1076.0,190.33,1230.12,350.4699999999999,350.4699999999999,39.841982606718574
1760.0,12,986.0,2390.92,1868.02,108.01999999999998,108.01999999999998,6.137499999999999
1578.97,7,948.0,657.17,1500.68,-78.28999999999996,78.28999999999996,4.958295597763096
1411.95,3,429.0,2400.13,1457.82,45.86999999999989,45.86999999999989,3.248698608307652
788.53,4,362.0,646.43,861.42,72.88999999999999,72.88999999999999,9.243782734962522
1494.23,2,622.0,1871.56,1425.14,-69.08999999999992,69.08999999999992,4.623786164111276
150.34,1,140.0,255.99,149.54,-0.8000000000000114,0.8000000000000114,0.5321271783956442
851.24,8,123.0,612.55,951.64,100.39999999999998,100.39999999999998,11.794558526385035
1413.52,4,87.0,2463.92,1042.54,-370.98,370.98,26.245118569245573
1516.43,10,164.0,1144.9,1331.17,-185.26,185.26,12.216851420771151
1439.17,1,989.0,2196.84,1367.11,-72.06000000000017,72.06000000000017,5.007052676195318
1501.1,4,470.0,1968.63,1494.26,-6.839999999999918,6.839999999999918,0.45566584504696017
1092.94,1,37.0,1397.17,875.16,-217.7800000000001,217.7800000000001,19.92607096455433
1030.13,8,488.0,439.7,1026.74,-3.3900000000001,3.3900000000001,0.3290846786328036
1780.07,12,757.0,897.4,1574.37,-205.70000000000005,205.70000000000005,11.555725336644068
2065.16,14,958.0,1727.76,2038.03,-27.12999999999988,27.12999999999988,1.3136996649169983
1342.39,2,456.0,2390.7,1353.09,10.699999999999818,10.699999999999818,0.79708579473922
771.83,5,733.0,41.18,783.27,11.43999999999994,11.43999999999994,1.482191674332423
1477.12,5,291.0,1279.7,1188.41,-288.7099999999998,288.7099999999998,19.5454668544194
1568.41,10,478.0,2091.79,1667.88,99.47000000000003,99.47000000000003,6.342091672458096
1847.26,8,817.0,1455.73,1800.31,-46.950000000000045,46.950000000000045,2.541602156707775
1807.42,6,1043.0,1404.35,1680.61,-126.81000000000017,126.81000000000017,7.01607816666852
1549.54,2,958.0,1855.58,1570.96,21.420000000000073,21.420000000000073,1.3823457284097265
935.4,9,524.0,474.75,1111.83,176.42999999999995,176.42999999999995,18.861449647209742
522.58,6,45.0,81.59,556.73,34.14999999999998,34.14999999999998,6.534884610968652
1502.02,8,342.0,2259.06,1619.04,117.01999999999998,117.01999999999998,7.790841666555703
1682.98,12,379.0,1897.29,1757.6,74.61999999999989,74.61999999999989,4.43380194654719
1585.02,6,333.0,1254.68,1247.15,-337.8699999999999,337.8699999999999,21.316450265611785
1490.51,2,634.0,1739.81,1401.33,-89.18000000000006,89.18000000000006,5.983186962851645
1282.84,5,285.0,974.73,1038.81,-244.02999999999997,244.02999999999997,19.02263727354931
1707.38,12,33.0,1249.13,1429.69,-277.69000000000005,277.69000000000005,16.264100551722525
1539.77,9,118.0,1285.82,1326.56,-213.21000000000004,213.21000000000004,13.84687323431422
1220.35,1,420.0,2273.6,1414.51,194.16000000000008,194.16000000000008,15.91018969967633
1586.22,11,312.0,2072.39,1669.46,83.24000000000001,83.24000000000001,5.2476957799044275
1779.08,10,753.0,2054.02,1751.36,-27.720000000000027,27.720000000000027,1.5581086853879549
570.99,5,125.0,96.38,546.01,-24.980000000000018,24.980000000000018,4.374857703287276
1395.65,6,597.0,888.84,1185.39,-210.26,210.26,15.065381721778381
1408.25,12,1065.0,203.2,1373.44,-34.809999999999945,34.809999999999945,2.4718622403692487
402.81,1,214.0,540.03,457.99,55.18000000000001,55.18000000000001,13.698766167672105
1852.24,11,886.0,922.66,1589.97,-262.27,262.27,14.159612145294345
1656.28,10,621.0,978.73,1449.41,-206.8699999999999,206.8699999999999,12.490037916294341
1699.56,4,1000.0,2355.34,1638.4,-61.159999999999854,61.159999999999854,3.5985784556002645
1881.36,13,534.0,1765.96,1865.31,-16.049999999999955,16.049999999999955,0.8531062635540223
1671.23,6,475.0,1800.71,1571.62,-99.61000000000013,99.61000000000013,5.960280751302941
1739.18,11,623.0,2265.21,1733.72,-5.460000000000036,5.460000000000036,0.31394105268000067
1112.02,1,620.0,973.91,1051.9,-60.11999999999989,60.11999999999989,5.406377583136984
1960.67,13,1004.0,1757.75,2000.78,40.1099999999999,40.1099999999999,2.0457292660162034
1897.19,8,962.0,1929.63,1979.17,81.98000000000002,81.98000000000002,4.321127562342202
1842.1,14,516.0,1464.67,1945.3,103.20000000000005,103.20000000000005,5.602301720862062
1873.94,11,685.0,2272.75,1750.49,-123.45000000000005,123.45000000000005,6.587724260115054
540.97,3,307.0,266.21,601.71,60.74000000000001,60.74000000000001,11.227979370390226
1339.93,3,375.0,1346.21,1151.78,-188.1500000000001,188.1500000000001,14.041778301851595
1567.43,4,1124.0,2177.18,1645.26,77.82999999999993,77.82999999999993,4.96545300268592
1520.73,3,779.0,2110.9,1498.55,-22.180000000000064,22.180000000000064,1.458510057669676
1419.34,8,1173.0,671.25,1625.83,206.49,206.49,14.54831118688968
1745.18,14,47.0,1667.14,1785.25,40.069999999999936,40.069999999999936,2.2960382310134158
1539.47,3,981.0,2008.83,1528.54,-10.930000000000064,10.930000000000064,0.7099846050913667
1547.5,5,516.0,1450.67,1368.47,-179.02999999999997,179.02999999999997,11.568982229402259
872.19,6,471.0,332.51,862.55,-9.6400000000001,9.6400000000001,1.1052637613364173
1432.79,2,941.0,1565.77,1450.69,17.90000000000009,17.90000000000009,1.2493107852511598
837.36,10,377.0,301.96,1017.31,179.94999999999993,179.94999999999993,21.490159549058937
793.58,7,273.0,285.83,806.69,13.110000000000014,13.110000000000014,1.6520073590564295
737.28,1,458.0,834.7,662.37,-74.90999999999997,74.90999999999997,10.160319010416663
1575.52,11,772.0,932.31,1545.14,-30.37999999999988,30.37999999999988,1.9282522595714355
1593.24,11,36.0,1541.47,1658.48,65.24000000000001,65.24000000000001,4.094800532248752
1579.73,12,211.0,1048.29,1410.14,-169.58999999999992,169.58999999999992,10.735378830559647
1839.67,7,987.0,2164.1,1983.32,143.64999999999986,143.64999999999986,7.808465648730471
1599.27,9,662.0,2275.59,1810.49,211.22000000000003,211.22000000000003,13.20727581959269
1553.21,12,96.0,1164.37,1416.18,-137.02999999999997,137.02999999999997,8.822374308689744
1623.81,5,569.0,1856.7,1574.2,-49.6099999999999,49.6099999999999,3.05516039438111
874.99,12,128.0,477.17,1098.84,223.8499999999999,223.8499999999999,25.58314952170881
1698.0,4,886.0,2401.28,1620.31,-77.69000000000005,77.69000000000005,4.575382803298001
1331.53,13,19.0,807.27,1263.21,-68.31999999999994,68.31999999999994,5.130939595803319
1454.47,8,275.0,2347.09,1589.96,135.49,135.49,9.315420737450756
1434.42,9,963.0,588.5,1357.18,-77.24000000000001,77.24000000000001,5.384754813792335
1894.16,14,1056.0,2489.69,1968.54,74.37999999999988,74.37999999999988,3.9268066055665773
947.72,5,728.0,423.16,965.22,17.5,17.5,1.846536951842316
418.17,4,286.0,1063.49,351.04,-67.13,67.13,16.053279766602095
1663.39,11,332.0,1352.48,1767.32,103.92999999999984,103.92999999999984,6.248083732618317
1494.81,12,49.0,1118.38,1373.62,-121.19000000000005,121.19000000000005,8.107384885035561
1206.95,2,18.0,2503.46,1163.0,-43.950000000000045,43.950000000000045,3.641410166121218
1930.24,14,592.0,1268.36,1786.71,-143.52999999999997,143.52999999999997,7.435862897877983
875.39,3,892.0,171.32,809.86,-65.52999999999997,65.52999999999997,7.485806326323122
1847.08,11,741.0,1872.39,1817.75,-29.329999999999927,29.329999999999927,1.5879117309483037
1819.41,14,807.0,2358.41,1914.13,94.72000000000003,94.72000000000003,5.206083290737109
1796.7,5,873.0,1584.53,1627.88,-168.81999999999994,168.81999999999994,9.396115099905378
1434.84,3,1159.0,2209.44,1584.02,149.18000000000006,149.18000000000006,10.396978060271532
1871.27,11,920.0,1338.65,1937.26,65.99000000000001,65.99000000000001,3.5264820148882854
332.06,1,388.0,390.7,413.94,81.88,81.88,24.658194302234534
1547.5,9,576.0,1059.79,1416.38,-131.1199999999999,131.1199999999999,8.473021001615502
1640.78,9,524.0,2367.12,1750.6,109.81999999999994,109.81999999999994,6.693158132107896
1559.59,10,459.0,2183.11,1650.76,91.17000000000007,91.17000000000007,5.845767156752741
1097.95,4,725.0,588.9,991.23,-106.72000000000003,106.72000000000003,9.719932601666745
1222.41,1,992.0,958.87,1092.57,-129.84000000000015,129.84000000000015,10.621640856995619
1615.13,10,536.0,2194.42,1671.33,56.19999999999982,56.19999999999982,3.479596069666208
2143.74,11,1126.0,1593.03,1963.62,-180.1199999999999,180.1199999999999,8.402138319012563
1539.1,10,314.0,1098.8,1374.05,-165.04999999999995,165.04999999999995,10.723799623156388
1120.22,1,9.0,2246.28,1317.89,197.67000000000007,197.67000000000007,17.645641034796743
2030.59,11,706.0,1508.23,1854.35,-176.24,176.24,8.679250858124979
1775.03,10,976.0,2166.02,1800.81,25.779999999999973,25.779999999999973,1.4523698191016474
1313.95,5,1028.0,653.19,1366.13,52.180000000000064,52.180000000000064,3.971231782031284
1149.07,8,1166.0,99.47,1444.29,295.22,295.22,25.692081422367657
1944.88,12,882.0,1958.14,1893.67,-51.210000000000036,51.210000000000036,2.6330673357739314
1090.35,11,448.0,732.79,1308.36,218.01,218.01,19.99449717980465
1800.86,7,623.0,1691.39,1636.07,-164.78999999999996,164.78999999999996,9.15062803327299
303.2,3,127.0,293.49,183.03,-120.16999999999999,120.16999999999999,39.63390501319261
1005.67,12,218.0,486.02,1142.16,136.49000000000012,136.49000000000012,13.572046496365619
785.59,3,1166.0,530.44,1101.88,316.2900000000001,316.2900000000001,40.2614595399636
830.07,11,17.0,550.58,1033.48,203.40999999999997,203.40999999999997,24.505162215234854
1649.49,9,696.0,1749.97,1801.13,151.6400000000001,151.6400000000001,9.193144547708691
664.43,4,305.0,125.79,585.73,-78.69999999999993,78.69999999999993,11.844739099679416
1779.92,12,104.0,1300.05,1755.4,-24.519999999999982,24.519999999999982,1.3775900040451245
857.42,1,303.0,931.53,682.5,-174.91999999999996,174.91999999999996,20.400737095005944
1732.12,8,1012.0,2390.84,2134.65,402.5300000000002,402.5300000000002,23.23915202179989
1913.87,9,938.0,2224.29,1930.27,16.40000000000009,16.40000000000009,0.8569025064398361
535.67,3,471.0,288.19,683.48,147.81000000000006,147.81000000000006,27.593481061101066
1156.55,5,72.0,977.67,947.78,-208.76999999999998,208.76999999999998,18.051100255068956
1642.15,10,160.0,2272.56,1553.79,-88.36000000000013,88.36000000000013,5.380750844928912
1805.77,10,965.0,1851.28,1837.95,32.180000000000064,32.180000000000064,1.7820652685557998
1447.95,3,266.0,2178.16,1403.19,-44.75999999999999,44.75999999999999,3.0912669636382466
1792.31,12,734.0,2491.82,1783.03,-9.279999999999973,9.279999999999973,0.5177675736898177
1710.72,12,64.0,1641.01,1700.31,-10.410000000000082,10.410000000000082,0.6085157126823841
1674.09,9,497.0,1845.08,1738.88,64.79000000000019,64.79000000000019,3.870162297128601
1586.21,3,781.0,1801.38,1468.0,-118.21000000000004,118.21000000000004,7.452354984522859
1183.16,3,158.0,1070.74,924.83,-258.33000000000004,258.33000000000004,21.833902430778597
802.96,3,1096.0,200.27,912.35,109.38999999999999,109.38999999999999,13.623343628574272
1987.44,11,1116.0,2067.8,1899.99,-87.45000000000005,87.45000000000005,4.40013283419877
982.64,10,831.0,39.86,1088.02,105.38,105.38,10.724171619311242
1761.68,14,124.0,1064.64,1485.4,-276.28,276.28,15.682757367966937
1261.41,4,10.0,1262.73,1005.71,-255.70000000000005,255.70000000000005,20.270966616722557
897.78,5,955.0,106.86,1179.14,281.3600000000001,281.3600000000001,31.33952638731094
1921.16,7,1176.0,2489.13,2124.26,203.10000000000014,203.10000000000014,10.571737908347046
1012.0,6,803.0,465.6,1335.95,323.95000000000005,323.95000000000005,32.0108695652174
1022.81,9,868.0,62.12,1062.23,39.42000000000007,39.42000000000007,3.854088247084021
225.12,1,181.0,128.05,233.86,8.740000000000009,8.740000000000009,3.882373845060416
564.16,3,70.0,631.88,675.11,110.95000000000005,110.95000000000005,19.66640669313671
1189.47,8,1090.0,419.76,1529.67,340.20000000000005,340.20000000000005,28.60097354283841
1943.24,14,1184.0,2269.89,2033.28,90.03999999999996,90.03999999999996,4.633498692904632
1365.21,1,735.0,1676.9,1386.72,21.50999999999999,21.50999999999999,1.575581778627463
509.52,2,547.0,119.09,582.39,72.87,72.87,14.301695713612814
949.34,11,265.0,218.66,981.12,31.779999999999973,31.779999999999973,3.3475888512018845
1305.54,10,223.0,886.32,1232.14,-73.39999999999986,73.39999999999986,5.622194647425576
1833.24,12,959.0,1947.82,1917.01,83.76999999999998,83.76999999999998,4.569505356636337
1793.52,11,498.0,1578.39,1785.88,-7.639999999999873,7.639999999999873,0.42597796511886526
1688.9,14,127.0,988.4,1449.96,-238.94000000000005,238.94000000000005,14.147670081117889
779.66,3,621.0,214.08,712.86,-66.79999999999995,66.79999999999995,8.567837262396424
1839.47,6,1193.0,2241.5,1974.91,135.44000000000005,135.44000000000005,7.3629904265902715
1497.46,4,448.0,2055.97,1498.62,1.1599999999998545,1.1599999999998545,0.07746450656443941
1558.12,8,466.0,2064.63,1672.85,114.73000000000002,114.73000000000002,7.363360973480863
1696.65,12,229.0,1216.16,1498.87,-197.7800000000002,197.7800000000002,11.65708896943979
1573.12,13,658.0,559.48,1421.1,-152.01999999999998,152.01999999999998,9.663598454027664
1842.24,13,1034.0,2477.98,1917.17,74.93000000000006,74.93000000000006,4.067331075212788
1611.66,4,842.0,2464.29,1617.86,6.199999999999818,6.199999999999818,0.38469652408075017
1921.68,13,837.0,1218.93,1816.64,-105.03999999999996,105.03999999999996,5.466050539111609
1804.68,11,927.0,1306.37,1943.4,138.72000000000003,138.72000000000003,7.68668129529889
1605.84,4,1047.0,1657.68,1646.13,40.29000000000019,40.29000000000019,2.5089672694664595
1435.34,4,262.0,1681.28,1316.81,-118.52999999999997,118.52999999999997,8.257973720512211
2014.72,7,1126.0,1103.75,2120.0,105.27999999999997,105.27999999999997,5.225540025412959
1125.36,5,781.0,672.91,1108.6,-16.75999999999999,16.75999999999999,1.489301201393331
1090.31,5,831.0,591.65,1306.55,216.24,216.24,19.83289156294999
2132.85,7,1089.0,1026.25,2047.0,-85.84999999999991,85.84999999999991,4.025130693672781
1421.36,1,793.0,2171.07,1420.54,-0.8199999999999363,0.8199999999999363,0.05769122530533689
847.33,9,368.0,495.12,1053.94,206.61,206.61,24.383652178018007
1704.06,6,818.0,1130.38,1548.41,-155.64999999999986,155.64999999999986,9.134068049247086
1732.2,11,667.0,1915.95,1791.01,58.809999999999945,58.809999999999945,3.395104491398219
1349.04,2,267.0,2116.93,1271.07,-77.97000000000003,77.97000000000003,5.779665539939514
1844.58,10,1083.0,2105.36,1839.17,-5.4099999999998545,5.4099999999998545,0.2932916978390666
2015.18,13,529.0,1767.79,1863.65,-151.52999999999997,151.52999999999997,7.51942754493395
2248.12,9,1155.0,1346.4,1805.81,-442.30999999999995,442.30999999999995,19.674661494937993
2072.18,7,1185.0,1768.01,1898.94,-173.23999999999978,173.23999999999978,8.360277582063325
1777.14,5,763.0,1420.94,1461.34,-315.8000000000002,315.8000000000002,17.770125032355367
1550.04,7,368.0,1231.69,1303.83,-246.21000000000004,246.21000000000004,15.884106216613766
972.58,6,659.0,322.1,939.13,-33.450000000000045,33.450000000000045,3.4393057640502627
1696.86,14,1138.0,518.18,1662.08,-34.77999999999997,34.77999999999997,2.0496682106950472
1603.89,6,172.0,1977.78,1440.12,-163.7700000000002,163.7700000000002,10.210799992518202
903.3,6,628.0,311.47,920.55,17.25,17.25,1.9096645632680174
1264.53,2,500.0,1246.48,1105.39,-159.13999999999987,159.13999999999987,12.584912971617904
1422.12,8,7.0,2075.6,1473.65,51.5300000000002,51.5300000000002,3.6234635614434927
1696.72,5,942.0,2092.87,1672.04,-24.680000000000064,24.680000000000064,1.454571172615403
1589.65,12,81.0,2485.34,1597.1,7.449999999999818,7.449999999999818,0.4686566225269599
866.18,4,166.0,791.52,846.29,-19.889999999999986,19.889999999999986,2.2962894548477206
1344.71,3,213.0,1724.85,1347.31,2.599999999999909,2.599999999999909,0.1933502390850004
1175.65,11,1004.0,167.15,1277.02,101.36999999999989,101.36999999999989,8.622464168757698
624.04,5,116.0,478.1,726.09,102.05000000000007,102.05000000000007,16.353118389846816
1807.67,13,112.0,2299.56,1676.32,-131.35000000000014,131.35000000000014,7.2662598815049275
1134.47,1,43.0,2149.22,1273.44,138.97000000000003,138.97000000000003,12.249773021763469
1531.2,2,660.0,1944.4,1441.63,-89.56999999999994,89.56999999999994,5.849660397074185
1171.54,10,888.0,298.68,1237.51,65.97000000000003,65.97000000000003,5.631049729415985
1759.97,10,860.0,2380.76,1740.14,-19.829999999999927,19.829999999999927,1.126723750973024
2013.21,10,1187.0,1981.09,1884.82,-128.3900000000001,128.3900000000001,6.377377422126856
1314.3,12,1139.0,124.65,1367.7,53.40000000000009,53.40000000000009,4.062999315224842
927.98,5,966.0,359.51,1260.97,332.99,332.99,35.88331645078558
2000.19,10,796.0,1352.08,1853.51,-146.68000000000006,146.68000000000006,7.333303336183065
1515.54,9,72.0,1281.32,1304.42,-211.1199999999999,211.1199999999999,13.93034825870646
1638.66,10,215.0,2440.91,1547.97,-90.69000000000005,90.69000000000005,5.534400058584456
1703.2,7,671.0,1297.02,1466.82,-236.3800000000001,236.3800000000001,13.878581493659
538.36,5,230.0,333.69,705.96,167.60000000000002,167.60000000000002,31.131584813136193
1549.82,5,467.0,1243.31,1247.25,-302.56999999999994,302.56999999999994,19.522912338207014
1705.9,13,247.0,2339.61,1709.8,3.8999999999998636,3.8999999999998636,0.22861832463801296
1837.25,14,777.0,1248.61,1857.48,20.230000000000018,20.230000000000018,1.101102190774256
902.09,11,740.0,1171.99,839.86,-62.23000000000002,62.23000000000002,6.898424769147205
1897.87,6,884.0,1798.31,1772.27,-125.59999999999991,125.59999999999991,6.617945380874344
1792.88,5,789.0,1853.31,1617.64,-175.24,175.24,9.774218017937619
784.52,4,825.0,874.99,597.99,-186.52999999999997,186.52999999999997,23.7763218273594
731.28,2,301.0,769.23,788.99,57.710000000000036,57.710000000000036,7.891642052291877
1925.32,12,1007.0,1353.77,2006.78,81.46000000000004,81.46000000000004,4.230984979120356
1202.46,5,865.0,644.79,1330.23,127.76999999999998,127.76999999999998,10.625717279576866
1682.62,14,81.0,1251.97,1557.03,-125.58999999999992,125.58999999999992,7.463955022524392
1752.18,8,1159.0,2175.27,2096.74,344.5599999999997,344.5599999999997,19.66464632629066
1152.99,11,496.0,373.98,1156.24,3.25,3.25,0.28187581852401145
1362.39,1,752.0,1632.35,1377.32,14.929999999999836,14.929999999999836,1.095868290283974
1749.31,5,1014.0,1853.57,1662.44,-86.86999999999989,86.86999999999989,4.965958006299621
972.95,9,686.0,145.66,1023.51,50.559999999999945,50.559999999999945,5.196567141168605
1724.68,5,654.0,1272.89,1342.67,-382.01,382.01,22.14961616067908
1593.12,8,621.0,2391.34,1740.12,147.0,147.0,9.227176860500151
1306.91,9,1080.0,539.51,1384.34,77.42999999999984,77.42999999999984,5.924661988966327
1067.81,10,714.0,269.06,1147.71,79.90000000000009,79.90000000000009,7.482604583212378
1872.81,10,816.0,1425.64,1849.81,-23.0,23.0,1.228101088738313
2239.35,14,1122.0,1766.25,2080.01,-159.3399999999997,159.3399999999997,7.11545761046731
1501.24,4,1202.0,1074.87,1432.49,-68.75,68.75,4.579547574005489
1682.08,5,651.0,1573.3,1486.16,-195.91999999999985,195.91999999999985,11.647484067345184
1265.57,14,1100.0,237.69,1510.4,244.83000000000015,244.83000000000015,19.345433283026633
924.9,14,296.0,485.68,1280.99,356.09000000000003,356.09000000000003,38.50037841928858
1421.07,1,697.0,2148.5,1445.7,24.63000000000011,24.63000000000011,1.7332010386539798
1133.45,6,1044.0,47.46,1253.4,119.95000000000005,119.95000000000005,10.582734130310119
1755.18,12,398.0,2481.44,1688.26,-66.92000000000007,66.92000000000007,3.8127143654781883
1345.66,3,139.0,2428.89,1402.99,57.32999999999993,57.32999999999993,4.260362944577376
1109.32,6,84.0,852.7,945.33,-163.9899999999999,163.9899999999999,14.782930083294263
1367.64,2,423.0,1639.17,1261.25,-106.3900000000001,106.3900000000001,7.779093913603001
1872.44,11,815.0,2385.6,1773.22,-99.22000000000003,99.22000000000003,5.298968191237104
1257.31,6,577.0,897.74,1181.0,-76.30999999999995,76.30999999999995,6.069306694450847
1461.33,8,200.0,1508.89,1417.09,-44.24000000000001,44.24000000000001,3.0273791682918993
1455.85,9,1102.0,540.6,1394.42,-61.429999999999836,61.429999999999836,4.2195281107256815
1770.91,12,508.0,1970.54,1785.12,14.209999999999809,14.209999999999809,0.8024123190901745
2097.69,13,1024.0,1712.85,2012.25,-85.44000000000005,85.44000000000005,4.073051785535521
1862.45,7,1161.0,1499.97,1809.61,-52.840000000000146,52.840000000000146,2.837123144245491
624.78,2,730.0,285.24,741.9,117.12,117.12,18.745798521079422
1956.89,13,996.0,1809.2,1991.91,35.01999999999998,35.01999999999998,1.7895742734645268
1673.89,5,1160.0,1901.83,1696.32,22.429999999999836,22.429999999999836,1.3399924726236392
726.14,2,1139.0,306.43,929.62,203.48000000000002,203.48000000000002,28.022144490043242
1798.47,14,191.0,2442.76,1727.15,-71.31999999999994,71.31999999999994,3.965592976252033
1826.93,7,776.0,2447.82,1754.82,-72.11000000000013,72.11000000000013,3.9470587269353574
1918.89,14,414.0,1919.7,1857.88,-61.00999999999999,61.00999999999999,3.1794422817357946
1851.7,7,847.0,1994.62,1901.37,49.669999999999845,49.669999999999845,2.682399956796449
1871.76,6,924.0,1227.21,1600.54,-271.22,271.22,14.490105569090057
1489.99,2,933.0,1589.58,1458.69,-31.299999999999955,31.299999999999955,2.1006852394982487
891.9,1,211.0,958.08,678.12,-213.77999999999997,213.77999999999997,23.9690548267743
1837.11,10,773.0,865.92,1461.01,-376.0999999999999,376.0999999999999,20.472372367468466
1229.87,3,196.0,1211.68,1009.25,-220.6199999999999,220.6199999999999,17.938481302901927
1480.87,14,49.0,954.02,1399.53,-81.33999999999992,81.33999999999992,5.492717118990859
935.38,5,477.0,655.24,968.14,32.75999999999999,32.75999999999999,3.5023199127627267
1690.82,5,828.0,1606.84,1625.73,-65.08999999999992,65.08999999999992,3.849611431139915
1649.04,11,458.0,1364.29,1801.85,152.80999999999995,152.80999999999995,9.266603599670107
1279.31,3,289.0,1245.67,1066.0,-213.30999999999995,213.30999999999995,16.673831987555786
658.14,1,1060.0,501.67,777.8,119.65999999999997,119.65999999999997,18.18154192117178
1664.83,5,1085.0,2486.43,1739.86,75.02999999999997,75.02999999999997,4.50676645663521
779.68,4,675.0,381.48,869.55,89.87,89.87,11.526523702031605
1473.75,8,415.0,1214.97,1368.74,-105.00999999999999,105.00999999999999,7.1253604749787955
1114.9,6,425.0,709.75,1024.42,-90.48000000000002,90.48000000000002,8.115526056148536
1637.65,7,313.0,2408.02,1553.88,-83.76999999999998,83.76999999999998,5.115256617714406
897.26,13,235.0,426.07,1173.22,275.96000000000004,275.96000000000004,30.75585671934557
1630.66,7,635.0,1406.31,1503.87,-126.79000000000019,126.79000000000019,7.775379294273496
1889.87,10,1009.0,2164.22,1810.47,-79.39999999999986,79.39999999999986,4.201347182610437
748.57,3,692.0,450.7,857.73,109.15999999999997,109.15999999999997,14.582470577233922
1013.78,2,91.0,1073.76,844.64,-169.14,169.14,16.684093195762394
2047.06,8,1187.0,1045.91,2047.0,-0.05999999999994543,0.05999999999994543,0.002931032798254347
1847.84,14,600.0,1120.05,1718.69,-129.14999999999986,129.14999999999986,6.98924149276993
483.34,5,210.0,710.49,299.7,-183.64,183.64,37.99395870401788
1564.9,12,10.0,1203.1,1397.52,-167.3800000000001,167.3800000000001,10.695891111253122
282.89,1,452.0,275.05,365.68,82.79000000000002,82.79000000000002,29.265792357453435
1476.03,4,256.0,2218.74,1476.69,0.6600000000000819,0.6600000000000819,0.04471453832239737
1557.27,8,312.0,2383.17,1606.02,48.75,48.75,3.130478337089907
1237.62,2,1175.0,816.2,1190.95,-46.669999999999845,46.669999999999845,3.770947463680278
1248.46,11,960.0,383.64,1362.27,113.80999999999995,113.80999999999995,9.116030950130556
1559.83,6,690.0,1009.37,1283.85,-275.98,275.98,17.692953719315568
1516.68,14,487.0,579.29,1409.01,-107.67000000000007,107.67000000000007,7.099058469815654
593.83,8,75.0,315.71,787.73,193.89999999999998,193.89999999999998,32.652442618257744
1017.64,13,360.0,271.93,1153.17,135.5300000000001,135.5300000000001,13.318069258283883
1916.37,11,708.0,1871.77,1808.39,-107.97999999999979,107.97999999999979,5.63461127026617
384.77,3,182.0,347.82,586.8,202.02999999999997,202.02999999999997,52.506692309691495
1643.68,10,683.0,2442.92,1681.56,37.87999999999988,37.87999999999988,2.3045848340309476
1465.72,5,392.0,1264.6,1224.97,-240.75,240.75,16.425374559943236
1635.5,10,175.0,1443.25,1664.23,28.730000000000018,28.730000000000018,1.756649342708653
1603.6,7,577.0,1959.13,1668.46,64.86000000000013,64.86000000000013,4.044649538538296
1793.36,13,799.0,951.92,1671.45,-121.90999999999985,121.90999999999985,6.797854306999144
1170.54,13,608.0,370.89,1308.5,137.96000000000004,137.96000000000004,11.786013293010067
686.23,7,194.0,202.49,249.69,-436.54,436.54,63.61424012357373
1394.38,13,889.0,232.72,1363.86,-30.52000000000021,30.52000000000021,2.1887864140334923
1222.6,7,901.0,136.8,1327.18,104.58000000000015,104.58000000000015,8.55390152134796
1398.75,1,698.0,1525.82,1381.9,-16.84999999999991,16.84999999999991,1.204647006255579
1235.69,9,592.0,793.55,1295.0,59.309999999999945,59.309999999999945,4.799747509488621
1846.41,14,1015.0,871.76,1779.13,-67.27999999999997,67.27999999999997,3.64382775223271
848.89,9,524.0,136.46,948.77,99.88,99.88,11.765953185925149
1789.85,5,781.0,2114.27,1642.15,-147.69999999999982,147.69999999999982,8.2520881638126
494.63,3,200.0,58.24,455.03,-39.60000000000002,39.60000000000002,8.005984271071311
1649.42,5,503.0,2335.55,1608.95,-40.47000000000003,40.47000000000003,2.453589746698841
1872.89,11,667.0,2221.67,1751.88,-121.00999999999999,121.00999999999999,6.4611376001794
1691.68,7,336.0,1843.58,1563.86,-127.82000000000016,127.82000000000016,7.555802515842249
1455.37,4,217.0,1506.46,1213.02,-242.3499999999999,242.3499999999999,16.652122827871946
1479.01,8,207.0,1146.93,1245.67,-233.33999999999992,233.33999999999992,15.776769595878317
1710.98,7,690.0,1807.71,1717.5,6.519999999999982,6.519999999999982,0.38106815976808506
1285.2,2,251.0,1916.43,1264.12,-21.080000000000155,21.080000000000155,1.6402116402116522
1337.63,4,627.0,956.98,1126.11,-211.5200000000002,211.5200000000002,15.813042470638383
448.34,1,432.0,581.71,523.59,75.25000000000006,75.25000000000006,16.784137038854453
1691.15,4,1194.0,2250.51,1666.53,-24.62000000000012,24.62000000000012,1.4558140910031705
774.64,10,64.0,455.9,955.67,181.02999999999997,181.02999999999997,23.3695652173913
657.8,8,15.0,377.85,791.64,133.84000000000003,133.84000000000003,20.34660991182731
1878.06,11,741.0,1207.39,1664.28,-213.77999999999997,213.77999999999997,11.3830229066164
1483.06,8,638.0,1007.48,1365.51,-117.54999999999995,117.54999999999995,7.92617965557698
1879.09,12,965.0,1700.28,1950.41,71.32000000000016,71.32000000000016,3.795454182609676
1840.75,8,1182.0,990.07,1728.09,-112.66000000000008,112.66000000000008,6.120331386663049
2090.54,13,1062.0,869.28,1745.76,-344.78,344.78,16.49238952615114
1346.14,1,754.0,1220.47,1245.21,-100.93000000000006,100.93000000000006,7.497734262409559
1292.77,14,767.0,186.47,1341.19,48.42000000000007,48.42000000000007,3.745445825630241
1809.29,11,775.0,1752.23,1842.85,33.559999999999945,33.559999999999945,1.8548712478375466
1561.41,8,592.0,1402.98,1536.17,-25.24000000000001,25.24000000000001,1.6164876617928672
1448.72,6,957.0,727.75,1449.94,1.2200000000000273,1.2200000000000273,0.08421227014192026
1726.51,9,800.0,2167.72,1870.38,143.87000000000012,143.87000000000012,8.332995464839481
1107.96,6,1198.0,222.6,1339.98,232.01999999999998,232.01999999999998,20.94118921260695
1462.01,3,1092.0,1737.65,1523.51,61.5,61.5,4.206537574982387
1791.69,12,958.0,2499.84,1846.07,54.37999999999988,54.37999999999988,3.03512326351098
2000.42,11,955.0,1282.19,1793.21,-207.21000000000004,207.21000000000004,10.358324751802122
1711.55,11,605.0,1880.69,1777.79,66.24000000000001,66.24000000000001,3.8701761561158023
1702.81,7,670.0,1558.02,1592.19,-110.61999999999989,110.61999999999989,6.496320787404343
1787.57,11,844.0,1962.77,1835.64,48.070000000000164,48.070000000000164,2.6891254608211237
1416.98,3,718.0,1158.02,1209.94,-207.03999999999996,207.03999999999996,14.611356547022538
1608.55,6,323.0,1477.23,1350.08,-258.47,258.47,16.068508905536046
1828.37,14,616.0,2374.41,1857.45,29.080000000000155,29.080000000000155,1.5904877021609496
1662.92,8,752.0,1519.78,1661.91,-1.009999999999991,1.009999999999991,0.060736535732325715
1412.13,1,1166.0,1423.69,1446.14,34.00999999999999,34.00999999999999,2.4084184883827966
1451.85,3,1187.0,1632.14,1642.01,190.16000000000008,190.16000000000008,13.097771808382417
711.07,3,1013.0,166.52,860.06,148.9899999999999,148.9899999999999,20.952930091270886
951.92,5,741.0,429.24,973.79,21.870000000000005,21.870000000000005,2.2974619715942524
1809.83,14,467.0,2176.26,1840.2,30.37000000000012,30.37000000000012,1.6780581601586957
406.36,3,224.0,358.77,610.3,203.93999999999994,203.93999999999994,50.18702628211437
751.16,3,712.0,512.23,896.06,144.89999999999998,144.89999999999998,19.290164545502954
1371.86,12,218.0,901.03,1342.2,-29.659999999999854,29.659999999999854,2.1620281952968856
956.61,6,373.0,587.38,942.87,-13.740000000000009,13.740000000000009,1.4363220121052476
1478.31,8,562.0,2479.33,1714.52,236.21000000000004,236.21000000000004,15.97838071852318
1454.05,5,132.0,2387.03,1540.27,86.22000000000003,86.22000000000003,5.92964478525498
866.05,3,98.0,871.46,802.74,-63.309999999999945,63.309999999999945,7.3102014895213845
1977.89,14,545.0,1206.76,1736.62,-241.2700000000002,241.2700000000002,12.198352790094505
1398.94,1,869.0,1498.88,1458.47,59.52999999999997,59.52999999999997,4.255364776187682
640.56,2,875.0,393.25,856.89,216.33000000000004,216.33000000000004,33.77201198950919
1718.71,8,888.0,2296.07,2079.5,360.78999999999996,360.78999999999996,20.991906720738225
1376.59,1,716.0,1396.41,1364.7,-11.889999999999873,11.889999999999873,0.8637284885114576
2214.64,8,1025.0,1031.33,2047.0,-167.63999999999987,167.63999999999987,7.569627569266331
1810.94,9,1064.0,2016.76,1984.96,174.01999999999998,174.01999999999998,9.60937413718842
1607.34,4,463.0,1963.41,1492.35,-114.99000000000001,114.99000000000001,7.154055769158985
1370.31,1,678.0,1478.57,1417.71,47.40000000000009,47.40000000000009,3.459071305033175
1154.03,1,436.0,1358.14,934.35,-219.67999999999995,219.67999999999995,19.035900279888736
1661.61,5,586.0,2135.36,1605.45,-56.159999999999854,56.159999999999854,3.379854478487723
543.18,1,797.0,126.8,475.73,-67.44999999999993,67.44999999999993,12.417614786995092
877.17,14,481.0,939.99,805.93,-71.24000000000001,71.24000000000001,8.121572785206974
1557.94,7,172.0,1486.86,1341.75,-216.19000000000005,216.19000000000005,13.87665763764972
1157.87,10,1192.0,23.47,1236.79,78.92000000000007,78.92000000000007,6.815963795590186
1351.69,7,981.0,658.85,1507.94,156.25,156.25,11.559603163447239
1701.23,10,692.0,1671.71,1782.85,81.61999999999989,81.61999999999989,4.797705189774451
1979.83,13,710.0,2223.86,1857.04,-122.78999999999996,122.78999999999996,6.202047650555855
1787.41,12,380.0,1526.79,1805.31,17.899999999999864,17.899999999999864,1.0014490240067955
1373.4,3,133.0,1728.5,1331.76,-41.6400000000001,41.6400000000001,3.031891655744874
1250.66,4,730.0,799.25,1094.79,-155.87000000000012,155.87000000000012,12.463019525690445
2030.76,12,1070.0,1055.51,1786.43,-244.32999999999993,244.32999999999993,12.0314562035888
1545.67,8,1185.0,554.98,1591.65,45.98000000000002,45.98000000000002,2.974761753802559
1600.1,11,456.0,2223.72,1691.27,91.17000000000007,91.17000000000007,5.697768889444415
1466.31,12,85.0,1056.43,1359.38,-106.92999999999984,106.92999999999984,7.292455210698955
544.12,2,543.0,103.37,573.08,28.960000000000036,28.960000000000036,5.322355362787627
1606.76,6,367.0,1947.68,1524.75,-82.00999999999999,82.00999999999999,5.104060345042196
1215.84,1,481.0,1792.17,1172.52,-43.319999999999936,43.319999999999936,3.562968811685743
1562.23,5,233.0,1862.04,1507.87,-54.36000000000013,54.36000000000013,3.4796412820135405
922.69,1,45.0,1070.22,704.13,-218.56000000000006,218.56000000000006,23.687262244090654
1523.75,5,152.0,2444.81,1550.03,26.279999999999973,26.279999999999973,1.7246923707957325
1514.4,7,344.0,1242.05,1298.4,-216.0,216.0,14.263074484944532
1584.73,5,320.0,1584.55,1347.93,-236.79999999999995,236.79999999999995,14.942608520063352
1193.72,9,989.0,378.12,1267.06,73.33999999999992,73.33999999999992,6.143819321113822
1237.07,10,57.0,936.89,1184.47,-52.59999999999991,52.59999999999991,4.251982507052949
1659.5,12,342.0,2253.61,1701.41,41.91000000000008,41.91000000000008,2.525459475745712
1519.98,2,983.0,2109.93,1581.81,61.82999999999993,61.82999999999993,4.06781668179844
1749.93,10,886.0,1990.03,1797.59,47.659999999999854,47.659999999999854,2.7235375129290804
1116.56,10,5.0,836.86,1113.69,-2.869999999999891,2.869999999999891,0.25703947839792674
457.49,3,80.0,517.54,624.33,166.84000000000003,166.84000000000003,36.468556689763716
631.81,8,482.0,1411.49,508.95,-122.85999999999996,122.85999999999996,19.445719440971175
426.22,4,11.0,312.01,547.89,121.66999999999996,121.66999999999996,28.546290648022136
1798.38,12,1075.0,2328.11,1901.51,103.12999999999988,103.12999999999988,5.734605589474965
1396.28,13,632.0,268.91,1269.76,-126.51999999999998,126.51999999999998,9.061219812645028
703.45,8,323.0,46.48,765.6,62.14999999999998,62.14999999999998,8.835027365129003
1806.06,11,527.0,1550.32,1797.77,-8.289999999999964,8.289999999999964,0.45901022114436757
1499.68,5,948.0,898.6,1427.11,-72.57000000000016,72.57000000000016,4.839032326896415
1628.66,5,504.0,1502.63,1388.3,-240.36000000000013,240.36000000000013,14.758144732479469
2007.62,10,793.0,1422.29,1843.66,-163.9599999999998,163.9599999999998,8.166884171307311
805.12,13,32.0,232.43,991.78,186.65999999999997,186.65999999999997,23.184121621621617
1666.18,9,768.0,1815.6,1856.49,190.30999999999995,190.30999999999995,11.42193520507988
1849.58,9,994.0,1742.62,1926.92,77.34000000000015,77.34000000000015,4.181489851750135
1387.17,1,1105.0,1432.3,1443.83,56.659999999999854,56.659999999999854,4.084575070106753
907.19,12,178.0,507.59,1135.2,228.01,228.01,25.133654471499906
924.65,10,472.0,431.95,1121.2,196.55000000000007,196.55000000000007,21.25669172119181
1492.08,5,716.0,1111.23,1291.66,-200.41999999999985,200.41999999999985,13.432255643129047
1166.93,3,771.0,725.67,1024.55,-142.3800000000001,142.3800000000001,12.201246004473285
2162.03,13,1054.0,1131.25,1868.56,-293.47000000000025,293.47000000000025,13.573817199576336
1776.62,10,872.0,2191.27,1767.83,-8.789999999999964,8.789999999999964,0.49475971226260906
1387.43,12,1077.0,32.55,1296.4,-91.02999999999997,91.02999999999997,6.561051728735862
1285.23,12,211.0,749.56,1266.15,-19.079999999999927,19.079999999999927,1.4845591839592858
1400.57,4,199.0,1310.01,1110.52,-290.04999999999995,290.04999999999995,20.709425448210368
1577.55,2,1029.0,1702.6,1554.83,-22.720000000000027,22.720000000000027,1.4402079173401812
1685.92,10,643.0,2263.77,1693.06,7.139999999999873,7.139999999999873,0.4235076397456506
1724.42,10,797.0,1706.73,1808.4,83.98000000000002,83.98000000000002,4.870043260922514
1113.16,12,657.0,322.5,1253.87,140.7099999999998,140.7099999999998,12.640590750655772
751.58,8,177.0,486.06,914.11,162.52999999999997,162.52999999999997,21.62510976875382
437.4,2,222.0,456.24,603.85,166.45000000000005,166.45000000000005,38.0544124371285
1458.63,3,555.0,2342.76,1477.16,18.529999999999973,18.529999999999973,1.2703701418454283
1522.76,2,785.0,1964.63,1495.88,-26.87999999999988,26.87999999999988,1.765215792376992
464.68,5,104.0,281.67,626.2,161.52000000000004,161.52000000000004,34.75940432125334
1372.83,1,673.0,2026.16,1440.08,67.25,67.25,4.898640035547009
1897.37,10,877.0,1711.12,1830.72,-66.64999999999986,66.64999999999986,3.5127571322409374
1145.33,1,250.0,1300.17,866.54,-278.78999999999996,278.78999999999996,24.341456174203067
221.23,1,467.0,296.49,129.58,-91.64999999999998,91.64999999999998,41.427473669936255
1865.67,10,1026.0,828.82,1552.93,-312.74,312.74,16.7628787513333
2050.62,11,1106.0,2250.54,1873.74,-176.87999999999988,176.87999999999988,8.625683939491466
1243.1,12,452.0,816.56,1403.04,159.94000000000005,159.94000000000005,12.866221542916906
1885.87,14,865.0,2497.16,1912.95,27.080000000000155,27.080000000000155,1.435942032059482
1468.19,8,107.0,2450.89,1517.05,48.8599999999999,48.8599999999999,3.327907150981814
1365.73,8,80.0,1092.18,1164.16,-201.56999999999994,201.56999999999994,14.759139800692664
1625.53,8,945.0,766.98,1609.47,-16.059999999999945,16.059999999999945,0.9879854570509278
2214.64,13,1140.0,1607.8,2058.87,-155.76999999999998,155.76999999999998,7.033648809738828
1435.96,2,636.0,1438.19,1256.82,-179.1400000000001,179.1400000000001,12.475277862893124
1921.18,14,865.0,1422.11,2050.56,129.37999999999988,129.37999999999988,6.734402814936648
1746.74,12,482.0,1710.47,1810.97,64.23000000000002,64.23000000000002,3.677135692776259
648.53,2,68.0,756.61,681.79,33.25999999999999,33.25999999999999,5.12852142537739
1306.64,14,512.0,526.84,1394.57,87.92999999999984,87.92999999999984,6.729474070899393
2080.0,14,1001.0,1647.24,2060.64,-19.360000000000127,19.360000000000127,0.9307692307692369
616.27,1,547.0,573.6,542.31,-73.96000000000004,73.96000000000004,12.001233225696534
1610.25,10,5.0,1338.9,1628.97,18.720000000000027,18.720000000000027,1.1625523986958564
1361.3,3,1158.0,1107.4,1376.5,15.200000000000045,15.200000000000045,1.1165797399544586
1328.85,1,993.0,1143.58,1223.67,-105.17999999999984,105.17999999999984,7.915114572750863
1215.96,6,378.0,837.63,1065.66,-150.29999999999995,150.29999999999995,12.36060396723576
1988.56,11,1156.0,2231.86,1890.43,-98.12999999999988,98.12999999999988,4.934726636359973
1430.04,5,1050.0,882.86,1442.96,12.920000000000073,12.920000000000073,0.9034712315739472
1606.63,8,836.0,735.52,1577.32,-29.310000000000173,29.310000000000173,1.8243154926772296
1870.43,11,654.0,1516.42,1838.43,-32.0,32.0,1.7108365456071597
1639.12,8,633.0,1308.36,1508.36,-130.76,130.76,7.9774513153399385
1873.19,12,713.0,1642.01,1885.8,12.6099999999999,12.6099999999999,0.6731831794959348
1312.16,5,96.0,1105.47,1019.8,-292.3600000000001,292.3600000000001,22.280819412266805
1344.18,7,1054.0,576.47,1496.88,152.70000000000005,152.70000000000005,11.360085702807662
1831.92,12,495.0,1948.13,1784.27,-47.65000000000009,47.65000000000009,2.6010961177344036
1421.45,1,1068.0,2011.28,1325.59,-95.86000000000013,95.86000000000013,6.7438179323929885
1971.23,7,1000.0,1620.46,1814.72,-156.51,156.51,7.939712768170127
1951.77,13,855.0,1798.75,1952.92,1.150000000000091,1.150000000000091,0.058920876947595825
1483.77,8,544.0,1279.51,1455.83,-27.940000000000055,27.940000000000055,1.8830411721493259
1077.12,11,816.0,544.99,702.55,-374.56999999999994,374.56999999999994,34.775141117052875
1664.76,5,1080.0,2383.82,1728.6,63.83999999999992,63.83999999999992,3.834786996323789
1833.27,8,1124.0,1908.69,2005.62,172.3499999999999,172.3499999999999,9.401233860806096
1269.1,3,29.0,1632.85,1139.78,-129.31999999999994,129.31999999999994,10.189898353163656
1628.6,6,470.0,2235.72,1569.45,-59.149999999999864,59.149999999999864,3.6319538253714763
1558.09,7,287.0,2293.5,1542.6,-15.490000000000009,15.490000000000009,0.99416593393193
1302.97,4,72.0,1367.29,1083.01,-219.96000000000004,219.96000000000004,16.88143241977943
800.18,6,344.0,233.31,759.62,-40.559999999999945,40.559999999999945,5.068859506611005
1780.65,8,801.0,1241.21,1729.48,-51.17000000000007,51.17000000000007,2.8736697273467593
1029.87,5,629.0,484.34,951.74,-78.12999999999988,78.12999999999988,7.586394399293105
1356.46,11,327.0,961.08,1365.88,9.420000000000073,9.420000000000073,0.6944546835144474
1180.63,14,94.0,105.94,1010.29,-170.34000000000015,170.34000000000015,14.427890194218351
1695.08,4,1113.0,2103.82,1635.74,-59.33999999999992,59.33999999999992,3.5007197300422352
1968.4,14,267.0,2090.21,1794.02,-174.3800000000001,174.3800000000001,8.858971753708602
1313.53,1,979.0,1292.54,1327.35,13.819999999999936,13.819999999999936,1.052126711989824
1229.41,10,625.0,519.94,1230.01,0.599999999999909,0.599999999999909,0.0488038978046306
1492.64,14,457.0,848.61,1525.8,33.159999999999854,33.159999999999854,2.221567156179645
1154.77,11,398.0,723.39,1282.13,127.36000000000013,127.36000000000013,11.029036085107869
866.76,14,68.0,438.96,1159.52,292.76,292.76,33.77636254557201
1587.8,3,769.0,2497.93,1535.26,-52.539999999999964,52.539999999999964,3.308980979972286
1815.02,13,694.0,1054.31,1675.23,-139.78999999999996,139.78999999999996,7.701843505856683
1883.21,12,1088.0,1977.91,1950.06,66.84999999999991,66.84999999999991,3.549789986246882
1281.64,9,101.0,950.23,1157.42,-124.22000000000003,124.22000000000003,9.69226927998502
1209.08,1,170.0,2452.85,1459.15,250.07000000000016,250.07000000000016,20.6826678135442
1447.39,12,1135.0,475.95,1535.29,87.89999999999986,87.89999999999986,6.073000366176349
1436.66,3,1109.0,2092.26,1562.36,125.69999999999982,125.69999999999982,8.749460554341306
1084.79,7,753.0,358.13,1049.86,-34.930000000000064,34.930000000000064,3.2199780602697357
667.85,2,521.0,467.19,738.89,71.03999999999996,71.03999999999996,10.637119113573402
1996.18,12,1003.0,983.23,1722.51,-273.6700000000001,273.6700000000001,13.709685499303673
799.12,3,269.0,708.05,798.19,-0.92999999999995,0.92999999999995,0.11637801581739288
1931.21,14,646.0,2418.19,1860.43,-70.77999999999997,70.77999999999997,3.6650597293924516
1292.93,14,1153.0,346.58,1585.88,292.95000000000005,292.95000000000005,22.657839171494206
380.88,4,18.0,289.06,539.87,158.99,158.99,41.7428061331653
2197.33,13,1167.0,1074.36,1890.18,-307.14999999999986,307.14999999999986,13.97832824382318
1403.6,1,1113.0,1536.0,1264.24,-139.3599999999999,139.3599999999999,9.928754630948982
1788.75,6,930.0,1907.95,1816.19,27.440000000000055,27.440000000000055,1.534032145352903
1164.2,5,714.0,617.72,1052.92,-111.27999999999997,111.27999999999997,9.55849510393403
1548.87,7,256.0,2180.53,1529.14,-19.72999999999979,19.72999999999979,1.2738318903458516
1761.94,9,1063.0,2497.79,1984.52,222.57999999999993,222.57999999999993,12.632666265593603
1710.53,11,512.0,2016.19,1733.85,23.319999999999936,23.319999999999936,1.363320140541232
1476.48,9,463.0,1024.53,1350.35,-126.13000000000011,126.13000000000011,8.542614867793679
1829.06,12,714.0,2003.23,1839.85,10.789999999999964,10.789999999999964,0.5899205056149041
1945.95,9,1165.0,1868.79,2028.79,82.83999999999992,82.83999999999992,4.2570466867082875
1456.34,1,872.0,2420.07,1423.35,-32.99000000000001,32.99000000000001,2.2652677259431186
1730.86,10,631.0,1220.71,1570.39,-160.4699999999998,160.4699999999998,9.271113781588332
1384.78,9,633.0,888.17,1358.4,-26.37999999999988,26.37999999999988,1.9049957393954189
781.82,4,1065.0,119.34,912.46,130.64,130.64,16.70972858202655
1225.63,12,947.0,193.05,1317.34,91.70999999999981,91.70999999999981,7.482682375594576
647.0,4,159.0,568.58,735.79,88.78999999999996,88.78999999999996,13.723338485316841
363.02,1,292.0,449.83,425.96,62.94,62.94,17.337887719684865
1192.88,1,1115.0,926.13,1086.34,-106.54000000000019,106.54000000000019,8.931325866809752
1639.55,7,1168.0,667.94,1548.95,-90.59999999999991,90.59999999999991,5.525906498734404
1507.04,4,348.0,2047.08,1477.83,-29.210000000000036,29.210000000000036,1.93823654315745
1485.69,8,77.0,1930.98,1504.03,18.339999999999918,18.339999999999918,1.2344432553224371
2119.83,7,1033.0,1013.03,2047.0,-72.82999999999993,72.82999999999993,3.4356528589556676
1612.43,4,672.0,1603.52,1457.27,-155.16000000000008,155.16000000000008,9.622743312888007
1478.93,4,1191.0,999.45,1391.36,-87.57000000000016,87.57000000000016,5.9211727397510465
978.13,8,392.0,661.27,1091.87,113.7399999999999,113.7399999999999,11.62831116518253
1253.76,7,951.0,584.4,1478.37,224.6099999999999,224.6099999999999,17.914911944869825
1643.96,5,778.0,2423.47,1672.47,28.50999999999999,28.50999999999999,1.7342271101486648
1900.18,11,958.0,1999.13,1863.59,-36.590000000000146,36.590000000000146,1.9256070477533784
1152.04,3,186.0,1068.31,935.81,-216.23000000000002,216.23000000000002,18.7693135655012
1711.97,5,1116.0,2460.46,1743.43,31.460000000000036,31.460000000000036,1.8376490242235575
710.25,13,63.0,107.92,945.22,234.97000000000003,234.97000000000003,33.08271735304471
600.23,6,170.0,476.99,408.8,-191.43,191.43,31.89277443646602
795.8,3,870.0,413.23,916.92,121.12,121.12,15.219904498617746
1944.89,12,852.0,1957.9,1885.12,-59.77000000000021,59.77000000000021,3.0731815166924714
929.16,6,420.0,386.77,866.57,-62.58999999999992,62.58999999999992,6.736191829179035
1796.98,6,668.0,1922.45,1655.38,-141.5999999999999,141.5999999999999,7.879887366581705
644.69,8,795.0,1645.99,888.12,243.42999999999995,243.42999999999995,37.759233119794
1238.04,4,420.0,927.74,1022.18,-215.86,215.86,17.435624050919195
1843.97,12,1074.0,2407.71,1891.04,47.069999999999936,47.069999999999936,2.5526445658009584
1740.85,12,916.0,2394.85,1847.5,106.65000000000009,106.65000000000009,6.126317603469575
1023.65,4,1075.0,586.17,1141.81,118.15999999999997,118.15999999999997,11.543007864016017
1745.09,5,1143.0,1217.72,1567.41,-177.67999999999984,177.67999999999984,10.181709825854245
755.3,2,719.0,591.44,884.71,129.41000000000008,129.41000000000008,17.133589302264014
1416.33,4,197.0,1858.84,1428.96,12.63000000000011,12.63000000000011,0.8917413314693687
710.15,6,248.0,395.4,796.08,85.93000000000006,85.93000000000006,12.100260508343318
1883.49,10,834.0,1820.8,1804.38,-79.1099999999999,79.1099999999999,4.200181577815646
1423.85,1,1112.0,2011.44,1313.02,-110.82999999999993,110.82999999999993,7.783825543421003
2162.13,12,1189.0,1453.16,2046.11,-116.02000000000021,116.02000000000021,5.366004819321697
1832.34,14,269.0,1349.61,1889.38,57.04000000000019,57.04000000000019,3.112959385266937
1600.42,7,671.0,1262.85,1450.35,-150.07000000000016,150.07000000000016,9.37691356019046
601.81,9,52.0,350.58,847.13,245.32000000000005,245.32000000000005,40.76369618318075
1995.87,14,976.0,1526.58,2068.93,73.05999999999995,73.05999999999995,3.660559054447431
1311.23,2,370.0,1554.5,1197.44,-113.78999999999996,113.78999999999996,8.67811139159415
1565.16,4,1180.0,1948.55,1633.54,68.37999999999988,68.37999999999988,4.368882414577416
1410.58,5,36.0,2022.94,1484.76,74.18000000000006,74.18000000000006,5.2588297012576435
1465.26,5,691.0,1030.64,1241.96,-223.29999999999995,223.29999999999995,15.239616177333712
1485.05,8,52.0,2353.5,1493.18,8.13000000000011,8.13000000000011,0.5474563146022093
1569.37,11,24.0,2029.04,1592.64,23.27000000000021,23.27000000000021,1.4827605982018397
1287.0,8,221.0,936.98,1150.55,-136.45000000000005,136.45000000000005,10.602175602175606
175.53,1,85.0,89.83,194.48,18.94999999999999,18.94999999999999,10.795875348943195
1146.78,7,803.0,12.75,1268.11,121.32999999999993,121.32999999999993,10.580058947662144
1862.13,12,893.0,910.41,1639.67,-222.46000000000004,222.46000000000004,11.94653434507795
1703.02,14,113.0,1091.13,1493.4,-209.6199999999999,209.6199999999999,12.308722152411592
669.85,5,516.0,1878.49,533.95,-135.89999999999998,135.89999999999998,20.28812420691199
1970.01,14,904.0,2005.96,1986.98,16.970000000000027,16.970000000000027,0.8614169471220972
1465.9,1,1058.0,1601.04,1286.61,-179.2900000000002,179.2900000000002,12.230711508288437
1201.26,14,555.0,313.73,1310.52,109.25999999999999,109.25999999999999,9.095449777733378
1429.72,7,738.0,730.28,1222.73,-206.99,206.99,14.477659961391042
1556.7,8,792.0,2437.24,1814.34,257.6399999999999,257.6399999999999,16.55039506648679
901.36,5,831.0,432.8,1256.52,355.15999999999997,355.15999999999997,39.402680394071176
1116.62,7,709.0,320.8,1012.77,-103.84999999999991,103.84999999999991,9.30038867295946
1260.96,9,1078.0,161.85,1201.44,-59.51999999999998,59.51999999999998,4.720213170917395
1163.1,2,616.0,968.93,1021.96,-141.13999999999987,141.13999999999987,12.134812139970757
1423.86,2,570.0,2297.12,1402.57,-21.289999999999964,21.289999999999964,1.4952312727374857
1271.52,9,13.0,986.41,1136.67,-134.8499999999999,134.8499999999999,10.60541713854284
1705.27,7,381.0,2106.96,1583.39,-121.87999999999988,121.87999999999988,7.147255273358464
1624.68,9,460.0,2424.47,1722.82,98.13999999999987,98.13999999999987,6.0405741438313925
1449.26,4,425.0,1286.54,1197.29,-251.97000000000003,251.97000000000003,17.386114292811506
1630.47,11,437.0,1053.24,1458.04,-172.43000000000006,172.43000000000006,10.575478236336766
1778.65,9,1000.0,1901.79,1957.18,178.52999999999997,178.52999999999997,10.037387906558342
1295.34,1,553.0,1687.11,1131.44,-163.89999999999986,163.89999999999986,12.65304862043941
1361.08,10,5.0,1094.06,1237.66,-123.41999999999985,123.41999999999985,9.067799100714128
1663.58,12,931.0,864.21,1633.89,-29.689999999999827,29.689999999999827,1.7847052741677485
1389.11,6,436.0,914.53,1127.9,-261.2099999999998,261.2099999999998,18.8041263830798
636.02,3,1074.0,247.32,925.48,289.46000000000004,289.46000000000004,45.51114744819346
1727.1,9,896.0,1398.54,1718.54,-8.559999999999945,8.559999999999945,0.4956285102194398
1202.9,1,462.0,2047.57,1303.57,100.66999999999985,100.66999999999985,8.368941724166584
1490.96,3,665.0,2418.16,1506.59,15.629999999999882,15.629999999999882,1.0483178623168885
1653.69,11,532.0,2419.86,1687.9,34.210000000000036,34.210000000000036,2.06870695233085
949.04,9,483.0,52.64,890.57,-58.469999999999914,58.469999999999914,6.16096265700075
981.72,12,296.0,326.83,1099.29,117.56999999999994,117.56999999999994,11.975919814203635
1557.2,9,131.0,1990.0,1580.03,22.829999999999927,22.829999999999927,1.4660929874133013
1718.79,6,836.0,2035.17,1837.09,118.29999999999995,118.29999999999995,6.882748910570806
1631.49,10,532.0,1223.36,1528.7,-102.78999999999996,102.78999999999996,6.300375730160771
1989.13,14,595.0,2140.61,1881.37,-107.76000000000022,107.76000000000022,5.417443807091553
1739.49,7,623.0,1894.02,1688.42,-51.069999999999936,51.069999999999936,2.9359179989537125
1665.23,5,1077.0,2234.35,1713.06,47.82999999999993,47.82999999999993,2.872275901827371
1468.01,5,579.0,1018.52,1187.51,-280.5,280.5,19.10749926771616
1510.91,8,255.0,1817.19,1581.28,70.36999999999989,70.36999999999989,4.657458088172022
1903.76,8,1009.0,1378.07,1815.02,-88.74000000000001,88.74000000000001,4.66130184477035
781.97,10,87.0,498.96,986.41,204.43999999999994,204.43999999999994,26.144225481795967
1447.25,1,809.0,1734.56,1371.44,-75.80999999999995,75.80999999999995,5.238210399032645
1763.16,9,1079.0,1981.94,1991.47,228.30999999999995,228.30999999999995,12.948909911749357
2073.13,8,1134.0,1049.84,2047.0,-26.13000000000011,26.13000000000011,1.2604129987024502
895.14,8,403.0,654.97,1093.61,198.4699999999999,198.4699999999999,22.171950756306266
916.02,8,534.0,429.88,1041.97,125.95000000000005,125.95000000000005,13.749699788214237
1745.09,13,564.0,2245.56,1812.5,67.41000000000008,67.41000000000008,3.8628380198156016
1144.41,2,752.0,958.29,1075.85,-68.56000000000017,68.56000000000017,5.990859919084958
1673.7,11,293.0,1410.0,1748.81,75.1099999999999,75.1099999999999,4.487662066081131
1119.17,5,919.0,470.23,1286.26,167.08999999999992,167.08999999999992,14.92981405863273
573.58,5,103.0,333.22,650.61,77.02999999999997,77.02999999999997,13.429687227588124
570.71,1,893.0,19.76,413.08,-157.63000000000005,157.63000000000005,27.619982127525372
789.01,12,37.0,52.65,854.73,65.72000000000003,65.72000000000003,8.329425482566764
1827.44,8,1142.0,776.74,1652.73,-174.71000000000004,174.71000000000004,9.560368603073153
801.73,5,332.0,218.03,694.48,-107.25,107.25,13.377321542165069
2032.23,7,950.0,1739.62,1842.06,-190.17000000000007,190.17000000000007,9.357700653961414
1623.73,9,223.0,1916.03,1619.96,-3.769999999999982,3.769999999999982,0.23218145874006035
1577.01,6,522.0,1210.87,1308.06,-268.95000000000005,268.95000000000005,17.054425780432595
1666.29,12,46.0,2077.07,1639.35,-26.940000000000055,26.940000000000055,1.6167653889779123
1300.19,2,252.0,1545.94,1142.1,-158.09000000000015,158.09000000000015,12.158992147301559
1510.57,14,999.0,619.42,1650.56,139.99,139.99,9.267362651184653
1721.56,13,125.0,2004.61,1717.79,-3.769999999999982,3.769999999999982,0.21898743000534293
990.84,9,597.0,625.99,620.37,-370.47,370.47,37.38948770739978
969.85,3,289.0,853.79,877.11,-92.74000000000001,92.74000000000001,9.562303448986958
1833.56,7,953.0,1918.24,1898.94,65.38000000000011,65.38000000000011,3.565740962935498
1483.58,4,275.0,2359.64,1494.56,10.980000000000018,10.980000000000018,0.7401016460184161
1729.08,5,755.0,1584.41,1536.66,-192.41999999999985,192.41999999999985,11.128461378305216
1589.75,9,803.0,880.17,1428.32,-161.43000000000006,161.43000000000006,10.154426796666147
966.87,11,293.0,285.14,1025.32,58.44999999999993,58.44999999999993,6.045280130731115
1535.3,6,164.0,1460.21,1272.87,-262.43000000000006,262.43000000000006,17.09307627173843
1807.33,12,675.0,2277.93,1793.53,-13.799999999999955,13.799999999999955,0.763557291695482
1267.98,11,859.0,146.71,1204.24,-63.74000000000001,63.74000000000001,5.0268931686619664
1354.0,2,296.0,1878.7,1283.65,-70.34999999999991,70.34999999999991,5.1957163958641
1634.04,7,300.0,2417.85,1548.24,-85.79999999999995,85.79999999999995,5.25078945435852
1543.17,2,1155.0,1517.18,1520.14,-23.029999999999973,23.029999999999973,1.4923825631654304
1038.42,5,765.0,480.48,1008.9,-29.520000000000095,29.520000000000095,2.842780377881791
1728.07,9,1097.0,2330.2,1999.28,271.21000000000004,271.21000000000004,15.694387380140853
1491.9,4,422.0,2049.71,1492.82,0.9199999999998454,0.9199999999998454,0.061666331523550194
1406.95,14,1020.0,510.33,1607.09,200.13999999999987,200.13999999999987,14.22509684068374
682.22,4,205.0,545.57,744.66,62.43999999999994,62.43999999999994,9.152472809357675
1875.72,12,1046.0,1850.85,1954.31,78.58999999999992,78.58999999999992,4.189857761286328
1116.31,4,1001.0,739.08,1183.4,67.09000000000015,67.09000000000015,6.009979306823387
1632.1,9,938.0,742.17,1420.4,-211.69999999999982,211.69999999999982,12.97101893266343
883.11,5,351.0,407.74,794.16,-88.95000000000005,88.95000000000005,10.072357916907299
1249.66,9,748.0,653.42,1295.16,45.5,45.5,3.6409903493750297
1906.35,13,1186.0,2462.26,1962.66,56.31000000000017,56.31000000000017,2.9538122590290437
1682.33,6,384.0,1656.04,1462.74,-219.58999999999992,219.58999999999992,13.052730439331162
844.9,10,150.0,418.41,974.92,130.01999999999998,130.01999999999998,15.388803408687417
993.55,10,783.0,158.93,1124.58,131.02999999999997,131.02999999999997,13.188063006391221
1742.34,6,372.0,2494.69,1526.92,-215.41999999999985,215.41999999999985,12.36383254703444
1827.18,10,958.0,1643.76,1862.51,35.32999999999993,35.32999999999993,1.9335807090708046
1438.52,8,34.0,1225.2,1208.31,-230.21000000000004,230.21000000000004,16.003253343714377
1516.58,7,151.0,2461.93,1483.57,-33.00999999999999,33.00999999999999,2.1766078940774634
1500.09,7,150.0,1379.35,1280.39,-219.69999999999982,219.69999999999982,14.645787919391493
1757.81,6,751.0,2085.98,1691.4,-66.40999999999985,66.40999999999985,3.7779964842616587
738.92,7,568.0,159.12,873.65,134.73000000000002,134.73000000000002,18.233367617604074
1785.72,12,574.0,2240.9,1769.39,-16.329999999999927,16.329999999999927,0.9144770736733601
1190.16,13,36.0,808.38,1271.12,80.95999999999981,80.95999999999981,6.8024467298514315
1889.9,14,595.0,1818.77,1922.57,32.669999999999845,32.669999999999845,1.728662892216511
1705.24,7,381.0,2342.27,1583.39,-121.84999999999991,121.84999999999991,7.145621730665473
1295.14,14,174.0,815.3,1386.92,91.77999999999997,91.77999999999997,7.086492579952744
1590.82,11,226.0,2013.45,1652.4,61.580000000000155,61.580000000000155,3.8709596308821967
1777.72,13,137.0,1505.66,1785.09,7.369999999999891,7.369999999999891,0.4145759737191397
1110.0,13,774.0,206.45,1301.28,191.27999999999997,191.27999999999997,17.23243243243243
1658.97,5,1120.0,1514.91,1656.34,-2.630000000000109,2.630000000000109,0.15853210124354924
1698.94,4,862.0,2335.55,1608.96,-89.98000000000002,89.98000000000002,5.296243540089704
2004.34,8,829.0,1147.89,1705.79,-298.54999999999995,298.54999999999995,14.895177464901163
764.24,4,380.0,446.66,772.94,8.700000000000045,8.700000000000045,1.138385847377793
1560.78,9,238.0,1197.83,1336.23,-224.54999999999995,224.54999999999995,14.387037250605465
1634.13,13,1199.0,493.0,1623.85,-10.2800000000002,10.2800000000002,0.6290809176748606
1921.09,12,710.0,1249.41,1723.65,-197.43999999999983,197.43999999999983,10.277498711668889
1980.99,14,719.0,1973.14,1938.27,-42.72000000000003,42.72000000000003,2.156497508821348
1198.24,1,482.0,1697.08,1122.51,-75.73000000000002,75.73000000000002,6.320102817465617
1062.52,9,444.0,725.31,1197.88,135.36000000000013,135.36000000000013,12.739524903060662
1753.56,11,610.0,1990.79,1765.13,11.570000000000164,11.570000000000164,0.6598006341385618
1483.48,4,238.0,1707.28,1421.96,-61.51999999999998,61.51999999999998,4.147005689325099
1282.8,2,299.0,1612.7,1194.68,-88.11999999999989,88.11999999999989,6.869348300592446
1155.05,10,273.0,799.9,1212.18,57.13000000000011,57.13000000000011,4.946106229167578
406.91,3,154.0,274.04,539.08,132.17000000000002,132.17000000000002,32.48138408984788
1276.06,7,636.0,697.02,1162.43,-113.62999999999988,113.62999999999988,8.904753694967313
962.14,2,1038.0,685.07,1068.29,106.14999999999998,106.14999999999998,11.032697944166127
1485.4,2,798.0,2334.41,1501.52,16.11999999999989,16.11999999999989,1.0852295677931796
1918.46,12,601.0,2166.56,1786.63,-131.82999999999993,131.82999999999993,6.871657475266617
1077.35,6,290.0,814.04,1016.1,-61.249999999999886,61.249999999999886,5.685246205968339
543.56,8,16.0,259.02,734.8,191.24,191.24,35.182868496578116
1453.25,8,303.0,1072.44,1251.43,-201.81999999999994,201.81999999999994,13.887493548942023
1632.61,11,372.0,2048.26,1689.7,57.090000000000146,57.090000000000146,3.4968547295435006
1513.04,3,864.0,2338.52,1538.23,25.190000000000055,25.190000000000055,1.6648601491037947
1758.56,11,913.0,2253.41,1818.17,59.61000000000013,59.61000000000013,3.38970521335639
1683.49,14,805.0,834.06,1669.82,-13.670000000000073,13.670000000000073,0.8120036353052332
1691.38,5,905.0,2317.31,1687.13,-4.25,4.25,0.25127410753349333
1060.47,10,728.0,226.53,1133.29,72.81999999999994,72.81999999999994,6.866766622346689
1324.64,4,842.0,893.25,1188.7,-135.94000000000005,135.94000000000005,10.262410919193142
1116.8,5,117.0,953.06,955.45,-161.3499999999999,161.3499999999999,14.447528653295121
1432.75,12,307.0,957.17,1407.88,-24.86999999999989,24.86999999999989,1.7358227185482387
704.94,9,51.0,314.81,829.45,124.50999999999999,124.50999999999999,17.662496098958773
1699.9,7,1071.0,841.11,1583.71,-116.19000000000005,116.19000000000005,6.835107947526328
1967.87,13,922.0,1510.22,2009.01,41.1400000000001,41.1400000000001,2.0905852520745833
1747.22,8,867.0,2373.39,2099.58,352.3599999999999,352.3599999999999,20.166893693982434
1952.8,11,1013.0,1483.3,1945.35,-7.4500000000000455,7.4500000000000455,0.381503482179437
1776.48,6,1148.0,1525.81,1740.29,-36.190000000000055,36.190000000000055,2.037174637485367
1625.46,12,158.0,2195.67,1656.2,30.74000000000001,30.74000000000001,1.8911569647976578
1810.37,5,1010.0,2054.21,1681.71,-128.65999999999985,128.65999999999985,7.1068345144915055
1376.04,1,682.0,1517.04,1385.58,9.539999999999964,9.539999999999964,0.6932937995988463
406.7,5,14.0,78.33,489.13,82.43,82.43,20.26801081878535
1972.88,6,1203.0,1900.48,1869.53,-103.35000000000014,103.35000000000014,5.238534528202432
1575.87,4,810.0,1852.31,1550.29,-25.579999999999927,25.579999999999927,1.6232303426043981
1522.45,3,760.0,2073.25,1491.0,-31.450000000000045,31.450000000000045,2.06574928569083
1403.48,7,868.0,625.09,1474.26,70.77999999999997,70.77999999999997,5.043178385156893
683.1,7,205.0,103.31,689.21,6.110000000000014,6.110000000000014,0.8944517640169835
1588.8,5,387.0,1882.35,1540.55,-48.25,48.25,3.0368831822759312
852.02,11,447.0,130.07,1017.41,165.39,165.39,19.41151616159245
1633.26,9,482.0,1348.44,1514.72,-118.53999999999996,118.53999999999996,7.2578768842682715
1459.63,7,15.0,2436.67,1424.55,-35.080000000000155,35.080000000000155,2.4033487938724303
1950.3,10,955.0,1182.33,1692.5,-257.79999999999995,257.79999999999995,13.218479208326922
1500.28,5,41.0,2314.68,1514.93,14.650000000000091,14.650000000000091,0.9764843895806177
1666.52,2,1189.0,1164.74,1365.02,-301.5,301.5,18.091592060101288
752.69,2,762.0,519.74,868.81,116.11999999999989,116.11999999999989,15.427333962188932
1714.8,10,895.0,937.46,1548.44,-166.3599999999999,166.3599999999999,9.701422906461389
1889.71,13,858.0,2258.01,1894.99,5.279999999999973,5.279999999999973,0.2794079514846179
1179.09,11,650.0,524.8,1295.77,116.68000000000006,116.68000000000006,9.89576707460839
1450.67,4,198.0,2106.63,1453.94,3.269999999999982,3.269999999999982,0.22541308498831447
1419.88,1,791.0,1927.75,1396.29,-23.590000000000146,23.590000000000146,1.6614080063104026
2337.73,14,1020.0,1201.75,1940.35,-397.3800000000001,397.3800000000001,16.998541319998463
1629.92,12,59.0,2247.39,1621.27,-8.650000000000091,8.650000000000091,0.5307008932953821
1142.89,8,626.0,545.84,1137.79,-5.100000000000136,5.100000000000136,0.4462371706813548
639.73,5,57.0,559.05,739.5,99.76999999999998,99.76999999999998,15.595641911431382
1375.88,5,908.0,716.7,1361.65,-14.230000000000018,14.230000000000018,1.0342471727185523
713.71,13,8.0,78.44,907.14,193.42999999999995,193.42999999999995,27.10204424766361
1487.93,11,684.0,672.51,1381.73,-106.20000000000005,106.20000000000005,7.1374325405093
1443.02,4,180.0,2365.46,1476.24,33.22000000000003,33.22000000000003,2.302116394783165
1915.79,13,511.0,1628.33,1876.35,-39.440000000000055,39.440000000000055,2.058680753109686
499.26,4,231.0,20.39,502.81,3.5500000000000114,3.5500000000000114,0.7110523574890861
1759.33,9,1139.0,1973.31,2017.51,258.18000000000006,258.18000000000006,14.67490465120245
1587.21,9,578.0,1167.71,1469.27,-117.94000000000005,117.94000000000005,7.430648748432787
2079.14,14,530.0,2028.06,1877.19,-201.94999999999982,201.94999999999982,9.713150629587226
837.8,7,316.0,141.89,755.97,-81.82999999999993,81.82999999999993,9.767247553115293
1437.95,2,897.0,2382.39,1544.49,106.53999999999996,106.53999999999996,7.409158872005282
1033.44,12,121.0,608.92,1159.3,125.8599999999999,125.8599999999999,12.178742839448821
1682.1,4,764.0,1417.94,1407.75,-274.3499999999999,274.3499999999999,16.309969680756193
1715.29,11,663.0,2141.08,1761.05,45.75999999999999,45.75999999999999,2.6677704644695646
1338.3,3,91.0,1640.15,1170.21,-168.08999999999992,168.08999999999992,12.559964133602325
1317.33,1,1035.0,1289.84,1333.17,15.840000000000146,15.840000000000146,1.2024321923891619
616.24,7,125.0,193.62,698.01,81.76999999999998,81.76999999999998,13.269180838634295
1183.74,12,437.0,639.96,1311.41,127.67000000000007,127.67000000000007,10.785307584435778
1392.1,4,84.0,2243.12,1042.54,-349.55999999999995,349.55999999999995,25.11026506716471
1686.98,5,716.0,1316.6,1390.65,-296.3299999999999,296.3299999999999,17.56570913703778
1556.78,12,18.0,2461.37,1582.15,25.37000000000012,25.37000000000012,1.6296458073716338
1419.48,3,560.0,1664.15,1385.32,-34.16000000000008,34.16000000000008,2.4065150618536424
568.17,3,504.0,63.39,589.45,21.280000000000086,21.280000000000086,3.7453579034444076
1336.74,5,1126.0,664.9,1389.81,53.069999999999936,53.069999999999936,3.9701063782036847
589.11,1,1092.0,390.55,703.44,114.33000000000004,114.33000000000004,19.407241431990638
862.61,11,273.0,502.37,1121.34,258.7299999999999,258.7299999999999,29.993855856064723
459.21,4,6.0,458.7,616.43,157.21999999999997,157.21999999999997,34.23705929748916
678.74,1,620.0,490.45,709.13,30.389999999999986,30.389999999999986,4.477414031882604
1645.06,5,659.0,2083.15,1614.76,-30.299999999999955,30.299999999999955,1.8418781077893787
1765.67,12,353.0,2150.17,1717.8,-47.87000000000012,47.87000000000012,2.711152140547221
2000.39,13,618.0,1982.27,1861.65,-138.74,138.74,6.9356475487279985
1528.91,2,1158.0,2355.92,1657.76,128.8499999999999,128.8499999999999,8.42757258439018
1360.76,3,512.0,1251.6,1165.64,-195.1199999999999,195.1199999999999,14.339045827331779
1676.48,5,840.0,941.55,1418.61,-257.8700000000001,257.8700000000001,15.38163294521856
1858.36,7,1086.0,2319.81,2052.56,194.20000000000005,194.20000000000005,10.450074259024088
1797.14,13,1152.0,864.45,1782.49,-14.650000000000091,14.650000000000091,0.8151841258889174
1580.95,4,840.0,1375.42,1420.24,-160.71000000000004,160.71000000000004,10.165406875612765
667.98,4,724.0,89.99,382.66,-285.32,285.32,42.713853708194854
1438.41,3,327.0,2141.92,1411.71,-26.700000000000045,26.700000000000045,1.8562162387636378
1997.52,13,1055.0,2005.84,1983.61,-13.910000000000082,13.910000000000082,0.6963634907285075
609.73,1,931.0,327.97,636.85,27.120000000000005,27.120000000000005,4.447870368851787
1632.42,10,108.0,2181.67,1550.55,-81.87000000000012,81.87000000000012,5.015253427426773
1344.17,13,1204.0,24.47,1400.19,56.01999999999998,56.01999999999998,4.1676276066271365
1288.31,5,517.0,919.25,1112.76,-175.54999999999995,175.54999999999995,13.626378744246335
1944.62,8,897.0,1536.36,1842.03,-102.58999999999992,102.58999999999992,5.2755808332733345
1753.84,12,988.0,2492.79,1855.55,101.71000000000004,101.71000000000004,5.799274734297315
1466.95,1,1041.0,1630.25,1294.45,-172.5,172.5,11.759091993592147
1619.0,10,454.0,2359.42,1626.76,7.759999999999991,7.759999999999991,0.4793082149474979
1399.39,5,406.0,1084.16,1144.07,-255.32000000000016,255.32000000000016,18.245092504591295
1394.55,4,103.0,1790.07,1403.37,8.819999999999936,8.819999999999936,0.6324620845433966
695.66,11,198.0,269.95,976.77,281.11,281.11,40.40910789753616
631.5,4,477.0,18.97,608.89,-22.610000000000014,22.610000000000014,3.5803642121931927
1572.91,11,67.0,2455.53,1550.34,-22.570000000000164,22.570000000000164,1.4349199890648647
966.26,7,789.0,185.73,982.39,16.129999999999995,16.129999999999995,1.669322956554136
1492.02,13,70.0,993.7,1375.2,-116.81999999999994,116.81999999999994,7.829653757992516
1377.35,12,59.0,858.62,1252.75,-124.59999999999991,124.59999999999991,9.046357135078225
804.96,3,1027.0,180.0,872.64,67.67999999999995,67.67999999999995,8.407871198568866
572.73,3,275.0,543.74,721.59,148.86,148.86,25.99130480331046
873.97,12,180.0,384.42,1076.7,202.73000000000002,202.73000000000002,23.196448390677027
1472.53,3,334.0,2449.89,1443.9,-28.62999999999988,28.62999999999988,1.9442727822183508
1960.92,7,759.0,1694.02,1696.36,-264.5600000000002,264.5600000000002,13.49162637945455
1542.4,10,174.0,1991.96,1593.71,51.309999999999945,51.309999999999945,3.3266338174273824
516.69,1,780.0,366.37,643.24,126.54999999999995,126.54999999999995,24.492442276800393
1208.82,9,934.0,415.5,1261.21,52.3900000000001,52.3900000000001,4.333978590691758
1277.26,8,936.0,556.28,1541.26,264.0,264.0,20.66924510279818
1475.4,1,1002.0,2320.13,1375.97,-99.43000000000006,99.43000000000006,6.7391893723735965
482.65,7,83.0,137.84,652.9,170.25,170.25,35.27400808038952
1058.5,9,191.0,789.52,1119.02,60.51999999999998,60.51999999999998,5.717524799244212
1256.92,3,280.0,1090.37,987.24,-269.68000000000006,269.68000000000006,21.455621678388447
1785.53,5,644.0,2383.17,1641.77,-143.76,143.76,8.051390903541245
1395.03,10,498.0,992.86,1402.84,7.809999999999945,7.809999999999945,0.5598445911557418
1518.93,4,317.0,1793.28,1446.28,-72.65000000000009,72.65000000000009,4.782972223868123
860.32,4,1100.0,370.61,1048.76,188.43999999999994,188.43999999999994,21.903477775711355
1503.98,4,263.0,2469.06,1503.11,-0.8700000000001182,0.8700000000001182,0.05784651391641633
1513.28,4,932.0,1287.34,1417.72,-95.55999999999995,95.55999999999995,6.314759991541549
1839.05,14,343.0,2013.4,1825.58,-13.470000000000027,13.470000000000027,0.7324433810935008
917.79,2,274.0,888.24,834.64,-83.14999999999998,83.14999999999998,9.059806709595875
500.92,1,759.0,330.29,614.76,113.83999999999997,113.83999999999997,22.726183821767943
1506.38,8,204.0,2178.45,1559.15,52.76999999999998,52.76999999999998,3.5031001473731713
1556.68,10,396.0,2068.65,1647.39,90.71000000000004,90.71000000000004,5.82714494950793
1496.46,6,840.0,870.82,1471.14,-25.319999999999936,25.319999999999936,1.6919931037247864
1961.96,7,756.0,1473.59,1588.81,-373.1500000000001,373.1500000000001,19.019246060062393
780.15,4,1048.0,279.75,982.4,202.25,202.25,25.92450169839133
1158.68,9,800.0,39.96,1022.04,-136.6400000000001,136.6400000000001,11.79272965788657
1386.33,3,240.0,1895.67,1369.77,-16.559999999999945,16.559999999999945,1.1945207850944541
2124.16,13,997.0,920.48,1742.23,-381.92999999999984,381.92999999999984,17.980283971075618
1523.26,2,826.0,2163.39,1513.67,-9.589999999999918,9.589999999999918,0.6295707889657655
1168.72,6,194.0,914.25,1022.73,-145.99,145.99,12.491443630638647
1467.52,4,333.0,1934.76,1463.61,-3.910000000000082,3.910000000000082,0.26643589184475047
1794.57,8,1053.0,1864.01,1977.07,182.5,182.5,10.169567082922372
1770.37,12,466.0,1291.33,1637.96,-132.40999999999985,132.40999999999985,7.479227506114533
1755.05,8,916.0,2417.62,2123.5,368.45000000000005,368.45000000000005,20.993703883080258
1732.46,11,322.0,1251.3,1503.59,-228.87000000000012,228.87000000000012,13.210694619211994
1555.48,13,11.0,1114.96,1408.04,-147.44000000000005,147.44000000000005,9.478746110525371
718.71,7,250.0,364.79,834.77,116.05999999999995,116.05999999999995,16.148376953152166
594.93,5,247.0,296.51,695.42,100.49000000000001,100.49000000000001,16.891062814112587
1899.69,14,1158.0,2104.61,2047.0,147.30999999999995,147.30999999999995,7.754423090083115
2159.33,11,1095.0,1071.83,1752.57,-406.76,406.76,18.837324540482463
1284.51,11,1149.0,270.81,1389.92,105.41000000000008,105.41000000000008,8.206242068960155
1372.31,9,14.0,1057.38,1171.31,-201.0,201.0,14.646836356216891
1202.69,4,184.0,983.77,946.76,-255.93000000000006,255.93000000000006,21.27979778662831
1561.2,6,135.0,2488.22,1424.06,-137.1400000000001,137.1400000000001,8.784268511401493
1722.49,5,717.0,1508.97,1483.8,-238.69000000000005,238.69000000000005,13.857264773670677
1228.94,1,389.0,1964.96,1245.35,16.409999999999854,16.409999999999854,1.3352970852930048
1536.6,3,1136.0,1296.54,1458.12,-78.48000000000002,78.48000000000002,5.1073799297149565
1716.13,13,145.0,2202.42,1698.19,-17.940000000000055,17.940000000000055,1.0453753503522492
1081.05,1,1122.0,861.5,1041.48,-39.569999999999936,39.569999999999936,3.6603302344942357
1203.93,14,383.0,97.95,1131.86,-72.07000000000016,72.07000000000016,5.98622843520804
1110.55,1,309.0,1211.37,831.45,-279.0999999999999,279.0999999999999,25.13169150420962
1905.5,14,1090.0,2248.68,2009.11,103.6099999999999,103.6099999999999,5.437418000524792
1167.78,3,278.0,994.9,940.35,-227.42999999999995,227.42999999999995,19.475414889790883
1917.57,7,1109.0,2397.29,2081.66,164.08999999999992,164.08999999999992,8.557184353113573
1758.03,12,643.0,2194.16,1795.11,37.07999999999993,37.07999999999993,2.109179024248729
1444.13,11,176.0,1050.67,1343.53,-100.60000000000014,100.60000000000014,6.966131857935236
1309.85,7,309.0,1021.75,1177.03,-132.81999999999994,132.81999999999994,10.140092376989728
1539.0,3,992.0,1897.41,1519.59,-19.410000000000082,19.410000000000082,1.261208576998056
431.17,3,175.0,440.19,628.28,197.10999999999996,197.10999999999996,45.7151471577336
1791.96,5,895.0,2329.69,1686.37,-105.59000000000015,105.59000000000015,5.892430634612388
950.24,8,372.0,348.37,932.37,-17.870000000000005,17.870000000000005,1.8805775383061125
718.3,5,567.0,193.11,784.46,66.16000000000008,66.16000000000008,9.210636224418778
1624.58,8,978.0,710.43,1598.39,-26.189999999999827,26.189999999999827,1.6121089758583653
446.94,1,1082.0,1809.49,443.64,-3.3000000000000114,3.3000000000000114,0.7383541414955054
1699.94,11,636.0,2238.97,1740.8,40.8599999999999,40.8599999999999,2.4036142452086486
946.39,6,370.0,315.09,810.32,-136.06999999999994,136.06999999999994,14.37779351007512
802.95,8,413.0,222.83,889.66,86.70999999999992,86.70999999999992,10.798928949498714
546.04,3,399.0,141.39,581.48,35.440000000000055,35.440000000000055,6.4903670060801515
