case_id,trip_days,miles,receipts,expected,predicted,error,abs_error
0,3,93.0,1.42,364.51,317.13,-47.379999999999995,47.379999999999995
1,1,55.0,3.6,126.06,142.95,16.889999999999986,16.889999999999986
2,1,47.0,17.97,128.91,148.94,20.03,20.03
3,2,13.0,4.67,203.52,317.13,113.60999999999999,113.60999999999999
4,3,88.0,5.78,380.37,317.13,-63.24000000000001,63.24000000000001
5,1,76.0,13.74,158.35,152.5,-5.849999999999994,5.849999999999994
6,3,41.0,4.52,320.12,317.13,-2.990000000000009,2.990000000000009
7,1,140.0,22.71,199.68,170.04,-29.640000000000015,29.640000000000015
8,3,121.0,21.17,464.07,402.88,-61.19,61.19
9,3,117.0,21.99,359.1,204.78,-154.32000000000002,154.32000000000002
10,2,202.0,21.24,356.17,385.5,29.329999999999984,29.329999999999984
11,3,80.0,21.05,366.87,385.03,18.159999999999968,18.159999999999968
12,2,21.0,20.04,204.58,306.36,101.78,101.78
13,3,177.0,18.73,430.86,426.01,-4.850000000000023,4.850000000000023
14,1,141.0,10.15,195.14,163.61,-31.529999999999973,31.529999999999973
15,1,58.0,5.86,117.24,144.74,27.500000000000014,27.500000000000014
16,1,133.0,8.34,179.06,161.05,-18.00999999999999,18.00999999999999
17,1,59.0,8.31,120.65,146.24,25.590000000000003,25.590000000000003
18,2,89.0,13.85,234.2,332.89,98.69,98.69
19,2,147.0,17.43,325.56,359.79,34.23000000000002,34.23000000000002
20,5,130.0,306.9,574.1,649.65,75.54999999999995,75.54999999999995
21,5,173.0,1337.9,1443.96,1165.25,-278.71000000000004,278.71000000000004
22,5,592.0,433.75,869.0,911.3,42.299999999999955,42.299999999999955
23,5,679.0,476.08,1030.41,969.46,-60.950000000000045,60.950000000000045
24,5,708.0,1129.52,1654.62,1297.0,-357.6199999999999,357.6199999999999
25,5,261.0,464.94,621.12,782.68,161.55999999999995,161.55999999999995
26,5,794.0,511.0,1139.94,1036.2,-103.74000000000001,103.74000000000001
27,5,521.0,1448.55,1624.01,1369.62,-254.3900000000001,254.3900000000001
28,5,595.0,863.93,1231.67,1119.94,-111.73000000000002,111.73000000000002
29,5,811.0,952.39,1608.6,1416.11,-192.49,192.49
30,5,477.0,704.42,1045.96,991.85,-54.110000000000014,54.110000000000014
31,5,730.0,485.73,991.49,996.24,4.75,4.75
32,5,262.0,1173.79,1485.59,1124.77,-360.81999999999994,360.81999999999994
33,5,446.0,219.98,788.62,744.89,-43.73000000000002,43.73000000000002
34,5,751.0,407.43,1063.46,967.62,-95.84000000000003,95.84000000000003
35,5,324.0,128.94,686.54,648.07,-38.469999999999914,38.469999999999914
36,5,414.0,967.0,1368.94,1091.07,-277.8700000000001,277.8700000000001
37,5,367.0,290.78,742.25,744.73,2.480000000000018,2.480000000000018
38,5,764.0,848.75,1468.46,1185.97,-282.49,282.49
39,5,249.0,873.75,1185.24,974.51,-210.73000000000002,210.73000000000002
40,8,862.0,1817.85,1719.37,1923.56,204.19000000000005,204.19000000000005
41,11,927.0,1994.33,1779.12,1855.34,76.22000000000003,76.22000000000003
42,9,602.0,186.69,1085.4,1006.83,-78.57000000000005,78.57000000000005
43,8,610.0,208.29,841.27,968.15,126.88,126.88
44,12,333.0,1103.21,1618.13,1489.56,-128.57000000000016,128.57000000000016
45,8,435.0,1129.65,1525.26,1336.29,-188.97000000000003,188.97000000000003
46,9,218.0,1203.45,1561.63,1330.25,-231.3800000000001,231.3800000000001
47,12,781.0,1159.18,1752.72,1710.97,-41.75,41.75
48,11,916.0,1036.91,2098.07,1658.05,-440.0200000000002,440.0200000000002
49,10,358.0,2066.62,1624.11,1636.78,12.670000000000073,12.670000000000073
50,12,566.0,2013.7,1752.03,1796.18,44.15000000000009,44.15000000000009
51,9,954.0,1483.39,2024.2,1784.61,-239.59000000000015,239.59000000000015
52,9,534.0,1929.94,1624.87,1754.94,130.07000000000016,130.07000000000016
53,12,765.0,1343.97,1953.03,1938.82,-14.210000000000036,14.210000000000036
54,8,630.0,967.69,1388.05,1342.86,-45.190000000000055,45.190000000000055
55,10,909.0,696.0,1505.19,1438.13,-67.05999999999995,67.05999999999995
56,10,223.0,745.89,1037.45,1164.45,127.0,127.0
57,8,467.0,1178.71,1483.33,1373.83,-109.5,109.5
58,9,708.0,461.07,1110.6,1185.09,74.49000000000001,74.49000000000001
59,9,885.0,1764.97,1694.37,1890.39,196.0200000000002,196.0200000000002
60,6,855.0,591.35,1339.72,1386.17,46.450000000000045,46.450000000000045
61,2,993.0,54.24,715.19,744.7,29.50999999999999,29.50999999999999
62,5,685.0,747.14,1216.36,1102.71,-113.64999999999986,113.64999999999986
63,3,981.0,341.45,813.95,930.49,116.53999999999996,116.53999999999996
64,5,770.0,873.33,1502.49,1200.43,-302.05999999999995,302.05999999999995
65,6,697.0,651.64,1237.71,1114.46,-123.25,123.25
66,3,795.0,450.85,743.94,902.5,158.55999999999995,158.55999999999995
67,3,606.0,1184.23,1364.54,1173.96,-190.57999999999993,190.57999999999993
68,3,842.0,865.37,1251.14,1122.7,-128.44000000000005,128.44000000000005
69,7,748.0,241.73,971.31,991.59,20.280000000000086,20.280000000000086
70,7,624.0,148.16,905.79,892.67,-13.120000000000005,13.120000000000005
71,2,713.0,740.33,1048.28,953.87,-94.40999999999997,94.40999999999997
72,3,874.0,1191.4,1515.99,1293.73,-222.26,222.26
73,6,761.0,530.19,1120.1,1083.7,-36.399999999999864,36.399999999999864
74,1,815.0,97.89,539.36,457.71,-81.65000000000003,81.65000000000003
75,1,601.0,497.7,644.12,711.65,67.52999999999997,67.52999999999997
76,7,817.0,1127.87,1809.91,1622.23,-187.68000000000006,187.68000000000006
77,1,606.0,923.0,1050.05,1013.87,-36.17999999999995,36.17999999999995
78,1,909.0,741.82,866.07,927.23,61.15999999999997,61.15999999999997
79,3,624.0,1160.92,1459.34,1170.54,-288.79999999999995,288.79999999999995
80,4,650.0,619.49,676.38,331.94,-344.44,344.44
81,6,204.0,818.99,628.4,500.39,-128.01,128.01
82,1,263.0,396.49,198.42,133.67,-64.75,64.75
83,1,451.0,555.49,162.18,175.12,12.939999999999998,12.939999999999998
84,10,424.0,474.99,831.96,571.77,-260.19000000000005,260.19000000000005
85,2,565.0,389.49,415.96,245.7,-170.26,170.26
86,9,397.0,348.49,913.29,913.29,0.0,0.0
87,1,532.0,413.99,355.57,232.07,-123.5,123.5
88,2,384.0,495.49,290.36,236.34,-54.02000000000001,54.02000000000001
89,5,754.0,489.99,765.13,514.44,-250.68999999999994,250.68999999999994
90,1,344.46,813.85,707.88,628.65,-79.23000000000002,79.23000000000002
91,3,906.3,540.03,848.42,993.79,145.37,145.37
92,3,1007.56,187.52,764.64,867.83,103.19000000000005,103.19000000000005
93,1,359.62,221.15,255.57,318.74,63.170000000000016,63.170000000000016
94,1,362.79,749.19,636.51,598.18,-38.33000000000004,38.33000000000004
95,1,288.72,159.26,303.94,271.88,-32.06,32.06
96,2,782.17,830.72,1165.44,1027.46,-137.98000000000002,137.98000000000002
97,2,623.18,347.54,625.15,725.56,100.40999999999997,100.40999999999997
98,3,1061.15,388.5,693.36,987.96,294.6,294.6
99,1,252.75,285.5,331.74,331.34,-0.4000000000000341,0.4000000000000341
100,3,1020.39,250.62,779.08,903.81,124.7299999999999,124.7299999999999
101,1,257.97,816.81,738.01,612.92,-125.09000000000003,125.09000000000003
102,3,1025.03,592.55,992.4,1070.63,78.23000000000013,78.23000000000013
103,2,794.32,402.31,671.06,826.24,155.18000000000006,155.18000000000006
104,1,276.85,485.54,361.66,441.79,80.13,80.13
105,2,851.68,473.96,650.68,885.67,234.99,234.99
106,3,859.12,611.07,960.47,1007.55,47.07999999999993,47.07999999999993
107,3,1317.07,476.87,787.42,1141.62,354.19999999999993,354.19999999999993
108,1,388.1,827.37,741.46,644.52,-96.94000000000005,96.94000000000005
109,1,264.39,758.27,636.19,583.29,-52.90000000000009,52.90000000000009
110,5,198.21,594.83,807.48,818.03,10.549999999999955,10.549999999999955
111,6,72.85,457.75,666.59,750.12,83.52999999999997,83.52999999999997
112,8,297.64,481.09,835.08,964.07,128.99,128.99
113,7,237.33,1262.27,1452.17,1261.86,-190.31000000000017,190.31000000000017
114,5,195.73,1228.49,511.23,382.73,-128.5,128.5
115,8,276.28,1179.9,1522.6,1291.63,-230.9699999999998,230.9699999999998
116,8,302.24,1046.04,1353.77,1238.37,-115.40000000000009,115.40000000000009
117,8,266.87,252.08,880.41,840.33,-40.07999999999993,40.07999999999993
118,9,310.69,239.64,828.16,905.93,77.76999999999998,77.76999999999998
119,6,222.08,709.07,1031.34,936.02,-95.31999999999994,95.31999999999994
120,8,264.94,720.67,1019.85,1065.36,45.50999999999988,45.50999999999988
121,8,161.15,1230.37,1499.24,1265.99,-233.25,233.25
122,9,259.96,554.74,835.54,1035.79,200.25,200.25
123,9,97.85,518.56,850.57,947.99,97.41999999999996,97.41999999999996
124,9,194.34,1054.93,1374.9,1248.4,-126.5,126.5
125,9,332.35,374.61,830.45,980.38,149.92999999999995,149.92999999999995
126,5,126.44,696.14,845.35,835.71,-9.639999999999986,9.639999999999986
127,5,66.13,848.03,1050.25,882.75,-167.5,167.5
128,6,135.34,1144.13,1478.11,1108.08,-370.03,370.03
129,6,233.7,346.98,648.57,766.54,117.96999999999991,117.96999999999991
130,9,849.0,1007.41,1785.47,1509.62,-275.85000000000014,275.85000000000014
131,6,806.0,1760.64,1718.76,1744.5,25.74000000000001,25.74000000000001
132,8,891.0,1194.36,2016.46,1733.08,-283.3800000000001,283.3800000000001
133,9,1182.0,1342.24,2164.15,1815.53,-348.6200000000001,348.6200000000001
134,7,1010.0,1514.03,2063.98,1783.24,-280.74,280.74
135,8,892.0,1768.53,1902.37,1914.14,11.77000000000021,11.77000000000021
136,6,825.0,1692.73,1817.77,1726.98,-90.78999999999996,90.78999999999996
137,8,1118.0,1758.52,1852.47,1957.1,104.62999999999988,104.62999999999988
138,8,1064.0,1756.52,1857.04,1945.45,88.41000000000008,88.41000000000008
139,6,811.0,1252.04,1771.8,1585.31,-186.49,186.49
140,7,889.0,1417.96,1826.08,1728.29,-97.78999999999996,97.78999999999996
141,9,1012.0,1429.04,1880.76,1783.59,-97.17000000000007,97.17000000000007
142,6,909.0,1332.18,1720.21,1630.54,-89.67000000000007,89.67000000000007
143,9,1096.0,1690.22,1894.85,1945.93,51.080000000000155,51.080000000000155
144,9,913.0,1021.29,1964.86,1544.08,-420.78,420.78
145,6,1006.0,1219.71,1803.97,1614.9,-189.06999999999994,189.06999999999994
146,6,907.0,1650.17,1737.86,1730.3,-7.559999999999945,7.559999999999945
147,9,816.0,1171.81,1780.58,1574.54,-206.03999999999996,206.03999999999996
148,7,1006.0,1181.33,2279.82,2280.0,0.1799999999998363,0.1799999999998363
149,6,835.0,1404.28,1765.79,1638.16,-127.62999999999988,127.62999999999988
150,12,528.0,2476.41,1662.88,1726.09,63.20999999999981,63.20999999999981
151,4,69.0,2321.49,322.0,322.0,0.0,0.0
152,11,1179.0,31.36,1550.55,1287.52,-263.03,263.03
153,13,756.0,954.4,1793.07,1653.98,-139.08999999999992,139.08999999999992
154,1,123.0,2076.65,1171.68,1251.12,79.43999999999983,79.43999999999983
155,3,1162.0,2152.66,1434.71,1578.94,144.23000000000002,144.23000000000002
156,1,822.0,2170.53,1374.91,1412.19,37.27999999999997,37.27999999999997
157,11,558.0,1549.86,1823.47,1806.7,-16.769999999999982,16.769999999999982
158,2,753.0,1111.16,1353.87,1149.97,-203.89999999999986,203.89999999999986
159,10,224.0,407.51,794.7,1001.79,207.08999999999992,207.08999999999992
160,6,383.0,462.79,800.3,887.16,86.86000000000001,86.86000000000001
161,8,1005.0,1391.37,1987.39,1818.39,-169.0,169.0
162,10,1145.0,311.43,1366.61,1355.19,-11.419999999999845,11.419999999999845
163,5,1004.0,2367.63,1743.85,1711.86,-31.99000000000001,31.99000000000001
164,5,873.0,1402.35,1676.79,1570.49,-106.29999999999995,106.29999999999995
165,2,165.0,1813.32,1273.45,1226.8,-46.65000000000009,46.65000000000009
166,5,1076.0,190.33,879.65,1230.12,350.4699999999999,350.4699999999999
167,12,986.0,2390.92,1760.0,1868.02,108.01999999999998,108.01999999999998
168,7,948.0,657.17,1578.97,1500.68,-78.28999999999996,78.28999999999996
169,3,429.0,2400.13,1411.95,1457.82,45.86999999999989,45.86999999999989
170,4,362.0,646.43,788.53,861.42,72.88999999999999,72.88999999999999
171,2,622.0,1871.56,1494.23,1425.14,-69.08999999999992,69.08999999999992
172,1,140.0,255.99,150.34,149.54,-0.8000000000000114,0.8000000000000114
173,8,123.0,612.55,851.24,951.64,100.39999999999998,100.39999999999998
174,4,87.0,2463.92,1413.52,1042.54,-370.98,370.98
175,10,164.0,1144.9,1516.43,1331.17,-185.26,185.26
176,1,989.0,2196.84,1439.17,1367.11,-72.06000000000017,72.06000000000017
177,4,470.0,1968.63,1501.1,1494.26,-6.839999999999918,6.839999999999918
178,1,37.0,1397.17,1092.94,875.16,-217.7800000000001,217.7800000000001
179,8,488.0,439.7,1030.13,1026.74,-3.3900000000001,3.3900000000001
180,12,757.0,897.4,1780.07,1574.37,-205.70000000000005,205.70000000000005
181,14,958.0,1727.76,2065.16,2038.03,-27.12999999999988,27.12999999999988
182,2,456.0,2390.7,1342.39,1353.09,10.699999999999818,10.699999999999818
183,5,733.0,41.18,771.83,783.27,11.43999999999994,11.43999999999994
184,5,291.0,1279.7,1477.12,1188.41,-288.7099999999998,288.7099999999998
185,10,478.0,2091.79,1568.41,1667.88,99.47000000000003,99.47000000000003
186,8,817.0,1455.73,1847.26,1800.31,-46.950000000000045,46.950000000000045
187,6,1043.0,1404.35,1807.42,1680.61,-126.81000000000017,126.81000000000017
188,2,958.0,1855.58,1549.54,1570.96,21.420000000000073,21.420000000000073
189,9,524.0,474.75,935.4,1111.83,176.42999999999995,176.42999999999995
190,6,45.0,81.59,522.58,556.73,34.14999999999998,34.14999999999998
191,8,342.0,2259.06,1502.02,1619.04,117.01999999999998,117.01999999999998
192,12,379.0,1897.29,1682.98,1757.6,74.61999999999989,74.61999999999989
193,6,333.0,1254.68,1585.02,1247.15,-337.8699999999999,337.8699999999999
194,2,634.0,1739.81,1490.51,1401.33,-89.18000000000006,89.18000000000006
195,5,285.0,974.73,1282.84,1038.81,-244.02999999999997,244.02999999999997
196,12,33.0,1249.13,1707.38,1429.69,-277.69000000000005,277.69000000000005
197,9,118.0,1285.82,1539.77,1326.56,-213.21000000000004,213.21000000000004
198,1,420.0,2273.6,1220.35,1414.51,194.16000000000008,194.16000000000008
199,11,312.0,2072.39,1586.22,1669.46,83.24000000000001,83.24000000000001
200,10,753.0,2054.02,1779.08,1751.36,-27.720000000000027,27.720000000000027
201,5,125.0,96.38,570.99,546.01,-24.980000000000018,24.980000000000018
202,6,597.0,888.84,1395.65,1185.39,-210.26,210.26
203,12,1065.0,203.2,1408.25,1373.44,-34.809999999999945,34.809999999999945
204,1,214.0,540.03,402.81,457.99,55.18000000000001,55.18000000000001
205,11,886.0,922.66,1852.24,1589.97,-262.27,262.27
206,10,621.0,978.73,1656.28,1449.41,-206.8699999999999,206.8699999999999
207,4,1000.0,2355.34,1699.56,1638.4,-61.159999999999854,61.159999999999854
208,13,534.0,1765.96,1881.36,1865.31,-16.049999999999955,16.049999999999955
209,6,475.0,1800.71,1671.23,1571.62,-99.61000000000013,99.61000000000013
210,11,623.0,2265.21,1739.18,1733.72,-5.460000000000036,5.460000000000036
211,1,620.0,973.91,1112.02,1051.9,-60.11999999999989,60.11999999999989
212,13,1004.0,1757.75,1960.67,2000.78,40.1099999999999,40.1099999999999
213,8,962.0,1929.63,1897.19,1979.17,81.98000000000002,81.98000000000002
214,14,516.0,1464.67,1842.1,1945.3,103.20000000000005,103.20000000000005
215,11,685.0,2272.75,1873.94,1750.49,-123.45000000000005,123.45000000000005
216,3,307.0,266.21,540.97,601.71,60.74000000000001,60.74000000000001
217,3,375.0,1346.21,1339.93,1151.78,-188.1500000000001,188.1500000000001
218,4,1124.0,2177.18,1567.43,1645.26,77.82999999999993,77.82999999999993
219,3,779.0,2110.9,1520.73,1498.55,-22.180000000000064,22.180000000000064
220,8,1173.0,671.25,1419.34,1625.83,206.49,206.49
221,14,47.0,1667.14,1745.18,1785.25,40.069999999999936,40.069999999999936
222,3,981.0,2008.83,1539.47,1528.54,-10.930000000000064,10.930000000000064
223,5,516.0,1450.67,1547.5,1368.47,-179.02999999999997,179.02999999999997
224,6,471.0,332.51,872.19,862.55,-9.6400000000001,9.6400000000001
225,2,941.0,1565.77,1432.79,1450.69,17.90000000000009,17.90000000000009
226,10,377.0,301.96,837.36,1017.31,179.94999999999993,179.94999999999993
227,7,273.0,285.83,793.58,806.69,13.110000000000014,13.110000000000014
228,1,458.0,834.7,737.28,662.37,-74.90999999999997,74.90999999999997
229,11,772.0,932.31,1575.52,1545.14,-30.37999999999988,30.37999999999988
230,11,36.0,1541.47,1593.24,1658.48,65.24000000000001,65.24000000000001
231,12,211.0,1048.29,1579.73,1410.14,-169.58999999999992,169.58999999999992
232,7,987.0,2164.1,1839.67,1983.32,143.64999999999986,143.64999999999986
233,9,662.0,2275.59,1599.27,1810.49,211.22000000000003,211.22000000000003
234,12,96.0,1164.37,1553.21,1416.18,-137.02999999999997,137.02999999999997
235,5,569.0,1856.7,1623.81,1574.2,-49.6099999999999,49.6099999999999
236,12,128.0,477.17,874.99,1098.84,223.8499999999999,223.8499999999999
237,4,886.0,2401.28,1698.0,1620.31,-77.69000000000005,77.69000000000005
238,13,19.0,807.27,1331.53,1263.21,-68.31999999999994,68.31999999999994
239,8,275.0,2347.09,1454.47,1589.96,135.49,135.49
240,9,963.0,588.5,1434.42,1357.18,-77.24000000000001,77.24000000000001
241,14,1056.0,2489.69,1894.16,1968.54,74.37999999999988,74.37999999999988
242,5,728.0,423.16,947.72,965.22,17.5,17.5
243,4,286.0,1063.49,418.17,351.04,-67.13,67.13
244,11,332.0,1352.48,1663.39,1767.32,103.92999999999984,103.92999999999984
245,12,49.0,1118.38,1494.81,1373.62,-121.19000000000005,121.19000000000005
246,2,18.0,2503.46,1206.95,1163.0,-43.950000000000045,43.950000000000045
247,14,592.0,1268.36,1930.24,1786.71,-143.52999999999997,143.52999999999997
248,3,892.0,171.32,875.39,809.86,-65.52999999999997,65.52999999999997
249,11,741.0,1872.39,1847.08,1817.75,-29.329999999999927,29.329999999999927
250,14,807.0,2358.41,1819.41,1914.13,94.72000000000003,94.72000000000003
251,5,873.0,1584.53,1796.7,1627.88,-168.81999999999994,168.81999999999994
252,3,1159.0,2209.44,1434.84,1584.03,149.19000000000005,149.19000000000005
253,11,920.0,1338.65,1871.27,1937.26,65.99000000000001,65.99000000000001
254,1,388.0,390.7,332.06,413.94,81.88,81.88
255,9,576.0,1059.79,1547.5,1416.38,-131.1199999999999,131.1199999999999
256,9,524.0,2367.12,1640.78,1750.6,109.81999999999994,109.81999999999994
257,10,459.0,2183.11,1559.59,1650.76,91.17000000000007,91.17000000000007
258,4,725.0,588.9,1097.95,991.23,-106.72000000000003,106.72000000000003
259,1,992.0,958.87,1222.41,1092.57,-129.84000000000015,129.84000000000015
260,10,536.0,2194.42,1615.13,1671.33,56.19999999999982,56.19999999999982
261,11,1126.0,1593.03,2143.74,1963.62,-180.1199999999999,180.1199999999999
262,10,314.0,1098.8,1539.1,1374.05,-165.04999999999995,165.04999999999995
263,1,9.0,2246.28,1120.22,1317.89,197.67000000000007,197.67000000000007
264,11,706.0,1508.23,2030.59,1854.35,-176.24,176.24
265,10,976.0,2166.02,1775.03,1800.81,25.779999999999973,25.779999999999973
266,5,1028.0,653.19,1313.95,1366.13,52.180000000000064,52.180000000000064
267,8,1166.0,99.47,1149.07,1444.29,295.22,295.22
268,12,882.0,1958.14,1944.88,1893.67,-51.210000000000036,51.210000000000036
269,11,448.0,732.79,1090.35,1308.36,218.01,218.01
270,7,623.0,1691.39,1800.86,1636.07,-164.78999999999996,164.78999999999996
271,3,127.0,293.49,303.2,183.03,-120.16999999999999,120.16999999999999
272,12,218.0,486.02,1005.67,1142.16,136.49000000000012,136.49000000000012
273,3,1166.0,530.44,785.59,1101.88,316.2900000000001,316.2900000000001
274,11,17.0,550.58,830.07,1033.48,203.40999999999997,203.40999999999997
275,9,696.0,1749.97,1649.49,1801.13,151.6400000000001,151.6400000000001
276,4,305.0,125.79,664.43,585.73,-78.69999999999993,78.69999999999993
277,12,104.0,1300.05,1779.92,1755.4,-24.519999999999982,24.519999999999982
278,1,303.0,931.53,857.42,682.5,-174.91999999999996,174.91999999999996
279,8,1012.0,2390.84,1732.12,2134.65,402.5300000000002,402.5300000000002
280,9,938.0,2224.29,1913.87,1930.27,16.40000000000009,16.40000000000009
281,3,471.0,288.19,535.67,683.48,147.81000000000006,147.81000000000006
282,5,72.0,977.67,1156.55,947.78,-208.76999999999998,208.76999999999998
283,10,160.0,2272.56,1642.15,1553.79,-88.36000000000013,88.36000000000013
284,10,965.0,1851.28,1805.77,1837.95,32.180000000000064,32.180000000000064
285,3,266.0,2178.16,1447.95,1403.19,-44.75999999999999,44.75999999999999
286,12,734.0,2491.82,1792.31,1783.03,-9.279999999999973,9.279999999999973
287,12,64.0,1641.01,1710.72,1700.31,-10.410000000000082,10.410000000000082
288,9,497.0,1845.08,1674.09,1738.88,64.79000000000019,64.79000000000019
289,3,781.0,1801.38,1586.21,1468.0,-118.21000000000004,118.21000000000004
290,3,158.0,1070.74,1183.16,924.83,-258.33000000000004,258.33000000000004
291,3,1096.0,200.27,802.96,912.35,109.38999999999999,109.38999999999999
292,11,1116.0,2067.8,1987.44,1899.99,-87.45000000000005,87.45000000000005
293,10,831.0,39.86,982.64,1088.02,105.38,105.38
294,14,124.0,1064.64,1761.68,1485.4,-276.28,276.28
295,4,10.0,1262.73,1261.41,1005.71,-255.70000000000005,255.70000000000005
296,5,955.0,106.86,897.78,1179.14,281.3600000000001,281.3600000000001
297,7,1176.0,2489.13,1921.16,2124.26,203.10000000000014,203.10000000000014
298,6,803.0,465.6,1012.0,1335.95,323.95000000000005,323.95000000000005
299,9,868.0,62.12,1022.81,1062.23,39.42000000000007,39.42000000000007
300,1,181.0,128.05,225.12,233.86,8.740000000000009,8.740000000000009
301,3,70.0,631.88,564.16,675.11,110.95000000000005,110.95000000000005
302,8,1090.0,419.76,1189.47,1529.67,340.20000000000005,340.20000000000005
303,14,1184.0,2269.89,1943.24,2033.28,90.03999999999996,90.03999999999996
304,1,735.0,1676.9,1365.21,1386.72,21.50999999999999,21.50999999999999
305,2,547.0,119.09,509.52,582.39,72.87,72.87
306,11,265.0,218.66,949.34,981.12,31.779999999999973,31.779999999999973
307,10,223.0,886.32,1305.54,1232.14,-73.39999999999986,73.39999999999986
308,12,959.0,1947.82,1833.24,1917.01,83.76999999999998,83.76999999999998
309,11,498.0,1578.39,1793.52,1785.88,-7.639999999999873,7.639999999999873
310,14,127.0,988.4,1688.9,1449.96,-238.94000000000005,238.94000000000005
311,3,621.0,214.08,779.66,712.86,-66.79999999999995,66.79999999999995
312,6,1193.0,2241.5,1839.47,1974.91,135.44000000000005,135.44000000000005
313,4,448.0,2055.97,1497.46,1498.62,1.1599999999998545,1.1599999999998545
314,8,466.0,2064.63,1558.12,1672.85,114.73000000000002,114.73000000000002
315,12,229.0,1216.16,1696.65,1498.87,-197.7800000000002,197.7800000000002
316,13,658.0,559.48,1573.12,1421.1,-152.01999999999998,152.01999999999998
317,13,1034.0,2477.98,1842.24,1917.17,74.93000000000006,74.93000000000006
318,4,842.0,2464.29,1611.66,1617.86,6.199999999999818,6.199999999999818
319,13,837.0,1218.93,1921.68,1816.64,-105.03999999999996,105.03999999999996
320,11,927.0,1306.37,1804.68,1943.4,138.72000000000003,138.72000000000003
321,4,1047.0,1657.68,1605.84,1646.13,40.29000000000019,40.29000000000019
322,4,262.0,1681.28,1435.34,1316.81,-118.52999999999997,118.52999999999997
323,7,1126.0,1103.75,2014.72,2120.0,105.27999999999997,105.27999999999997
324,5,781.0,672.91,1125.36,1108.6,-16.75999999999999,16.75999999999999
325,5,831.0,591.65,1090.31,1306.55,216.24,216.24
326,7,1089.0,1026.25,2132.85,2047.0,-85.84999999999991,85.84999999999991
327,1,793.0,2171.07,1421.36,1420.54,-0.8199999999999363,0.8199999999999363
328,9,368.0,495.12,847.33,1053.94,206.61,206.61
329,6,818.0,1130.38,1704.06,1548.41,-155.64999999999986,155.64999999999986
330,11,667.0,1915.95,1732.2,1791.01,58.809999999999945,58.809999999999945
331,2,267.0,2116.93,1349.04,1271.07,-77.97000000000003,77.97000000000003
332,10,1083.0,2105.36,1844.58,1839.17,-5.4099999999998545,5.4099999999998545
333,13,529.0,1767.79,2015.18,1863.65,-151.52999999999997,151.52999999999997
334,9,1155.0,1346.4,2248.12,1805.81,-442.30999999999995,442.30999999999995
335,7,1185.0,1768.01,2072.18,1898.94,-173.23999999999978,173.23999999999978
336,5,763.0,1420.94,1777.14,1461.34,-315.8000000000002,315.8000000000002
337,7,368.0,1231.69,1550.04,1303.83,-246.21000000000004,246.21000000000004
338,6,659.0,322.1,972.58,939.13,-33.450000000000045,33.450000000000045
339,14,1138.0,518.18,1696.86,1662.08,-34.77999999999997,34.77999999999997
340,6,172.0,1977.78,1603.89,1440.12,-163.7700000000002,163.7700000000002
341,6,628.0,311.47,903.3,920.55,17.25,17.25
342,2,500.0,1246.48,1264.53,1105.39,-159.13999999999987,159.13999999999987
343,8,7.0,2075.6,1422.12,1473.65,51.5300000000002,51.5300000000002
344,5,942.0,2092.87,1696.72,1672.05,-24.670000000000073,24.670000000000073
345,12,81.0,2485.34,1589.65,1597.1,7.449999999999818,7.449999999999818
346,4,166.0,791.52,866.18,846.29,-19.889999999999986,19.889999999999986
347,3,213.0,1724.85,1344.71,1347.31,2.599999999999909,2.599999999999909
348,11,1004.0,167.15,1175.65,1277.02,101.36999999999989,101.36999999999989
349,5,116.0,478.1,624.04,726.09,102.05000000000007,102.05000000000007
350,13,112.0,2299.56,1807.67,1676.32,-131.35000000000014,131.35000000000014
351,1,43.0,2149.22,1134.47,1273.44,138.97000000000003,138.97000000000003
352,2,660.0,1944.4,1531.2,1441.63,-89.56999999999994,89.56999999999994
353,10,888.0,298.68,1171.54,1237.51,65.97000000000003,65.97000000000003
354,10,860.0,2380.76,1759.97,1740.14,-19.829999999999927,19.829999999999927
355,10,1187.0,1981.09,2013.21,1884.82,-128.3900000000001,128.3900000000001
356,12,1139.0,124.65,1314.3,1367.7,53.40000000000009,53.40000000000009
357,5,966.0,359.51,927.98,1260.97,332.99,332.99
358,10,796.0,1352.08,2000.19,1853.51,-146.68000000000006,146.68000000000006
359,9,72.0,1281.32,1515.54,1304.42,-211.1199999999999,211.1199999999999
360,10,215.0,2440.91,1638.66,1547.97,-90.69000000000005,90.69000000000005
361,7,671.0,1297.02,1703.2,1466.82,-236.3800000000001,236.3800000000001
362,5,230.0,333.69,538.36,705.96,167.60000000000002,167.60000000000002
363,5,467.0,1243.31,1549.82,1247.25,-302.56999999999994,302.56999999999994
364,13,247.0,2339.61,1705.9,1709.8,3.8999999999998636,3.8999999999998636
365,14,777.0,1248.61,1837.25,1857.48,20.230000000000018,20.230000000000018
366,11,740.0,1171.99,902.09,839.86,-62.23000000000002,62.23000000000002
367,6,884.0,1798.31,1897.87,1772.27,-125.59999999999991,125.59999999999991
368,5,789.0,1853.31,1792.88,1617.64,-175.24,175.24
369,4,825.0,874.99,784.52,597.99,-186.52999999999997,186.52999999999997
370,2,301.0,769.23,731.28,788.99,57.710000000000036,57.710000000000036
371,12,1007.0,1353.77,1925.32,2006.78,81.46000000000004,81.46000000000004
372,5,865.0,644.79,1202.46,1330.23,127.76999999999998,127.76999999999998
373,14,81.0,1251.97,1682.62,1557.03,-125.58999999999992,125.58999999999992
374,8,1159.0,2175.27,1752.18,2096.74,344.5599999999997,344.5599999999997
375,11,496.0,373.98,1152.99,1156.24,3.25,3.25
376,1,752.0,1632.35,1362.39,1377.32,14.929999999999836,14.929999999999836
377,5,1014.0,1853.57,1749.31,1662.44,-86.86999999999989,86.86999999999989
378,9,686.0,145.66,972.95,1023.51,50.559999999999945,50.559999999999945
379,5,654.0,1272.89,1724.68,1342.67,-382.01,382.01
380,8,621.0,2391.34,1593.12,1740.12,147.0,147.0
381,9,1080.0,539.51,1306.91,1384.34,77.42999999999984,77.42999999999984
382,10,714.0,269.06,1067.81,1147.71,79.90000000000009,79.90000000000009
383,10,816.0,1425.64,1872.81,1849.81,-23.0,23.0
384,14,1122.0,1766.25,2239.35,2080.01,-159.3399999999997,159.3399999999997
385,4,1202.0,1074.87,1501.24,1432.49,-68.75,68.75
386,5,651.0,1573.3,1682.08,1486.16,-195.91999999999985,195.91999999999985
387,14,1100.0,237.69,1265.57,1510.4,244.83000000000015,244.83000000000015
388,14,296.0,485.68,924.9,1280.99,356.09000000000003,356.09000000000003
389,1,697.0,2148.5,1421.07,1445.7,24.63000000000011,24.63000000000011
390,6,1044.0,47.46,1133.45,1253.4,119.95000000000005,119.95000000000005
391,12,398.0,2481.44,1755.18,1688.26,-66.92000000000007,66.92000000000007
392,3,139.0,2428.89,1345.66,1402.99,57.32999999999993,57.32999999999993
393,6,84.0,852.7,1109.32,945.33,-163.9899999999999,163.9899999999999
394,2,423.0,1639.17,1367.64,1261.25,-106.3900000000001,106.3900000000001
395,11,815.0,2385.6,1872.44,1773.22,-99.22000000000003,99.22000000000003
396,6,577.0,897.74,1257.31,1181.0,-76.30999999999995,76.30999999999995
397,8,200.0,1508.89,1461.33,1417.09,-44.24000000000001,44.24000000000001
398,9,1102.0,540.6,1455.85,1394.42,-61.429999999999836,61.429999999999836
399,12,508.0,1970.54,1770.91,1785.12,14.209999999999809,14.209999999999809
400,13,1024.0,1712.85,2097.69,2012.25,-85.44000000000005,85.44000000000005
401,7,1161.0,1499.97,1862.45,1809.61,-52.840000000000146,52.840000000000146
402,2,730.0,285.24,624.78,741.9,117.12,117.12
403,13,996.0,1809.2,1956.89,1991.91,35.01999999999998,35.01999999999998
404,5,1160.0,1901.83,1673.89,1696.32,22.429999999999836,22.429999999999836
405,2,1139.0,306.43,726.14,929.62,203.48000000000002,203.48000000000002
406,14,191.0,2442.76,1798.47,1727.15,-71.31999999999994,71.31999999999994
407,7,776.0,2447.82,1826.93,1754.82,-72.11000000000013,72.11000000000013
408,14,414.0,1919.7,1918.89,1857.88,-61.00999999999999,61.00999999999999
409,7,847.0,1994.62,1851.7,1901.37,49.669999999999845,49.669999999999845
410,6,924.0,1227.21,1871.76,1600.54,-271.22,271.22
411,2,933.0,1589.58,1489.99,1458.69,-31.299999999999955,31.299999999999955
412,1,211.0,958.08,891.9,678.12,-213.77999999999997,213.77999999999997
413,10,773.0,865.92,1837.11,1461.01,-376.0999999999999,376.0999999999999
414,3,196.0,1211.68,1229.87,1009.25,-220.6199999999999,220.6199999999999
415,14,49.0,954.02,1480.87,1399.53,-81.33999999999992,81.33999999999992
416,5,477.0,655.24,935.38,968.14,32.75999999999999,32.75999999999999
417,5,828.0,1606.84,1690.82,1625.73,-65.08999999999992,65.08999999999992
418,11,458.0,1364.29,1649.04,1801.85,152.80999999999995,152.80999999999995
419,3,289.0,1245.67,1279.31,1066.0,-213.30999999999995,213.30999999999995
420,1,1060.0,501.67,658.14,777.8,119.65999999999997,119.65999999999997
421,5,1085.0,2486.43,1664.83,1739.86,75.02999999999997,75.02999999999997
422,4,675.0,381.48,779.68,869.55,89.87,89.87
423,8,415.0,1214.97,1473.75,1368.74,-105.00999999999999,105.00999999999999
424,6,425.0,709.75,1114.9,1024.42,-90.48000000000002,90.48000000000002
425,7,313.0,2408.02,1637.65,1553.88,-83.76999999999998,83.76999999999998
426,13,235.0,426.07,897.26,1173.22,275.96000000000004,275.96000000000004
427,7,635.0,1406.31,1630.66,1503.87,-126.79000000000019,126.79000000000019
428,10,1009.0,2164.22,1889.87,1810.47,-79.39999999999986,79.39999999999986
429,3,692.0,450.7,748.57,857.73,109.15999999999997,109.15999999999997
430,2,91.0,1073.76,1013.78,844.64,-169.14,169.14
431,8,1187.0,1045.91,2047.06,2047.0,-0.05999999999994543,0.05999999999994543
432,14,600.0,1120.05,1847.84,1718.69,-129.14999999999986,129.14999999999986
433,5,210.0,710.49,483.34,299.7,-183.64,183.64
434,12,10.0,1203.1,1564.9,1397.52,-167.3800000000001,167.3800000000001
435,1,452.0,275.05,282.89,365.68,82.79000000000002,82.79000000000002
436,4,256.0,2218.74,1476.03,1476.69,0.6600000000000819,0.6600000000000819
437,8,312.0,2383.17,1557.27,1606.02,48.75,48.75
438,2,1175.0,816.2,1237.62,1190.95,-46.669999999999845,46.669999999999845
439,11,960.0,383.64,1248.46,1362.27,113.80999999999995,113.80999999999995
440,6,690.0,1009.37,1559.83,1283.85,-275.98,275.98
441,14,487.0,579.29,1516.68,1409.01,-107.67000000000007,107.67000000000007
442,8,75.0,315.71,593.83,787.73,193.89999999999998,193.89999999999998
443,13,360.0,271.93,1017.64,1153.17,135.5300000000001,135.5300000000001
444,11,708.0,1871.77,1916.37,1808.39,-107.97999999999979,107.97999999999979
445,3,182.0,347.82,384.77,586.8,202.02999999999997,202.02999999999997
446,10,683.0,2442.92,1643.68,1681.56,37.87999999999988,37.87999999999988
447,5,392.0,1264.6,1465.72,1224.97,-240.75,240.75
448,10,175.0,1443.25,1635.5,1664.23,28.730000000000018,28.730000000000018
449,7,577.0,1959.13,1603.6,1668.46,64.86000000000013,64.86000000000013
450,13,799.0,951.92,1793.36,1671.45,-121.90999999999985,121.90999999999985
451,13,608.0,370.89,1170.54,1308.5,137.96000000000004,137.96000000000004
452,7,194.0,202.49,686.23,249.69,-436.54,436.54
453,13,889.0,232.72,1394.38,1363.86,-30.52000000000021,30.52000000000021
454,7,901.0,136.8,1222.6,1327.18,104.58000000000015,104.58000000000015
455,1,698.0,1525.82,1398.75,1381.9,-16.84999999999991,16.84999999999991
456,9,592.0,793.55,1235.69,1295.0,59.309999999999945,59.309999999999945
457,14,1015.0,871.76,1846.41,1779.13,-67.27999999999997,67.27999999999997
458,9,524.0,136.46,848.89,948.77,99.88,99.88
459,5,781.0,2114.27,1789.85,1642.15,-147.69999999999982,147.69999999999982
460,3,200.0,58.24,494.63,455.03,-39.60000000000002,39.60000000000002
461,5,503.0,2335.55,1649.42,1608.95,-40.47000000000003,40.47000000000003
462,11,667.0,2221.67,1872.89,1751.88,-121.00999999999999,121.00999999999999
463,7,336.0,1843.58,1691.68,1563.86,-127.82000000000016,127.82000000000016
464,4,217.0,1506.46,1455.37,1213.02,-242.3499999999999,242.3499999999999
465,8,207.0,1146.93,1479.01,1245.67,-233.33999999999992,233.33999999999992
466,7,690.0,1807.71,1710.98,1717.5,6.519999999999982,6.519999999999982
467,2,251.0,1916.43,1285.2,1264.12,-21.080000000000155,21.080000000000155
468,4,627.0,956.98,1337.63,1126.11,-211.5200000000002,211.5200000000002
469,1,432.0,581.71,448.34,523.59,75.25000000000006,75.25000000000006
470,4,1194.0,2250.51,1691.15,1666.53,-24.62000000000012,24.62000000000012
471,10,64.0,455.9,774.64,955.67,181.02999999999997,181.02999999999997
472,8,15.0,377.85,657.8,791.64,133.84000000000003,133.84000000000003
473,11,741.0,1207.39,1878.06,1664.28,-213.77999999999997,213.77999999999997
474,8,638.0,1007.48,1483.06,1365.51,-117.54999999999995,117.54999999999995
475,12,965.0,1700.28,1879.09,1950.41,71.32000000000016,71.32000000000016
476,8,1182.0,990.07,1840.75,1728.09,-112.66000000000008,112.66000000000008
477,13,1062.0,869.28,2090.54,1745.76,-344.78,344.78
478,1,754.0,1220.47,1346.14,1245.21,-100.93000000000006,100.93000000000006
479,14,767.0,186.47,1292.77,1341.19,48.42000000000007,48.42000000000007
480,11,775.0,1752.23,1809.29,1842.85,33.559999999999945,33.559999999999945
481,8,592.0,1402.98,1561.41,1536.17,-25.24000000000001,25.24000000000001
482,6,957.0,727.75,1448.72,1449.94,1.2200000000000273,1.2200000000000273
483,9,800.0,2167.72,1726.51,1870.38,143.87000000000012,143.87000000000012
484,6,1198.0,222.6,1107.96,1339.98,232.01999999999998,232.01999999999998
485,3,1092.0,1737.65,1462.01,1523.51,61.5,61.5
486,12,958.0,2499.84,1791.69,1846.07,54.37999999999988,54.37999999999988
487,11,955.0,1282.19,2000.42,1793.21,-207.21000000000004,207.21000000000004
488,11,605.0,1880.69,1711.55,1777.79,66.24000000000001,66.24000000000001
489,7,670.0,1558.02,1702.81,1592.19,-110.61999999999989,110.61999999999989
490,11,844.0,1962.77,1787.57,1835.64,48.070000000000164,48.070000000000164
491,3,718.0,1158.02,1416.98,1209.94,-207.03999999999996,207.03999999999996
492,6,323.0,1477.23,1608.55,1350.08,-258.47,258.47
493,14,616.0,2374.41,1828.37,1857.45,29.080000000000155,29.080000000000155
494,8,752.0,1519.78,1662.92,1661.91,-1.009999999999991,1.009999999999991
495,1,1166.0,1423.69,1412.13,1446.14,34.00999999999999,34.00999999999999
496,3,1187.0,1632.14,1451.85,1642.01,190.16000000000008,190.16000000000008
497,3,1013.0,166.52,711.07,860.06,148.9899999999999,148.9899999999999
498,5,741.0,429.24,951.92,973.79,21.870000000000005,21.870000000000005
499,14,467.0,2176.26,1809.83,1840.2,30.37000000000012,30.37000000000012
500,3,224.0,358.77,406.36,610.3,203.93999999999994,203.93999999999994
501,3,712.0,512.23,751.16,896.06,144.89999999999998,144.89999999999998
502,12,218.0,901.03,1371.86,1342.2,-29.659999999999854,29.659999999999854
503,6,373.0,587.38,956.61,942.87,-13.740000000000009,13.740000000000009
504,8,562.0,2479.33,1478.31,1714.52,236.21000000000004,236.21000000000004
505,5,132.0,2387.03,1454.05,1540.27,86.22000000000003,86.22000000000003
506,3,98.0,871.46,866.05,802.74,-63.309999999999945,63.309999999999945
507,14,545.0,1206.76,1977.89,1736.62,-241.2700000000002,241.2700000000002
508,1,869.0,1498.88,1398.94,1458.47,59.52999999999997,59.52999999999997
509,2,875.0,393.25,640.56,856.89,216.33000000000004,216.33000000000004
510,8,888.0,2296.07,1718.71,2079.5,360.78999999999996,360.78999999999996
511,1,716.0,1396.41,1376.59,1364.7,-11.889999999999873,11.889999999999873
512,8,1025.0,1031.33,2214.64,2047.0,-167.63999999999987,167.63999999999987
513,9,1064.0,2016.76,1810.94,1984.96,174.01999999999998,174.01999999999998
514,4,463.0,1963.41,1607.34,1492.35,-114.99000000000001,114.99000000000001
515,1,678.0,1478.57,1370.31,1417.71,47.40000000000009,47.40000000000009
516,1,436.0,1358.14,1154.03,934.35,-219.67999999999995,219.67999999999995
517,5,586.0,2135.36,1661.61,1605.45,-56.159999999999854,56.159999999999854
518,1,797.0,126.8,543.18,475.73,-67.44999999999993,67.44999999999993
519,14,481.0,939.99,877.17,805.93,-71.24000000000001,71.24000000000001
520,7,172.0,1486.86,1557.94,1341.75,-216.19000000000005,216.19000000000005
521,10,1192.0,23.47,1157.87,1236.79,78.92000000000007,78.92000000000007
522,7,981.0,658.85,1351.69,1507.94,156.25,156.25
523,10,692.0,1671.71,1701.23,1782.85,81.61999999999989,81.61999999999989
524,13,710.0,2223.86,1979.83,1857.04,-122.78999999999996,122.78999999999996
525,12,380.0,1526.79,1787.41,1805.31,17.899999999999864,17.899999999999864
526,3,133.0,1728.5,1373.4,1331.76,-41.6400000000001,41.6400000000001
527,4,730.0,799.25,1250.66,1094.79,-155.87000000000012,155.87000000000012
528,12,1070.0,1055.51,2030.76,1786.43,-244.32999999999993,244.32999999999993
529,8,1185.0,554.98,1545.67,1591.65,45.98000000000002,45.98000000000002
530,11,456.0,2223.72,1600.1,1691.27,91.17000000000007,91.17000000000007
531,12,85.0,1056.43,1466.31,1359.38,-106.92999999999984,106.92999999999984
532,2,543.0,103.37,544.12,573.08,28.960000000000036,28.960000000000036
533,6,367.0,1947.68,1606.76,1524.75,-82.00999999999999,82.00999999999999
534,1,481.0,1792.17,1215.84,1172.52,-43.319999999999936,43.319999999999936
535,5,233.0,1862.04,1562.23,1507.87,-54.36000000000013,54.36000000000013
536,1,45.0,1070.22,922.69,704.13,-218.56000000000006,218.56000000000006
537,5,152.0,2444.81,1523.75,1550.03,26.279999999999973,26.279999999999973
538,7,344.0,1242.05,1514.4,1298.4,-216.0,216.0
539,5,320.0,1584.55,1584.73,1347.93,-236.79999999999995,236.79999999999995
540,9,989.0,378.12,1193.72,1267.06,73.33999999999992,73.33999999999992
541,10,57.0,936.89,1237.07,1184.47,-52.59999999999991,52.59999999999991
542,12,342.0,2253.61,1659.5,1701.41,41.91000000000008,41.91000000000008
543,2,983.0,2109.93,1519.98,1581.81,61.82999999999993,61.82999999999993
544,10,886.0,1990.03,1749.93,1797.59,47.659999999999854,47.659999999999854
545,10,5.0,836.86,1116.56,1113.69,-2.869999999999891,2.869999999999891
546,3,80.0,517.54,457.49,624.33,166.84000000000003,166.84000000000003
547,8,482.0,1411.49,631.81,508.95,-122.85999999999996,122.85999999999996
548,4,11.0,312.01,426.22,547.89,121.66999999999996,121.66999999999996
549,12,1075.0,2328.11,1798.38,1901.51,103.12999999999988,103.12999999999988
550,13,632.0,268.91,1396.28,1269.76,-126.51999999999998,126.51999999999998
551,8,323.0,46.48,703.45,765.6,62.14999999999998,62.14999999999998
552,11,527.0,1550.32,1806.06,1797.77,-8.289999999999964,8.289999999999964
553,5,948.0,898.6,1499.68,1427.11,-72.57000000000016,72.57000000000016
554,5,504.0,1502.63,1628.66,1388.3,-240.36000000000013,240.36000000000013
555,10,793.0,1422.29,2007.62,1843.66,-163.9599999999998,163.9599999999998
556,13,32.0,232.43,805.12,991.78,186.65999999999997,186.65999999999997
557,9,768.0,1815.6,1666.18,1856.49,190.30999999999995,190.30999999999995
558,9,994.0,1742.62,1849.58,1926.92,77.34000000000015,77.34000000000015
559,1,1105.0,1432.3,1387.17,1443.83,56.659999999999854,56.659999999999854
560,12,178.0,507.59,907.19,1135.2,228.01,228.01
561,10,472.0,431.95,924.65,1121.2,196.55000000000007,196.55000000000007
562,5,716.0,1111.23,1492.08,1291.66,-200.41999999999985,200.41999999999985
563,3,771.0,725.67,1166.93,1024.55,-142.3800000000001,142.3800000000001
564,13,1054.0,1131.25,2162.03,1868.56,-293.47000000000025,293.47000000000025
565,10,872.0,2191.27,1776.62,1767.83,-8.789999999999964,8.789999999999964
566,12,1077.0,32.55,1387.43,1296.4,-91.02999999999997,91.02999999999997
567,12,211.0,749.56,1285.23,1266.15,-19.079999999999927,19.079999999999927
568,4,199.0,1310.01,1400.57,1110.52,-290.04999999999995,290.04999999999995
569,2,1029.0,1702.6,1577.55,1554.83,-22.720000000000027,22.720000000000027
570,10,643.0,2263.77,1685.92,1693.06,7.139999999999873,7.139999999999873
571,10,797.0,1706.73,1724.42,1808.4,83.98000000000002,83.98000000000002
572,12,657.0,322.5,1113.16,1253.87,140.7099999999998,140.7099999999998
573,8,177.0,486.06,751.58,914.11,162.52999999999997,162.52999999999997
574,2,222.0,456.24,437.4,603.85,166.45000000000005,166.45000000000005
575,3,555.0,2342.76,1458.63,1477.16,18.529999999999973,18.529999999999973
576,2,785.0,1964.63,1522.76,1495.88,-26.87999999999988,26.87999999999988
577,5,104.0,281.67,464.68,626.2,161.52000000000004,161.52000000000004
578,1,673.0,2026.16,1372.83,1440.08,67.25,67.25
579,10,877.0,1711.12,1897.37,1830.72,-66.64999999999986,66.64999999999986
580,1,250.0,1300.17,1145.33,866.54,-278.78999999999996,278.78999999999996
581,1,467.0,296.49,221.23,129.58,-91.64999999999998,91.64999999999998
582,10,1026.0,828.82,1865.67,1552.93,-312.74,312.74
583,11,1106.0,2250.54,2050.62,1873.74,-176.87999999999988,176.87999999999988
584,12,452.0,816.56,1243.1,1403.04,159.94000000000005,159.94000000000005
585,14,865.0,2497.16,1885.87,1912.95,27.080000000000155,27.080000000000155
586,8,107.0,2450.89,1468.19,1517.05,48.8599999999999,48.8599999999999
587,8,80.0,1092.18,1365.73,1164.16,-201.56999999999994,201.56999999999994
588,8,945.0,766.98,1625.53,1609.47,-16.059999999999945,16.059999999999945
589,13,1140.0,1607.8,2214.64,2058.87,-155.76999999999998,155.76999999999998
590,2,636.0,1438.19,1435.96,1256.82,-179.1400000000001,179.1400000000001
591,14,865.0,1422.11,1921.18,2050.56,129.37999999999988,129.37999999999988
592,12,482.0,1710.47,1746.74,1810.97,64.23000000000002,64.23000000000002
593,2,68.0,756.61,648.53,681.79,33.25999999999999,33.25999999999999
594,14,512.0,526.84,1306.64,1394.57,87.92999999999984,87.92999999999984
595,14,1001.0,1647.24,2080.0,2060.64,-19.360000000000127,19.360000000000127
596,1,547.0,573.6,616.27,542.31,-73.96000000000004,73.96000000000004
597,10,5.0,1338.9,1610.25,1628.97,18.720000000000027,18.720000000000027
598,3,1158.0,1107.4,1361.3,1376.5,15.200000000000045,15.200000000000045
599,1,993.0,1143.58,1328.85,1223.67,-105.17999999999984,105.17999999999984
600,6,378.0,837.63,1215.96,1065.66,-150.29999999999995,150.29999999999995
601,11,1156.0,2231.86,1988.56,1890.43,-98.12999999999988,98.12999999999988
602,5,1050.0,882.86,1430.04,1442.96,12.920000000000073,12.920000000000073
603,8,836.0,735.52,1606.63,1577.32,-29.310000000000173,29.310000000000173
604,11,654.0,1516.42,1870.43,1838.43,-32.0,32.0
605,8,633.0,1308.36,1639.12,1508.36,-130.76,130.76
606,12,713.0,1642.01,1873.19,1885.8,12.6099999999999,12.6099999999999
607,5,96.0,1105.47,1312.16,1019.8,-292.3600000000001,292.3600000000001
608,7,1054.0,576.47,1344.18,1496.88,152.70000000000005,152.70000000000005
609,12,495.0,1948.13,1831.92,1784.27,-47.65000000000009,47.65000000000009
610,1,1068.0,2011.28,1421.45,1325.59,-95.86000000000013,95.86000000000013
611,7,1000.0,1620.46,1971.23,1814.72,-156.51,156.51
612,13,855.0,1798.75,1951.77,1952.92,1.150000000000091,1.150000000000091
613,8,544.0,1279.51,1483.77,1455.83,-27.940000000000055,27.940000000000055
614,11,816.0,544.99,1077.12,702.55,-374.56999999999994,374.56999999999994
615,5,1080.0,2383.82,1664.76,1728.6,63.83999999999992,63.83999999999992
616,8,1124.0,1908.69,1833.27,2005.62,172.3499999999999,172.3499999999999
617,3,29.0,1632.85,1269.1,1139.78,-129.31999999999994,129.31999999999994
618,6,470.0,2235.72,1628.6,1569.45,-59.149999999999864,59.149999999999864
619,7,287.0,2293.5,1558.09,1542.6,-15.490000000000009,15.490000000000009
620,4,72.0,1367.29,1302.97,1083.01,-219.96000000000004,219.96000000000004
621,6,344.0,233.31,800.18,759.62,-40.559999999999945,40.559999999999945
622,8,801.0,1241.21,1780.65,1729.48,-51.17000000000007,51.17000000000007
623,5,629.0,484.34,1029.87,951.74,-78.12999999999988,78.12999999999988
624,11,327.0,961.08,1356.46,1365.88,9.420000000000073,9.420000000000073
625,14,94.0,105.94,1180.63,1010.29,-170.34000000000015,170.34000000000015
626,4,1113.0,2103.82,1695.08,1635.74,-59.33999999999992,59.33999999999992
627,14,267.0,2090.21,1968.4,1794.02,-174.3800000000001,174.3800000000001
628,1,979.0,1292.54,1313.53,1327.35,13.819999999999936,13.819999999999936
629,10,625.0,519.94,1229.41,1230.01,0.599999999999909,0.599999999999909
630,14,457.0,848.61,1492.64,1525.8,33.159999999999854,33.159999999999854
631,11,398.0,723.39,1154.77,1282.13,127.36000000000013,127.36000000000013
632,14,68.0,438.96,866.76,1159.52,292.76,292.76
633,3,769.0,2497.93,1587.8,1535.26,-52.539999999999964,52.539999999999964
634,13,694.0,1054.31,1815.02,1675.23,-139.78999999999996,139.78999999999996
635,12,1088.0,1977.91,1883.21,1950.06,66.84999999999991,66.84999999999991
636,9,101.0,950.23,1281.64,1157.42,-124.22000000000003,124.22000000000003
637,1,170.0,2452.85,1209.08,1459.15,250.07000000000016,250.07000000000016
638,12,1135.0,475.95,1447.39,1535.29,87.89999999999986,87.89999999999986
639,3,1109.0,2092.26,1436.66,1562.36,125.69999999999982,125.69999999999982
640,7,753.0,358.13,1084.79,1049.86,-34.930000000000064,34.930000000000064
641,2,521.0,467.19,667.85,738.89,71.03999999999996,71.03999999999996
642,12,1003.0,983.23,1996.18,1722.51,-273.6700000000001,273.6700000000001
643,3,269.0,708.05,799.12,798.19,-0.92999999999995,0.92999999999995
644,14,646.0,2418.19,1931.21,1860.43,-70.77999999999997,70.77999999999997
645,14,1153.0,346.58,1292.93,1585.88,292.95000000000005,292.95000000000005
646,4,18.0,289.06,380.88,539.87,158.99,158.99
647,13,1167.0,1074.36,2197.33,1890.18,-307.14999999999986,307.14999999999986
648,1,1113.0,1536.0,1403.6,1264.24,-139.3599999999999,139.3599999999999
649,6,930.0,1907.95,1788.75,1816.19,27.440000000000055,27.440000000000055
650,5,714.0,617.72,1164.2,1052.92,-111.27999999999997,111.27999999999997
651,7,256.0,2180.53,1548.87,1529.14,-19.72999999999979,19.72999999999979
652,9,1063.0,2497.79,1761.94,1984.52,222.57999999999993,222.57999999999993
653,11,512.0,2016.19,1710.53,1733.85,23.319999999999936,23.319999999999936
654,9,463.0,1024.53,1476.48,1350.35,-126.13000000000011,126.13000000000011
655,12,714.0,2003.23,1829.06,1839.85,10.789999999999964,10.789999999999964
656,9,1165.0,1868.79,1945.95,2028.79,82.83999999999992,82.83999999999992
657,1,872.0,2420.07,1456.34,1423.35,-32.99000000000001,32.99000000000001
658,10,631.0,1220.71,1730.86,1570.39,-160.4699999999998,160.4699999999998
659,9,633.0,888.17,1384.78,1358.4,-26.37999999999988,26.37999999999988
660,4,1065.0,119.34,781.82,912.46,130.64,130.64
661,12,947.0,193.05,1225.63,1317.34,91.70999999999981,91.70999999999981
662,4,159.0,568.58,647.0,735.79,88.78999999999996,88.78999999999996
663,1,292.0,449.83,363.02,425.96,62.94,62.94
664,1,1115.0,926.13,1192.88,1086.34,-106.54000000000019,106.54000000000019
665,7,1168.0,667.94,1639.55,1548.95,-90.59999999999991,90.59999999999991
666,4,348.0,2047.08,1507.04,1477.83,-29.210000000000036,29.210000000000036
667,8,77.0,1930.98,1485.69,1504.03,18.339999999999918,18.339999999999918
668,7,1033.0,1013.03,2119.83,2047.0,-72.82999999999993,72.82999999999993
669,4,672.0,1603.52,1612.43,1457.27,-155.16000000000008,155.16000000000008
670,4,1191.0,999.45,1478.93,1391.36,-87.57000000000016,87.57000000000016
671,8,392.0,661.27,978.13,1091.87,113.7399999999999,113.7399999999999
672,7,951.0,584.4,1253.76,1478.37,224.6099999999999,224.6099999999999
673,5,778.0,2423.47,1643.96,1672.47,28.50999999999999,28.50999999999999
674,11,958.0,1999.13,1900.18,1863.59,-36.590000000000146,36.590000000000146
675,3,186.0,1068.31,1152.04,935.81,-216.23000000000002,216.23000000000002
676,5,1116.0,2460.46,1711.97,1743.43,31.460000000000036,31.460000000000036
677,13,63.0,107.92,710.25,945.22,234.97000000000003,234.97000000000003
678,6,170.0,476.99,600.23,408.8,-191.43,191.43
679,3,870.0,413.23,795.8,916.92,121.12,121.12
680,12,852.0,1957.9,1944.89,1885.12,-59.77000000000021,59.77000000000021
681,6,420.0,386.77,929.16,866.57,-62.58999999999992,62.58999999999992
682,6,668.0,1922.45,1796.98,1655.38,-141.5999999999999,141.5999999999999
683,8,795.0,1645.99,644.69,888.12,243.42999999999995,243.42999999999995
684,4,420.0,927.74,1238.04,1022.18,-215.86,215.86
685,12,1074.0,2407.71,1843.97,1891.04,47.069999999999936,47.069999999999936
686,12,916.0,2394.85,1740.85,1847.5,106.65000000000009,106.65000000000009
687,4,1075.0,586.17,1023.65,1141.81,118.15999999999997,118.15999999999997
688,5,1143.0,1217.72,1745.09,1567.41,-177.67999999999984,177.67999999999984
689,2,719.0,591.44,755.3,884.71,129.41000000000008,129.41000000000008
690,4,197.0,1858.84,1416.33,1428.96,12.63000000000011,12.63000000000011
691,6,248.0,395.4,710.15,796.08,85.93000000000006,85.93000000000006
692,10,834.0,1820.8,1883.49,1804.38,-79.1099999999999,79.1099999999999
693,1,1112.0,2011.44,1423.85,1313.02,-110.82999999999993,110.82999999999993
694,12,1189.0,1453.16,2162.13,2046.11,-116.02000000000021,116.02000000000021
695,14,269.0,1349.61,1832.34,1889.38,57.04000000000019,57.04000000000019
696,7,671.0,1262.85,1600.42,1450.35,-150.07000000000016,150.07000000000016
697,9,52.0,350.58,601.81,847.13,245.32000000000005,245.32000000000005
698,14,976.0,1526.58,1995.87,2068.93,73.05999999999995,73.05999999999995
699,2,370.0,1554.5,1311.23,1197.44,-113.78999999999996,113.78999999999996
700,4,1180.0,1948.55,1565.16,1633.54,68.37999999999988,68.37999999999988
701,5,36.0,2022.94,1410.58,1484.76,74.18000000000006,74.18000000000006
702,5,691.0,1030.64,1465.26,1241.96,-223.29999999999995,223.29999999999995
703,8,52.0,2353.5,1485.05,1493.18,8.13000000000011,8.13000000000011
704,11,24.0,2029.04,1569.37,1592.64,23.27000000000021,23.27000000000021
705,8,221.0,936.98,1287.0,1150.55,-136.45000000000005,136.45000000000005
706,1,85.0,89.83,175.53,194.48,18.94999999999999,18.94999999999999
707,7,803.0,12.75,1146.78,1268.11,121.32999999999993,121.32999999999993
708,12,893.0,910.41,1862.13,1639.67,-222.46000000000004,222.46000000000004
709,14,113.0,1091.13,1703.02,1493.4,-209.6199999999999,209.6199999999999
710,5,516.0,1878.49,669.85,533.95,-135.89999999999998,135.89999999999998
711,14,904.0,2005.96,1970.01,1986.98,16.970000000000027,16.970000000000027
712,1,1058.0,1601.04,1465.9,1286.61,-179.2900000000002,179.2900000000002
713,14,555.0,313.73,1201.26,1310.52,109.25999999999999,109.25999999999999
714,7,738.0,730.28,1429.72,1222.73,-206.99,206.99
715,8,792.0,2437.24,1556.7,1814.34,257.6399999999999,257.6399999999999
716,5,831.0,432.8,901.36,1256.52,355.15999999999997,355.15999999999997
717,7,709.0,320.8,1116.62,1012.77,-103.84999999999991,103.84999999999991
718,9,1078.0,161.85,1260.96,1201.44,-59.51999999999998,59.51999999999998
719,2,616.0,968.93,1163.1,1021.96,-141.13999999999987,141.13999999999987
720,2,570.0,2297.12,1423.86,1402.57,-21.289999999999964,21.289999999999964
721,9,13.0,986.41,1271.52,1136.67,-134.8499999999999,134.8499999999999
722,7,381.0,2106.96,1705.27,1583.39,-121.87999999999988,121.87999999999988
723,9,460.0,2424.47,1624.68,1722.82,98.13999999999987,98.13999999999987
724,4,425.0,1286.54,1449.26,1197.29,-251.97000000000003,251.97000000000003
725,11,437.0,1053.24,1630.47,1458.04,-172.43000000000006,172.43000000000006
726,9,1000.0,1901.79,1778.65,1957.18,178.52999999999997,178.52999999999997
727,1,553.0,1687.11,1295.34,1131.44,-163.89999999999986,163.89999999999986
728,10,5.0,1094.06,1361.08,1237.66,-123.41999999999985,123.41999999999985
729,12,931.0,864.21,1663.58,1633.89,-29.689999999999827,29.689999999999827
730,6,436.0,914.53,1389.11,1127.9,-261.2099999999998,261.2099999999998
731,3,1074.0,247.32,636.02,925.48,289.46000000000004,289.46000000000004
732,9,896.0,1398.54,1727.1,1718.54,-8.559999999999945,8.559999999999945
733,1,462.0,2047.57,1202.9,1303.57,100.66999999999985,100.66999999999985
734,3,665.0,2418.16,1490.96,1506.59,15.629999999999882,15.629999999999882
735,11,532.0,2419.86,1653.69,1687.9,34.210000000000036,34.210000000000036
736,9,483.0,52.64,949.04,890.57,-58.469999999999914,58.469999999999914
737,12,296.0,326.83,981.72,1099.29,117.56999999999994,117.56999999999994
738,9,131.0,1990.0,1557.2,1580.03,22.829999999999927,22.829999999999927
739,6,836.0,2035.17,1718.79,1837.09,118.29999999999995,118.29999999999995
740,10,532.0,1223.36,1631.49,1528.7,-102.78999999999996,102.78999999999996
741,14,595.0,2140.61,1989.13,1881.37,-107.76000000000022,107.76000000000022
742,7,623.0,1894.02,1739.49,1688.42,-51.069999999999936,51.069999999999936
743,5,1077.0,2234.35,1665.23,1713.06,47.82999999999993,47.82999999999993
744,5,579.0,1018.52,1468.01,1187.51,-280.5,280.5
745,8,255.0,1817.19,1510.91,1581.28,70.36999999999989,70.36999999999989
746,8,1009.0,1378.07,1903.76,1815.02,-88.74000000000001,88.74000000000001
747,10,87.0,498.96,781.97,986.41,204.43999999999994,204.43999999999994
748,1,809.0,1734.56,1447.25,1371.44,-75.80999999999995,75.80999999999995
749,9,1079.0,1981.94,1763.16,1991.47,228.30999999999995,228.30999999999995
750,8,1134.0,1049.84,2073.13,2047.0,-26.13000000000011,26.13000000000011
751,8,403.0,654.97,895.14,1093.61,198.4699999999999,198.4699999999999
752,8,534.0,429.88,916.02,1041.97,125.95000000000005,125.95000000000005
753,13,564.0,2245.56,1745.09,1812.5,67.41000000000008,67.41000000000008
754,2,752.0,958.29,1144.41,1075.85,-68.56000000000017,68.56000000000017
755,11,293.0,1410.0,1673.7,1748.81,75.1099999999999,75.1099999999999
756,5,919.0,470.23,1119.17,1286.26,167.08999999999992,167.08999999999992
757,5,103.0,333.22,573.58,650.61,77.02999999999997,77.02999999999997
758,1,893.0,19.76,570.71,413.08,-157.63000000000005,157.63000000000005
759,12,37.0,52.65,789.01,854.73,65.72000000000003,65.72000000000003
760,8,1142.0,776.74,1827.44,1652.73,-174.71000000000004,174.71000000000004
761,5,332.0,218.03,801.73,694.48,-107.25,107.25
762,7,950.0,1739.62,2032.23,1842.06,-190.17000000000007,190.17000000000007
763,9,223.0,1916.03,1623.73,1619.96,-3.769999999999982,3.769999999999982
764,6,522.0,1210.87,1577.01,1308.06,-268.95000000000005,268.95000000000005
765,12,46.0,2077.07,1666.29,1639.35,-26.940000000000055,26.940000000000055
766,2,252.0,1545.94,1300.19,1142.1,-158.09000000000015,158.09000000000015
767,14,999.0,619.42,1510.57,1650.56,139.99,139.99
768,13,125.0,2004.61,1721.56,1717.79,-3.769999999999982,3.769999999999982
769,9,597.0,625.99,990.84,620.37,-370.47,370.47
770,3,289.0,853.79,969.85,877.11,-92.74000000000001,92.74000000000001
771,7,953.0,1918.24,1833.56,1898.94,65.38000000000011,65.38000000000011
772,4,275.0,2359.64,1483.58,1494.56,10.980000000000018,10.980000000000018
773,5,755.0,1584.41,1729.08,1536.66,-192.41999999999985,192.41999999999985
774,9,803.0,880.17,1589.75,1428.32,-161.43000000000006,161.43000000000006
775,11,293.0,285.14,966.87,1025.32,58.44999999999993,58.44999999999993
776,6,164.0,1460.21,1535.3,1272.87,-262.43000000000006,262.43000000000006
777,12,675.0,2277.93,1807.33,1793.53,-13.799999999999955,13.799999999999955
778,11,859.0,146.71,1267.98,1204.24,-63.74000000000001,63.74000000000001
779,2,296.0,1878.7,1354.0,1283.65,-70.34999999999991,70.34999999999991
780,7,300.0,2417.85,1634.04,1548.24,-85.79999999999995,85.79999999999995
781,2,1155.0,1517.18,1543.17,1520.14,-23.029999999999973,23.029999999999973
782,5,765.0,480.48,1038.42,1008.9,-29.520000000000095,29.520000000000095
783,9,1097.0,2330.2,1728.07,1999.28,271.21000000000004,271.21000000000004
784,4,422.0,2049.71,1491.9,1492.82,0.9199999999998454,0.9199999999998454
785,14,1020.0,510.33,1406.95,1607.09,200.13999999999987,200.13999999999987
786,4,205.0,545.57,682.22,744.66,62.43999999999994,62.43999999999994
787,12,1046.0,1850.85,1875.72,1954.31,78.58999999999992,78.58999999999992
788,4,1001.0,739.08,1116.31,1183.4,67.09000000000015,67.09000000000015
789,9,938.0,742.17,1632.1,1420.4,-211.69999999999982,211.69999999999982
790,5,351.0,407.74,883.11,794.16,-88.95000000000005,88.95000000000005
791,9,748.0,653.42,1249.66,1295.16,45.5,45.5
792,13,1186.0,2462.26,1906.35,1962.66,56.31000000000017,56.31000000000017
793,6,384.0,1656.04,1682.33,1462.74,-219.58999999999992,219.58999999999992
794,10,150.0,418.41,844.9,974.92,130.01999999999998,130.01999999999998
795,10,783.0,158.93,993.55,1124.58,131.02999999999997,131.02999999999997
796,6,372.0,2494.69,1742.34,1526.92,-215.41999999999985,215.41999999999985
797,10,958.0,1643.76,1827.18,1862.51,35.32999999999993,35.32999999999993
798,8,34.0,1225.2,1438.52,1208.31,-230.21000000000004,230.21000000000004
799,7,151.0,2461.93,1516.58,1483.57,-33.00999999999999,33.00999999999999
800,7,150.0,1379.35,1500.09,1280.39,-219.69999999999982,219.69999999999982
801,6,751.0,2085.98,1757.81,1691.4,-66.40999999999985,66.40999999999985
802,7,568.0,159.12,738.92,873.65,134.73000000000002,134.73000000000002
803,12,574.0,2240.9,1785.72,1769.39,-16.329999999999927,16.329999999999927
804,13,36.0,808.38,1190.16,1271.12,80.95999999999981,80.95999999999981
805,14,595.0,1818.77,1889.9,1922.57,32.669999999999845,32.669999999999845
806,7,381.0,2342.27,1705.24,1583.39,-121.84999999999991,121.84999999999991
807,14,174.0,815.3,1295.14,1386.92,91.77999999999997,91.77999999999997
808,11,226.0,2013.45,1590.82,1652.4,61.580000000000155,61.580000000000155
809,13,137.0,1505.66,1777.72,1785.09,7.369999999999891,7.369999999999891
810,13,774.0,206.45,1110.0,1301.28,191.27999999999997,191.27999999999997
811,5,1120.0,1514.91,1658.97,1656.34,-2.630000000000109,2.630000000000109
812,4,862.0,2335.55,1698.94,1608.96,-89.98000000000002,89.98000000000002
813,8,829.0,1147.89,2004.34,1705.79,-298.54999999999995,298.54999999999995
814,4,380.0,446.66,764.24,772.94,8.700000000000045,8.700000000000045
815,9,238.0,1197.83,1560.78,1336.23,-224.54999999999995,224.54999999999995
816,13,1199.0,493.0,1634.13,1623.85,-10.2800000000002,10.2800000000002
817,12,710.0,1249.41,1921.09,1723.65,-197.43999999999983,197.43999999999983
818,14,719.0,1973.14,1980.99,1938.27,-42.72000000000003,42.72000000000003
819,1,482.0,1697.08,1198.24,1122.51,-75.73000000000002,75.73000000000002
820,9,444.0,725.31,1062.52,1197.88,135.36000000000013,135.36000000000013
821,11,610.0,1990.79,1753.56,1765.13,11.570000000000164,11.570000000000164
822,4,238.0,1707.28,1483.48,1421.96,-61.51999999999998,61.51999999999998
823,2,299.0,1612.7,1282.8,1194.68,-88.11999999999989,88.11999999999989
824,10,273.0,799.9,1155.05,1212.18,57.13000000000011,57.13000000000011
825,3,154.0,274.04,406.91,539.08,132.17000000000002,132.17000000000002
826,7,636.0,697.02,1276.06,1162.43,-113.62999999999988,113.62999999999988
827,2,1038.0,685.07,962.14,1068.29,106.14999999999998,106.14999999999998
828,2,798.0,2334.41,1485.4,1501.52,16.11999999999989,16.11999999999989
829,12,601.0,2166.56,1918.46,1786.63,-131.82999999999993,131.82999999999993
830,6,290.0,814.04,1077.35,1016.1,-61.249999999999886,61.249999999999886
831,8,16.0,259.02,543.56,734.8,191.24,191.24
832,8,303.0,1072.44,1453.25,1251.43,-201.81999999999994,201.81999999999994
833,11,372.0,2048.26,1632.61,1689.7,57.090000000000146,57.090000000000146
834,3,864.0,2338.52,1513.04,1538.23,25.190000000000055,25.190000000000055
835,11,913.0,2253.41,1758.56,1818.17,59.61000000000013,59.61000000000013
836,14,805.0,834.06,1683.49,1669.82,-13.670000000000073,13.670000000000073
837,5,905.0,2317.31,1691.38,1687.13,-4.25,4.25
838,10,728.0,226.53,1060.47,1133.29,72.81999999999994,72.81999999999994
839,4,842.0,893.25,1324.64,1188.7,-135.94000000000005,135.94000000000005
840,5,117.0,953.06,1116.8,955.45,-161.3499999999999,161.3499999999999
841,12,307.0,957.17,1432.75,1407.88,-24.86999999999989,24.86999999999989
842,9,51.0,314.81,704.94,829.45,124.50999999999999,124.50999999999999
843,7,1071.0,841.11,1699.9,1583.71,-116.19000000000005,116.19000000000005
844,13,922.0,1510.22,1967.87,2009.01,41.1400000000001,41.1400000000001
845,8,867.0,2373.39,1747.22,2099.58,352.3599999999999,352.3599999999999
846,11,1013.0,1483.3,1952.8,1945.35,-7.4500000000000455,7.4500000000000455
847,6,1148.0,1525.81,1776.48,1740.29,-36.190000000000055,36.190000000000055
848,12,158.0,2195.67,1625.46,1656.2,30.74000000000001,30.74000000000001
849,5,1010.0,2054.21,1810.37,1681.71,-128.65999999999985,128.65999999999985
850,1,682.0,1517.04,1376.04,1385.58,9.539999999999964,9.539999999999964
851,5,14.0,78.33,406.7,489.13,82.43,82.43
852,6,1203.0,1900.48,1972.88,1869.53,-103.35000000000014,103.35000000000014
853,4,810.0,1852.31,1575.87,1550.29,-25.579999999999927,25.579999999999927
854,3,760.0,2073.25,1522.45,1491.01,-31.440000000000055,31.440000000000055
855,7,868.0,625.09,1403.48,1474.26,70.77999999999997,70.77999999999997
856,7,205.0,103.31,683.1,689.21,6.110000000000014,6.110000000000014
857,5,387.0,1882.35,1588.8,1540.55,-48.25,48.25
858,11,447.0,130.07,852.02,1017.41,165.39,165.39
859,9,482.0,1348.44,1633.26,1514.72,-118.53999999999996,118.53999999999996
860,7,15.0,2436.67,1459.63,1424.55,-35.080000000000155,35.080000000000155
861,10,955.0,1182.33,1950.3,1692.5,-257.79999999999995,257.79999999999995
862,5,41.0,2314.68,1500.28,1514.93,14.650000000000091,14.650000000000091
863,2,1189.0,1164.74,1666.52,1365.02,-301.5,301.5
864,2,762.0,519.74,752.69,868.81,116.11999999999989,116.11999999999989
865,10,895.0,937.46,1714.8,1548.44,-166.3599999999999,166.3599999999999
866,13,858.0,2258.01,1889.71,1894.99,5.279999999999973,5.279999999999973
867,11,650.0,524.8,1179.09,1295.77,116.68000000000006,116.68000000000006
868,4,198.0,2106.63,1450.67,1453.93,3.259999999999991,3.259999999999991
869,1,791.0,1927.75,1419.88,1396.29,-23.590000000000146,23.590000000000146
870,14,1020.0,1201.75,2337.73,1940.35,-397.3800000000001,397.3800000000001
871,12,59.0,2247.39,1629.92,1621.27,-8.650000000000091,8.650000000000091
872,8,626.0,545.84,1142.89,1137.79,-5.100000000000136,5.100000000000136
873,5,57.0,559.05,639.73,739.5,99.76999999999998,99.76999999999998
874,5,908.0,716.7,1375.88,1361.65,-14.230000000000018,14.230000000000018
875,13,8.0,78.44,713.71,907.14,193.42999999999995,193.42999999999995
876,11,684.0,672.51,1487.93,1381.73,-106.20000000000005,106.20000000000005
877,4,180.0,2365.46,1443.02,1476.24,33.22000000000003,33.22000000000003
878,13,511.0,1628.33,1915.79,1876.35,-39.440000000000055,39.440000000000055
879,4,231.0,20.39,499.26,502.81,3.5500000000000114,3.5500000000000114
880,9,1139.0,1973.31,1759.33,2017.51,258.18000000000006,258.18000000000006
881,9,578.0,1167.71,1587.21,1469.27,-117.94000000000005,117.94000000000005
882,14,530.0,2028.06,2079.14,1877.19,-201.94999999999982,201.94999999999982
883,7,316.0,141.89,837.8,755.97,-81.82999999999993,81.82999999999993
884,2,897.0,2382.39,1437.95,1544.49,106.53999999999996,106.53999999999996
885,12,121.0,608.92,1033.44,1159.3,125.8599999999999,125.8599999999999
886,4,764.0,1417.94,1682.1,1407.75,-274.3499999999999,274.3499999999999
887,11,663.0,2141.08,1715.29,1761.05,45.75999999999999,45.75999999999999
888,3,91.0,1640.15,1338.3,1170.21,-168.08999999999992,168.08999999999992
889,1,1035.0,1289.84,1317.33,1333.17,15.840000000000146,15.840000000000146
890,7,125.0,193.62,616.24,698.01,81.76999999999998,81.76999999999998
891,12,437.0,639.96,1183.74,1311.41,127.67000000000007,127.67000000000007
892,4,84.0,2243.12,1392.1,1042.54,-349.55999999999995,349.55999999999995
893,5,716.0,1316.6,1686.98,1390.65,-296.3299999999999,296.3299999999999
894,12,18.0,2461.37,1556.78,1582.15,25.37000000000012,25.37000000000012
895,3,560.0,1664.15,1419.48,1385.32,-34.16000000000008,34.16000000000008
896,3,504.0,63.39,568.17,589.45,21.280000000000086,21.280000000000086
897,5,1126.0,664.9,1336.74,1389.81,53.069999999999936,53.069999999999936
898,1,1092.0,390.55,589.11,703.44,114.33000000000004,114.33000000000004
899,11,273.0,502.37,862.61,1121.34,258.7299999999999,258.7299999999999
900,4,6.0,458.7,459.21,616.43,157.21999999999997,157.21999999999997
901,1,620.0,490.45,678.74,709.13,30.389999999999986,30.389999999999986
902,5,659.0,2083.15,1645.06,1614.76,-30.299999999999955,30.299999999999955
903,12,353.0,2150.17,1765.67,1717.8,-47.87000000000012,47.87000000000012
904,13,618.0,1982.27,2000.39,1861.65,-138.74,138.74
905,2,1158.0,2355.92,1528.91,1657.76,128.8499999999999,128.8499999999999
906,3,512.0,1251.6,1360.76,1165.64,-195.1199999999999,195.1199999999999
907,5,840.0,941.55,1676.48,1418.61,-257.8700000000001,257.8700000000001
908,7,1086.0,2319.81,1858.36,2052.56,194.20000000000005,194.20000000000005
909,13,1152.0,864.45,1797.14,1782.49,-14.650000000000091,14.650000000000091
910,4,840.0,1375.42,1580.95,1420.24,-160.71000000000004,160.71000000000004
911,4,724.0,89.99,667.98,382.66,-285.32,285.32
912,3,327.0,2141.92,1438.41,1411.71,-26.700000000000045,26.700000000000045
913,13,1055.0,2005.84,1997.52,1983.61,-13.910000000000082,13.910000000000082
914,1,931.0,327.97,609.73,636.85,27.120000000000005,27.120000000000005
915,10,108.0,2181.67,1632.42,1550.55,-81.87000000000012,81.87000000000012
916,13,1204.0,24.47,1344.17,1400.19,56.01999999999998,56.01999999999998
917,5,517.0,919.25,1288.31,1112.76,-175.54999999999995,175.54999999999995
918,8,897.0,1536.36,1944.62,1842.03,-102.58999999999992,102.58999999999992
919,12,988.0,2492.79,1753.84,1855.55,101.71000000000004,101.71000000000004
920,1,1041.0,1630.25,1466.95,1294.45,-172.5,172.5
921,10,454.0,2359.42,1619.0,1626.76,7.759999999999991,7.759999999999991
922,5,406.0,1084.16,1399.39,1144.07,-255.32000000000016,255.32000000000016
923,4,103.0,1790.07,1394.55,1403.37,8.819999999999936,8.819999999999936
924,11,198.0,269.95,695.66,976.77,281.11,281.11
925,4,477.0,18.97,631.5,608.89,-22.610000000000014,22.610000000000014
926,11,67.0,2455.53,1572.91,1550.34,-22.570000000000164,22.570000000000164
927,7,789.0,185.73,966.26,982.39,16.129999999999995,16.129999999999995
928,13,70.0,993.7,1492.02,1375.2,-116.81999999999994,116.81999999999994
929,12,59.0,858.62,1377.35,1252.75,-124.59999999999991,124.59999999999991
930,3,1027.0,180.0,804.96,872.64,67.67999999999995,67.67999999999995
931,3,275.0,543.74,572.73,721.59,148.86,148.86
932,12,180.0,384.42,873.97,1076.7,202.73000000000002,202.73000000000002
933,3,334.0,2449.89,1472.53,1443.89,-28.639999999999873,28.639999999999873
934,7,759.0,1694.02,1960.92,1696.36,-264.5600000000002,264.5600000000002
935,10,174.0,1991.96,1542.4,1593.71,51.309999999999945,51.309999999999945
936,1,780.0,366.37,516.69,643.24,126.54999999999995,126.54999999999995
937,9,934.0,415.5,1208.82,1261.21,52.3900000000001,52.3900000000001
938,8,936.0,556.28,1277.26,1541.26,264.0,264.0
939,1,1002.0,2320.13,1475.4,1375.97,-99.43000000000006,99.43000000000006
940,7,83.0,137.84,482.65,652.9,170.25,170.25
941,9,191.0,789.52,1058.5,1119.02,60.51999999999998,60.51999999999998
942,3,280.0,1090.37,1256.92,987.24,-269.68000000000006,269.68000000000006
943,5,644.0,2383.17,1785.53,1641.77,-143.76,143.76
944,10,498.0,992.86,1395.03,1402.84,7.809999999999945,7.809999999999945
945,4,317.0,1793.28,1518.93,1446.28,-72.65000000000009,72.65000000000009
946,4,1100.0,370.61,860.32,1048.76,188.43999999999994,188.43999999999994
947,4,263.0,2469.06,1503.98,1503.11,-0.8700000000001182,0.8700000000001182
948,4,932.0,1287.34,1513.28,1417.72,-95.55999999999995,95.55999999999995
949,14,343.0,2013.4,1839.05,1825.58,-13.470000000000027,13.470000000000027
950,2,274.0,888.24,917.79,834.64,-83.14999999999998,83.14999999999998
951,1,759.0,330.29,500.92,614.76,113.83999999999997,113.83999999999997
952,8,204.0,2178.45,1506.38,1559.15,52.76999999999998,52.76999999999998
953,10,396.0,2068.65,1556.68,1647.39,90.71000000000004,90.71000000000004
954,6,840.0,870.82,1496.46,1471.14,-25.319999999999936,25.319999999999936
955,7,756.0,1473.59,1961.96,1588.81,-373.1500000000001,373.1500000000001
956,4,1048.0,279.75,780.15,982.4,202.25,202.25
957,9,800.0,39.96,1158.68,1022.04,-136.6400000000001,136.6400000000001
958,3,240.0,1895.67,1386.33,1369.77,-16.559999999999945,16.559999999999945
959,13,997.0,920.48,2124.16,1742.23,-381.92999999999984,381.92999999999984
960,2,826.0,2163.39,1523.26,1513.67,-9.589999999999918,9.589999999999918
961,6,194.0,914.25,1168.72,1022.73,-145.99,145.99
962,4,333.0,1934.76,1467.52,1463.61,-3.910000000000082,3.910000000000082
963,8,1053.0,1864.01,1794.57,1977.07,182.5,182.5
964,12,466.0,1291.33,1770.37,1637.96,-132.40999999999985,132.40999999999985
965,8,916.0,2417.62,1755.05,2123.5,368.45000000000005,368.45000000000005
966,11,322.0,1251.3,1732.46,1503.59,-228.87000000000012,228.87000000000012
967,13,11.0,1114.96,1555.48,1408.04,-147.44000000000005,147.44000000000005
968,7,250.0,364.79,718.71,834.77,116.05999999999995,116.05999999999995
969,5,247.0,296.51,594.93,695.42,100.49000000000001,100.49000000000001
970,14,1158.0,2104.61,1899.69,2047.0,147.30999999999995,147.30999999999995
971,11,1095.0,1071.83,2159.33,1752.57,-406.76,406.76
972,11,1149.0,270.81,1284.51,1389.92,105.41000000000008,105.41000000000008
973,9,14.0,1057.38,1372.31,1171.31,-201.0,201.0
974,4,184.0,983.77,1202.69,946.76,-255.93000000000006,255.93000000000006
975,6,135.0,2488.22,1561.2,1424.06,-137.1400000000001,137.1400000000001
976,5,717.0,1508.97,1722.49,1483.8,-238.69000000000005,238.69000000000005
977,1,389.0,1964.96,1228.94,1245.35,16.409999999999854,16.409999999999854
978,3,1136.0,1296.54,1536.6,1458.12,-78.48000000000002,78.48000000000002
979,13,145.0,2202.42,1716.13,1698.19,-17.940000000000055,17.940000000000055
980,1,1122.0,861.5,1081.05,1041.48,-39.569999999999936,39.569999999999936
981,14,383.0,97.95,1203.93,1131.86,-72.07000000000016,72.07000000000016
982,1,309.0,1211.37,1110.55,831.45,-279.0999999999999,279.0999999999999
983,14,1090.0,2248.68,1905.5,2009.11,103.6099999999999,103.6099999999999
984,3,278.0,994.9,1167.78,940.35,-227.42999999999995,227.42999999999995
985,7,1109.0,2397.29,1917.57,2081.66,164.08999999999992,164.08999999999992
986,12,643.0,2194.16,1758.03,1795.11,37.07999999999993,37.07999999999993
987,11,176.0,1050.67,1444.13,1343.53,-100.60000000000014,100.60000000000014
988,7,309.0,1021.75,1309.85,1177.03,-132.81999999999994,132.81999999999994
989,3,992.0,1897.41,1539.0,1519.59,-19.410000000000082,19.410000000000082
990,3,175.0,440.19,431.17,628.28,197.10999999999996,197.10999999999996
991,5,895.0,2329.69,1791.96,1686.37,-105.59000000000015,105.59000000000015
992,8,372.0,348.37,950.24,932.37,-17.870000000000005,17.870000000000005
993,5,567.0,193.11,718.3,784.46,66.16000000000008,66.16000000000008
994,8,978.0,710.43,1624.58,1598.39,-26.189999999999827,26.189999999999827
995,1,1082.0,1809.49,446.94,443.64,-3.3000000000000114,3.3000000000000114
996,11,636.0,2238.97,1699.94,1740.8,40.8599999999999,40.8599999999999
997,6,370.0,315.09,946.39,810.32,-136.06999999999994,136.06999999999994
998,8,413.0,222.83,802.95,889.66,86.70999999999992,86.70999999999992
999,3,399.0,141.39,546.04,581.48,35.440000000000055,35.440000000000055
